Player Name - Slate Type,Contest IDs,Player ID,Draftable ID,Player Name,First Name,Last Name,Salary,Position,Team,Game,Game Start Time,Player Image,Tournament,Slate Type,Game Type,Date,Role,Contest Names,Contest IDs (Full),Slate Header
Goose Crowder - Showdown Captain Mode,196406622;196406628;196406619;196406624;196406623;196406620;196406621;196406625;196406912;196406906;196406915;196406911;196406913;196406909;196406905;196406907;196406627;196406626;196406936;196406935,44380447,44380447,Goose Crowder,Goose,Crowder,16500,CPT,TROY,USM @ TROY,10/06/2026 08:00 PM,,USM @ TROY,Showdown Captain Mode,CFB,10/6,Showdown Captain Mode 10/6 8:00PM (USM @ TROY),"CFB Showdown $25K Tuesday Kickoff [$5K to 1st] (USM @ TROY);CFB Showdown $1.5K Coffin Corner [Single Entry] (USM @ TROY);CFB Showdown $2.6K Spread Option [2 Entry Max] (USM @ TROY);CFB Showdown $2.5K First Down (USM @ TROY);CFB Showdown $500 Snap (USM @ TROY);CFB Showdown $750 Blitz [2 Entry Max] (USM @ TROY);CFB Showdown $510 Tailgate [Single Entry] (USM @ TROY);CFB Showdown $500 Quarter Jukebox [Just $0.25!] (USM @ TROY);CFB Showdown Satellite to NFL $4,444 Fantasy Football MEGA Millionaire [Must Fill] (USM @ TROY);CFB Showdown $530 Winner Take All [Must Fill] (USM @ TROY)",196406622;196406628;196406619;196406624;196406623;196406620;196406621;196406625;196406912;196406906;196406915;196406911;196406913;196406909;196406905;196406907;196406627;196406626;196406936;196406935,Showdown Captain Mode 10/6 8:00PM (USM @ TROY)
Landry Lyddy - Showdown Captain Mode,196406622;196406628;196406619;196406624;196406623;196406620;196406621;196406625;196406912;196406906;196406915;196406911;196406913;196406909;196406905;196406907;196406627;196406626;196406936;196406935,44380448,44380448,Landry Lyddy,Landry,Lyddy,15600,CPT,USM,USM @ TROY,10/06/2026 08:00 PM,,USM @ TROY,Showdown Captain Mode,CFB,10/6,Showdown Captain Mode 10/6 8:00PM (USM @ TROY),"CFB Showdown $25K Tuesday Kickoff [$5K to 1st] (USM @ TROY);CFB Showdown $1.5K Coffin Corner [Single Entry] (USM @ TROY);CFB Showdown $2.6K Spread Option [2 Entry Max] (USM @ TROY);CFB Showdown $2.5K First Down (USM @ TROY);CFB Showdown $500 Snap (USM @ TROY);CFB Showdown $750 Blitz [2 Entry Max] (USM @ TROY);CFB Showdown $510 Tailgate [Single Entry] (USM @ TROY);CFB Showdown $500 Quarter Jukebox [Just $0.25!] (USM @ TROY);CFB Showdown Satellite to NFL $4,444 Fantasy Football MEGA Millionaire [Must Fill] (USM @ TROY);CFB Showdown $530 Winner Take All [Must Fill] (USM @ TROY)",196406622;196406628;196406619;196406624;196406623;196406620;196406621;196406625;196406912;196406906;196406915;196406911;196406913;196406909;196406905;196406907;196406627;196406626;196406936;196406935,Showdown Captain Mode 10/6 8:00PM (USM @ TROY)
Tucker Kilcrease - Showdown Captain Mode,196406622;196406628;196406619;196406624;196406623;196406620;196406621;196406625;196406912;196406906;196406915;196406911;196406913;196406909;196406905;196406907;196406627;196406626;196406936;196406935,44380449,44380449,Tucker Kilcrease,Tucker,Kilcrease,14400,CPT,TROY,USM @ TROY,10/06/2026 08:00 PM,,USM @ TROY,Showdown Captain Mode,CFB,10/6,Showdown Captain Mode 10/6 8:00PM (USM @ TROY),"CFB Showdown $25K Tuesday Kickoff [$5K to 1st] (USM @ TROY);CFB Showdown $1.5K Coffin Corner [Single Entry] (USM @ TROY);CFB Showdown $2.6K Spread Option [2 Entry Max] (USM @ TROY);CFB Showdown $2.5K First Down (USM @ TROY);CFB Showdown $500 Snap (USM @ TROY);CFB Showdown $750 Blitz [2 Entry Max] (USM @ TROY);CFB Showdown $510 Tailgate [Single Entry] (USM @ TROY);CFB Showdown $500 Quarter Jukebox [Just $0.25!] (USM @ TROY);CFB Showdown Satellite to NFL $4,444 Fantasy Football MEGA Millionaire [Must Fill] (USM @ TROY);CFB Showdown $530 Winner Take All [Must Fill] (USM @ TROY)",196406622;196406628;196406619;196406624;196406623;196406620;196406621;196406625;196406912;196406906;196406915;196406911;196406913;196406909;196406905;196406907;196406627;196406626;196406936;196406935,Showdown Captain Mode 10/6 8:00PM (USM @ TROY)
Ethan Hampton - Showdown Captain Mode,196406622;196406628;196406619;196406624;196406623;196406620;196406621;196406625;196406912;196406906;196406915;196406911;196406913;196406909;196406905;196406907;196406627;196406626;196406936;196406935,44380450,44380450,Ethan Hampton,Ethan,Hampton,13800,CPT,USM,USM @ TROY,10/06/2026 08:00 PM,,USM @ TROY,Showdown Captain Mode,CFB,10/6,Showdown Captain Mode 10/6 8:00PM (USM @ TROY),"CFB Showdown $25K Tuesday Kickoff [$5K to 1st] (USM @ TROY);CFB Showdown $1.5K Coffin Corner [Single Entry] (USM @ TROY);CFB Showdown $2.6K Spread Option [2 Entry Max] (USM @ TROY);CFB Showdown $2.5K First Down (USM @ TROY);CFB Showdown $500 Snap (USM @ TROY);CFB Showdown $750 Blitz [2 Entry Max] (USM @ TROY);CFB Showdown $510 Tailgate [Single Entry] (USM @ TROY);CFB Showdown $500 Quarter Jukebox [Just $0.25!] (USM @ TROY);CFB Showdown Satellite to NFL $4,444 Fantasy Football MEGA Millionaire [Must Fill] (USM @ TROY);CFB Showdown $530 Winner Take All [Must Fill] (USM @ TROY)",196406622;196406628;196406619;196406624;196406623;196406620;196406621;196406625;196406912;196406906;196406915;196406911;196406913;196406909;196406905;196406907;196406627;196406626;196406936;196406935,Showdown Captain Mode 10/6 8:00PM (USM @ TROY)
Mario Sanders - Showdown Captain Mode,196406622;196406628;196406619;196406624;196406623;196406620;196406621;196406625;196406912;196406906;196406915;196406911;196406913;196406909;196406905;196406907;196406627;196406626;196406936;196406935,44380451,44380451,Mario Sanders,Mario,Sanders,12900,CPT,USM,USM @ TROY,10/06/2026 08:00 PM,,USM @ TROY,Showdown Captain Mode,CFB,10/6,Showdown Captain Mode 10/6 8:00PM (USM @ TROY),"CFB Showdown $25K Tuesday Kickoff [$5K to 1st] (USM @ TROY);CFB Showdown $1.5K Coffin Corner [Single Entry] (USM @ TROY);CFB Showdown $2.6K Spread Option [2 Entry Max] (USM @ TROY);CFB Showdown $2.5K First Down (USM @ TROY);CFB Showdown $500 Snap (USM @ TROY);CFB Showdown $750 Blitz [2 Entry Max] (USM @ TROY);CFB Showdown $510 Tailgate [Single Entry] (USM @ TROY);CFB Showdown $500 Quarter Jukebox [Just $0.25!] (USM @ TROY);CFB Showdown Satellite to NFL $4,444 Fantasy Football MEGA Millionaire [Must Fill] (USM @ TROY);CFB Showdown $530 Winner Take All [Must Fill] (USM @ TROY)",196406622;196406628;196406619;196406624;196406623;196406620;196406621;196406625;196406912;196406906;196406915;196406911;196406913;196406909;196406905;196406907;196406627;196406626;196406936;196406935,Showdown Captain Mode 10/6 8:00PM (USM @ TROY)
Steven Robinson - Showdown Captain Mode,196406622;196406628;196406619;196406624;196406623;196406620;196406621;196406625;196406912;196406906;196406915;196406911;196406913;196406909;196406905;196406907;196406627;196406626;196406936;196406935,44380452,44380452,Steven Robinson,Steven,Robinson,12600,CPT,USM,USM @ TROY,10/06/2026 08:00 PM,,USM @ TROY,Showdown Captain Mode,CFB,10/6,Showdown Captain Mode 10/6 8:00PM (USM @ TROY),"CFB Showdown $25K Tuesday Kickoff [$5K to 1st] (USM @ TROY);CFB Showdown $1.5K Coffin Corner [Single Entry] (USM @ TROY);CFB Showdown $2.6K Spread Option [2 Entry Max] (USM @ TROY);CFB Showdown $2.5K First Down (USM @ TROY);CFB Showdown $500 Snap (USM @ TROY);CFB Showdown $750 Blitz [2 Entry Max] (USM @ TROY);CFB Showdown $510 Tailgate [Single Entry] (USM @ TROY);CFB Showdown $500 Quarter Jukebox [Just $0.25!] (USM @ TROY);CFB Showdown Satellite to NFL $4,444 Fantasy Football MEGA Millionaire [Must Fill] (USM @ TROY);CFB Showdown $530 Winner Take All [Must Fill] (USM @ TROY)",196406622;196406628;196406619;196406624;196406623;196406620;196406621;196406625;196406912;196406906;196406915;196406911;196406913;196406909;196406905;196406907;196406627;196406626;196406936;196406935,Showdown Captain Mode 10/6 8:00PM (USM @ TROY)
Howard Kinchen - Showdown Captain Mode,196406622;196406628;196406619;196406624;196406623;196406620;196406621;196406625;196406912;196406906;196406915;196406911;196406913;196406909;196406905;196406907;196406627;196406626;196406936;196406935,44380453,44380453,Howard Kinchen,Howard,Kinchen,12300,CPT,TROY,USM @ TROY,10/06/2026 08:00 PM,,USM @ TROY,Showdown Captain Mode,CFB,10/6,Showdown Captain Mode 10/6 8:00PM (USM @ TROY),"CFB Showdown $25K Tuesday Kickoff [$5K to 1st] (USM @ TROY);CFB Showdown $1.5K Coffin Corner [Single Entry] (USM @ TROY);CFB Showdown $2.6K Spread Option [2 Entry Max] (USM @ TROY);CFB Showdown $2.5K First Down (USM @ TROY);CFB Showdown $500 Snap (USM @ TROY);CFB Showdown $750 Blitz [2 Entry Max] (USM @ TROY);CFB Showdown $510 Tailgate [Single Entry] (USM @ TROY);CFB Showdown $500 Quarter Jukebox [Just $0.25!] (USM @ TROY);CFB Showdown Satellite to NFL $4,444 Fantasy Football MEGA Millionaire [Must Fill] (USM @ TROY);CFB Showdown $530 Winner Take All [Must Fill] (USM @ TROY)",196406622;196406628;196406619;196406624;196406623;196406620;196406621;196406625;196406912;196406906;196406915;196406911;196406913;196406909;196406905;196406907;196406627;196406626;196406936;196406935,Showdown Captain Mode 10/6 8:00PM (USM @ TROY)
Jordan Lovett - Showdown Captain Mode,196406622;196406628;196406619;196406624;196406623;196406620;196406621;196406625;196406912;196406906;196406915;196406911;196406913;196406909;196406905;196406907;196406627;196406626;196406936;196406935,44380454,44380454,Jordan Lovett,Jordan,Lovett,11700,CPT,TROY,USM @ TROY,10/06/2026 08:00 PM,,USM @ TROY,Showdown Captain Mode,CFB,10/6,Showdown Captain Mode 10/6 8:00PM (USM @ TROY),"CFB Showdown $25K Tuesday Kickoff [$5K to 1st] (USM @ TROY);CFB Showdown $1.5K Coffin Corner [Single Entry] (USM @ TROY);CFB Showdown $2.6K Spread Option [2 Entry Max] (USM @ TROY);CFB Showdown $2.5K First Down (USM @ TROY);CFB Showdown $500 Snap (USM @ TROY);CFB Showdown $750 Blitz [2 Entry Max] (USM @ TROY);CFB Showdown $510 Tailgate [Single Entry] (USM @ TROY);CFB Showdown $500 Quarter Jukebox [Just $0.25!] (USM @ TROY);CFB Showdown Satellite to NFL $4,444 Fantasy Football MEGA Millionaire [Must Fill] (USM @ TROY);CFB Showdown $530 Winner Take All [Must Fill] (USM @ TROY)",196406622;196406628;196406619;196406624;196406623;196406620;196406621;196406625;196406912;196406906;196406915;196406911;196406913;196406909;196406905;196406907;196406627;196406626;196406936;196406935,Showdown Captain Mode 10/6 8:00PM (USM @ TROY)
Gavin Griffin - Showdown Captain Mode,196406622;196406628;196406619;196406624;196406623;196406620;196406621;196406625;196406912;196406906;196406915;196406911;196406913;196406909;196406905;196406907;196406627;196406626;196406936;196406935,44380455,44380455,Gavin Griffin,Gavin,Griffin,11100,CPT,TROY,USM @ TROY,10/06/2026 08:00 PM,,USM @ TROY,Showdown Captain Mode,CFB,10/6,Showdown Captain Mode 10/6 8:00PM (USM @ TROY),"CFB Showdown $25K Tuesday Kickoff [$5K to 1st] (USM @ TROY);CFB Showdown $1.5K Coffin Corner [Single Entry] (USM @ TROY);CFB Showdown $2.6K Spread Option [2 Entry Max] (USM @ TROY);CFB Showdown $2.5K First Down (USM @ TROY);CFB Showdown $500 Snap (USM @ TROY);CFB Showdown $750 Blitz [2 Entry Max] (USM @ TROY);CFB Showdown $510 Tailgate [Single Entry] (USM @ TROY);CFB Showdown $500 Quarter Jukebox [Just $0.25!] (USM @ TROY);CFB Showdown Satellite to NFL $4,444 Fantasy Football MEGA Millionaire [Must Fill] (USM @ TROY);CFB Showdown $530 Winner Take All [Must Fill] (USM @ TROY)",196406622;196406628;196406619;196406624;196406623;196406620;196406621;196406625;196406912;196406906;196406915;196406911;196406913;196406909;196406905;196406907;196406627;196406626;196406936;196406935,Showdown Captain Mode 10/6 8:00PM (USM @ TROY)
Goose Crowder - Showdown Captain Mode,196406622;196406628;196406619;196406624;196406623;196406620;196406621;196406625;196406912;196406906;196406915;196406911;196406913;196406909;196406905;196406907;196406627;196406626;196406936;196406935,44380373,44380373,Goose Crowder,Goose,Crowder,11000,QB,TROY,USM @ TROY,10/06/2026 08:00 PM,,USM @ TROY,Showdown Captain Mode,CFB,10/6,Showdown Captain Mode 10/6 8:00PM (USM @ TROY),"CFB Showdown $25K Tuesday Kickoff [$5K to 1st] (USM @ TROY);CFB Showdown $1.5K Coffin Corner [Single Entry] (USM @ TROY);CFB Showdown $2.6K Spread Option [2 Entry Max] (USM @ TROY);CFB Showdown $2.5K First Down (USM @ TROY);CFB Showdown $500 Snap (USM @ TROY);CFB Showdown $750 Blitz [2 Entry Max] (USM @ TROY);CFB Showdown $510 Tailgate [Single Entry] (USM @ TROY);CFB Showdown $500 Quarter Jukebox [Just $0.25!] (USM @ TROY);CFB Showdown Satellite to NFL $4,444 Fantasy Football MEGA Millionaire [Must Fill] (USM @ TROY);CFB Showdown $530 Winner Take All [Must Fill] (USM @ TROY)",196406622;196406628;196406619;196406624;196406623;196406620;196406621;196406625;196406912;196406906;196406915;196406911;196406913;196406909;196406905;196406907;196406627;196406626;196406936;196406935,Showdown Captain Mode 10/6 8:00PM (USM @ TROY)
Landry Lyddy - Showdown Captain Mode,196406622;196406628;196406619;196406624;196406623;196406620;196406621;196406625;196406912;196406906;196406915;196406911;196406913;196406909;196406905;196406907;196406627;196406626;196406936;196406935,44380374,44380374,Landry Lyddy,Landry,Lyddy,10400,QB,USM,USM @ TROY,10/06/2026 08:00 PM,,USM @ TROY,Showdown Captain Mode,CFB,10/6,Showdown Captain Mode 10/6 8:00PM (USM @ TROY),"CFB Showdown $25K Tuesday Kickoff [$5K to 1st] (USM @ TROY);CFB Showdown $1.5K Coffin Corner [Single Entry] (USM @ TROY);CFB Showdown $2.6K Spread Option [2 Entry Max] (USM @ TROY);CFB Showdown $2.5K First Down (USM @ TROY);CFB Showdown $500 Snap (USM @ TROY);CFB Showdown $750 Blitz [2 Entry Max] (USM @ TROY);CFB Showdown $510 Tailgate [Single Entry] (USM @ TROY);CFB Showdown $500 Quarter Jukebox [Just $0.25!] (USM @ TROY);CFB Showdown Satellite to NFL $4,444 Fantasy Football MEGA Millionaire [Must Fill] (USM @ TROY);CFB Showdown $530 Winner Take All [Must Fill] (USM @ TROY)",196406622;196406628;196406619;196406624;196406623;196406620;196406621;196406625;196406912;196406906;196406915;196406911;196406913;196406909;196406905;196406907;196406627;196406626;196406936;196406935,Showdown Captain Mode 10/6 8:00PM (USM @ TROY)
AJ Little - Showdown Captain Mode,196406622;196406628;196406619;196406624;196406623;196406620;196406621;196406625;196406912;196406906;196406915;196406911;196406913;196406909;196406905;196406907;196406627;196406626;196406936;196406935,44380456,44380456,AJ Little,AJ,Little,10200,CPT,USM,USM @ TROY,10/06/2026 08:00 PM,,USM @ TROY,Showdown Captain Mode,CFB,10/6,Showdown Captain Mode 10/6 8:00PM (USM @ TROY),"CFB Showdown $25K Tuesday Kickoff [$5K to 1st] (USM @ TROY);CFB Showdown $1.5K Coffin Corner [Single Entry] (USM @ TROY);CFB Showdown $2.6K Spread Option [2 Entry Max] (USM @ TROY);CFB Showdown $2.5K First Down (USM @ TROY);CFB Showdown $500 Snap (USM @ TROY);CFB Showdown $750 Blitz [2 Entry Max] (USM @ TROY);CFB Showdown $510 Tailgate [Single Entry] (USM @ TROY);CFB Showdown $500 Quarter Jukebox [Just $0.25!] (USM @ TROY);CFB Showdown Satellite to NFL $4,444 Fantasy Football MEGA Millionaire [Must Fill] (USM @ TROY);CFB Showdown $530 Winner Take All [Must Fill] (USM @ TROY)",196406622;196406628;196406619;196406624;196406623;196406620;196406621;196406625;196406912;196406906;196406915;196406911;196406913;196406909;196406905;196406907;196406627;196406626;196406936;196406935,Showdown Captain Mode 10/6 8:00PM (USM @ TROY)
TJ Lott - Showdown Captain Mode,196406622;196406628;196406619;196406624;196406623;196406620;196406621;196406625;196406912;196406906;196406915;196406911;196406913;196406909;196406905;196406907;196406627;196406626;196406936;196406935,44380457,44380457,TJ Lott,TJ,Lott,9900,CPT,TROY,USM @ TROY,10/06/2026 08:00 PM,,USM @ TROY,Showdown Captain Mode,CFB,10/6,Showdown Captain Mode 10/6 8:00PM (USM @ TROY),"CFB Showdown $25K Tuesday Kickoff [$5K to 1st] (USM @ TROY);CFB Showdown $1.5K Coffin Corner [Single Entry] (USM @ TROY);CFB Showdown $2.6K Spread Option [2 Entry Max] (USM @ TROY);CFB Showdown $2.5K First Down (USM @ TROY);CFB Showdown $500 Snap (USM @ TROY);CFB Showdown $750 Blitz [2 Entry Max] (USM @ TROY);CFB Showdown $510 Tailgate [Single Entry] (USM @ TROY);CFB Showdown $500 Quarter Jukebox [Just $0.25!] (USM @ TROY);CFB Showdown Satellite to NFL $4,444 Fantasy Football MEGA Millionaire [Must Fill] (USM @ TROY);CFB Showdown $530 Winner Take All [Must Fill] (USM @ TROY)",196406622;196406628;196406619;196406624;196406623;196406620;196406621;196406625;196406912;196406906;196406915;196406911;196406913;196406909;196406905;196406907;196406627;196406626;196406936;196406935,Showdown Captain Mode 10/6 8:00PM (USM @ TROY)
Tucker Kilcrease - Showdown Captain Mode,196406622;196406628;196406619;196406624;196406623;196406620;196406621;196406625;196406912;196406906;196406915;196406911;196406913;196406909;196406905;196406907;196406627;196406626;196406936;196406935,44380375,44380375,Tucker Kilcrease,Tucker,Kilcrease,9600,QB,TROY,USM @ TROY,10/06/2026 08:00 PM,,USM @ TROY,Showdown Captain Mode,CFB,10/6,Showdown Captain Mode 10/6 8:00PM (USM @ TROY),"CFB Showdown $25K Tuesday Kickoff [$5K to 1st] (USM @ TROY);CFB Showdown $1.5K Coffin Corner [Single Entry] (USM @ TROY);CFB Showdown $2.6K Spread Option [2 Entry Max] (USM @ TROY);CFB Showdown $2.5K First Down (USM @ TROY);CFB Showdown $500 Snap (USM @ TROY);CFB Showdown $750 Blitz [2 Entry Max] (USM @ TROY);CFB Showdown $510 Tailgate [Single Entry] (USM @ TROY);CFB Showdown $500 Quarter Jukebox [Just $0.25!] (USM @ TROY);CFB Showdown Satellite to NFL $4,444 Fantasy Football MEGA Millionaire [Must Fill] (USM @ TROY);CFB Showdown $530 Winner Take All [Must Fill] (USM @ TROY)",196406622;196406628;196406619;196406624;196406623;196406620;196406621;196406625;196406912;196406906;196406915;196406911;196406913;196406909;196406905;196406907;196406627;196406626;196406936;196406935,Showdown Captain Mode 10/6 8:00PM (USM @ TROY)
TK Keyes - Showdown Captain Mode,196406622;196406628;196406619;196406624;196406623;196406620;196406621;196406625;196406912;196406906;196406915;196406911;196406913;196406909;196406905;196406907;196406627;196406626;196406936;196406935,44380458,44380458,TK Keyes,TK,Keyes,9300,CPT,TROY,USM @ TROY,10/06/2026 08:00 PM,,USM @ TROY,Showdown Captain Mode,CFB,10/6,Showdown Captain Mode 10/6 8:00PM (USM @ TROY),"CFB Showdown $25K Tuesday Kickoff [$5K to 1st] (USM @ TROY);CFB Showdown $1.5K Coffin Corner [Single Entry] (USM @ TROY);CFB Showdown $2.6K Spread Option [2 Entry Max] (USM @ TROY);CFB Showdown $2.5K First Down (USM @ TROY);CFB Showdown $500 Snap (USM @ TROY);CFB Showdown $750 Blitz [2 Entry Max] (USM @ TROY);CFB Showdown $510 Tailgate [Single Entry] (USM @ TROY);CFB Showdown $500 Quarter Jukebox [Just $0.25!] (USM @ TROY);CFB Showdown Satellite to NFL $4,444 Fantasy Football MEGA Millionaire [Must Fill] (USM @ TROY);CFB Showdown $530 Winner Take All [Must Fill] (USM @ TROY)",196406622;196406628;196406619;196406624;196406623;196406620;196406621;196406625;196406912;196406906;196406915;196406911;196406913;196406909;196406905;196406907;196406627;196406626;196406936;196406935,Showdown Captain Mode 10/6 8:00PM (USM @ TROY)
Ethan Hampton - Showdown Captain Mode,196406622;196406628;196406619;196406624;196406623;196406620;196406621;196406625;196406912;196406906;196406915;196406911;196406913;196406909;196406905;196406907;196406627;196406626;196406936;196406935,44380376,44380376,Ethan Hampton,Ethan,Hampton,9200,QB,USM,USM @ TROY,10/06/2026 08:00 PM,,USM @ TROY,Showdown Captain Mode,CFB,10/6,Showdown Captain Mode 10/6 8:00PM (USM @ TROY),"CFB Showdown $25K Tuesday Kickoff [$5K to 1st] (USM @ TROY);CFB Showdown $1.5K Coffin Corner [Single Entry] (USM @ TROY);CFB Showdown $2.6K Spread Option [2 Entry Max] (USM @ TROY);CFB Showdown $2.5K First Down (USM @ TROY);CFB Showdown $500 Snap (USM @ TROY);CFB Showdown $750 Blitz [2 Entry Max] (USM @ TROY);CFB Showdown $510 Tailgate [Single Entry] (USM @ TROY);CFB Showdown $500 Quarter Jukebox [Just $0.25!] (USM @ TROY);CFB Showdown Satellite to NFL $4,444 Fantasy Football MEGA Millionaire [Must Fill] (USM @ TROY);CFB Showdown $530 Winner Take All [Must Fill] (USM @ TROY)",196406622;196406628;196406619;196406624;196406623;196406620;196406621;196406625;196406912;196406906;196406915;196406911;196406913;196406909;196406905;196406907;196406627;196406626;196406936;196406935,Showdown Captain Mode 10/6 8:00PM (USM @ TROY)
Maddox McCrory - Showdown Captain Mode,196406622;196406628;196406619;196406624;196406623;196406620;196406621;196406625;196406912;196406906;196406915;196406911;196406913;196406909;196406905;196406907;196406627;196406626;196406936;196406935,44380459,44380459,Maddox McCrory,Maddox,McCrory,9000,CPT,USM,USM @ TROY,10/06/2026 08:00 PM,,USM @ TROY,Showdown Captain Mode,CFB,10/6,Showdown Captain Mode 10/6 8:00PM (USM @ TROY),"CFB Showdown $25K Tuesday Kickoff [$5K to 1st] (USM @ TROY);CFB Showdown $1.5K Coffin Corner [Single Entry] (USM @ TROY);CFB Showdown $2.6K Spread Option [2 Entry Max] (USM @ TROY);CFB Showdown $2.5K First Down (USM @ TROY);CFB Showdown $500 Snap (USM @ TROY);CFB Showdown $750 Blitz [2 Entry Max] (USM @ TROY);CFB Showdown $510 Tailgate [Single Entry] (USM @ TROY);CFB Showdown $500 Quarter Jukebox [Just $0.25!] (USM @ TROY);CFB Showdown Satellite to NFL $4,444 Fantasy Football MEGA Millionaire [Must Fill] (USM @ TROY);CFB Showdown $530 Winner Take All [Must Fill] (USM @ TROY)",196406622;196406628;196406619;196406624;196406623;196406620;196406621;196406625;196406912;196406906;196406915;196406911;196406913;196406909;196406905;196406907;196406627;196406626;196406936;196406935,Showdown Captain Mode 10/6 8:00PM (USM @ TROY)
Hugh Price - Showdown Captain Mode,196406622;196406628;196406619;196406624;196406623;196406620;196406621;196406625;196406912;196406906;196406915;196406911;196406913;196406909;196406905;196406907;196406627;196406626;196406936;196406935,44380460,44380460,Hugh Price,Hugh,Price,9000,CPT,USM,USM @ TROY,10/06/2026 08:00 PM,,USM @ TROY,Showdown Captain Mode,CFB,10/6,Showdown Captain Mode 10/6 8:00PM (USM @ TROY),"CFB Showdown $25K Tuesday Kickoff [$5K to 1st] (USM @ TROY);CFB Showdown $1.5K Coffin Corner [Single Entry] (USM @ TROY);CFB Showdown $2.6K Spread Option [2 Entry Max] (USM @ TROY);CFB Showdown $2.5K First Down (USM @ TROY);CFB Showdown $500 Snap (USM @ TROY);CFB Showdown $750 Blitz [2 Entry Max] (USM @ TROY);CFB Showdown $510 Tailgate [Single Entry] (USM @ TROY);CFB Showdown $500 Quarter Jukebox [Just $0.25!] (USM @ TROY);CFB Showdown Satellite to NFL $4,444 Fantasy Football MEGA Millionaire [Must Fill] (USM @ TROY);CFB Showdown $530 Winner Take All [Must Fill] (USM @ TROY)",196406622;196406628;196406619;196406624;196406623;196406620;196406621;196406625;196406912;196406906;196406915;196406911;196406913;196406909;196406905;196406907;196406627;196406626;196406936;196406935,Showdown Captain Mode 10/6 8:00PM (USM @ TROY)
Rodge Waldrop - Showdown Captain Mode,196406622;196406628;196406619;196406624;196406623;196406620;196406621;196406625;196406912;196406906;196406915;196406911;196406913;196406909;196406905;196406907;196406627;196406626;196406936;196406935,44380461,44380461,Rodge Waldrop,Rodge,Waldrop,9000,CPT,TROY,USM @ TROY,10/06/2026 08:00 PM,,USM @ TROY,Showdown Captain Mode,CFB,10/6,Showdown Captain Mode 10/6 8:00PM (USM @ TROY),"CFB Showdown $25K Tuesday Kickoff [$5K to 1st] (USM @ TROY);CFB Showdown $1.5K Coffin Corner [Single Entry] (USM @ TROY);CFB Showdown $2.6K Spread Option [2 Entry Max] (USM @ TROY);CFB Showdown $2.5K First Down (USM @ TROY);CFB Showdown $500 Snap (USM @ TROY);CFB Showdown $750 Blitz [2 Entry Max] (USM @ TROY);CFB Showdown $510 Tailgate [Single Entry] (USM @ TROY);CFB Showdown $500 Quarter Jukebox [Just $0.25!] (USM @ TROY);CFB Showdown Satellite to NFL $4,444 Fantasy Football MEGA Millionaire [Must Fill] (USM @ TROY);CFB Showdown $530 Winner Take All [Must Fill] (USM @ TROY)",196406622;196406628;196406619;196406624;196406623;196406620;196406621;196406625;196406912;196406906;196406915;196406911;196406913;196406909;196406905;196406907;196406627;196406626;196406936;196406935,Showdown Captain Mode 10/6 8:00PM (USM @ TROY)
John White - Showdown Captain Mode,196406622;196406628;196406619;196406624;196406623;196406620;196406621;196406625;196406912;196406906;196406915;196406911;196406913;196406909;196406905;196406907;196406627;196406626;196406936;196406935,44380462,44380462,John White,John,White,9000,CPT,USM,USM @ TROY,10/06/2026 08:00 PM,,USM @ TROY,Showdown Captain Mode,CFB,10/6,Showdown Captain Mode 10/6 8:00PM (USM @ TROY),"CFB Showdown $25K Tuesday Kickoff [$5K to 1st] (USM @ TROY);CFB Showdown $1.5K Coffin Corner [Single Entry] (USM @ TROY);CFB Showdown $2.6K Spread Option [2 Entry Max] (USM @ TROY);CFB Showdown $2.5K First Down (USM @ TROY);CFB Showdown $500 Snap (USM @ TROY);CFB Showdown $750 Blitz [2 Entry Max] (USM @ TROY);CFB Showdown $510 Tailgate [Single Entry] (USM @ TROY);CFB Showdown $500 Quarter Jukebox [Just $0.25!] (USM @ TROY);CFB Showdown Satellite to NFL $4,444 Fantasy Football MEGA Millionaire [Must Fill] (USM @ TROY);CFB Showdown $530 Winner Take All [Must Fill] (USM @ TROY)",196406622;196406628;196406619;196406624;196406623;196406620;196406621;196406625;196406912;196406906;196406915;196406911;196406913;196406909;196406905;196406907;196406627;196406626;196406936;196406935,Showdown Captain Mode 10/6 8:00PM (USM @ TROY)
Jack James - Showdown Captain Mode,196406622;196406628;196406619;196406624;196406623;196406620;196406621;196406625;196406912;196406906;196406915;196406911;196406913;196406909;196406905;196406907;196406627;196406626;196406936;196406935,44380463,44380463,Jack James,Jack,James,9000,CPT,TROY,USM @ TROY,10/06/2026 08:00 PM,,USM @ TROY,Showdown Captain Mode,CFB,10/6,Showdown Captain Mode 10/6 8:00PM (USM @ TROY),"CFB Showdown $25K Tuesday Kickoff [$5K to 1st] (USM @ TROY);CFB Showdown $1.5K Coffin Corner [Single Entry] (USM @ TROY);CFB Showdown $2.6K Spread Option [2 Entry Max] (USM @ TROY);CFB Showdown $2.5K First Down (USM @ TROY);CFB Showdown $500 Snap (USM @ TROY);CFB Showdown $750 Blitz [2 Entry Max] (USM @ TROY);CFB Showdown $510 Tailgate [Single Entry] (USM @ TROY);CFB Showdown $500 Quarter Jukebox [Just $0.25!] (USM @ TROY);CFB Showdown Satellite to NFL $4,444 Fantasy Football MEGA Millionaire [Must Fill] (USM @ TROY);CFB Showdown $530 Winner Take All [Must Fill] (USM @ TROY)",196406622;196406628;196406619;196406624;196406623;196406620;196406621;196406625;196406912;196406906;196406915;196406911;196406913;196406909;196406905;196406907;196406627;196406626;196406936;196406935,Showdown Captain Mode 10/6 8:00PM (USM @ TROY)
Mario Sanders - Showdown Captain Mode,196406622;196406628;196406619;196406624;196406623;196406620;196406621;196406625;196406912;196406906;196406915;196406911;196406913;196406909;196406905;196406907;196406627;196406626;196406936;196406935,44380377,44380377,Mario Sanders,Mario,Sanders,8600,WR,USM,USM @ TROY,10/06/2026 08:00 PM,,USM @ TROY,Showdown Captain Mode,CFB,10/6,Showdown Captain Mode 10/6 8:00PM (USM @ TROY),"CFB Showdown $25K Tuesday Kickoff [$5K to 1st] (USM @ TROY);CFB Showdown $1.5K Coffin Corner [Single Entry] (USM @ TROY);CFB Showdown $2.6K Spread Option [2 Entry Max] (USM @ TROY);CFB Showdown $2.5K First Down (USM @ TROY);CFB Showdown $500 Snap (USM @ TROY);CFB Showdown $750 Blitz [2 Entry Max] (USM @ TROY);CFB Showdown $510 Tailgate [Single Entry] (USM @ TROY);CFB Showdown $500 Quarter Jukebox [Just $0.25!] (USM @ TROY);CFB Showdown Satellite to NFL $4,444 Fantasy Football MEGA Millionaire [Must Fill] (USM @ TROY);CFB Showdown $530 Winner Take All [Must Fill] (USM @ TROY)",196406622;196406628;196406619;196406624;196406623;196406620;196406621;196406625;196406912;196406906;196406915;196406911;196406913;196406909;196406905;196406907;196406627;196406626;196406936;196406935,Showdown Captain Mode 10/6 8:00PM (USM @ TROY)
Steven Robinson - Showdown Captain Mode,196406622;196406628;196406619;196406624;196406623;196406620;196406621;196406625;196406912;196406906;196406915;196406911;196406913;196406909;196406905;196406907;196406627;196406626;196406936;196406935,44380378,44380378,Steven Robinson,Steven,Robinson,8400,RB,USM,USM @ TROY,10/06/2026 08:00 PM,,USM @ TROY,Showdown Captain Mode,CFB,10/6,Showdown Captain Mode 10/6 8:00PM (USM @ TROY),"CFB Showdown $25K Tuesday Kickoff [$5K to 1st] (USM @ TROY);CFB Showdown $1.5K Coffin Corner [Single Entry] (USM @ TROY);CFB Showdown $2.6K Spread Option [2 Entry Max] (USM @ TROY);CFB Showdown $2.5K First Down (USM @ TROY);CFB Showdown $500 Snap (USM @ TROY);CFB Showdown $750 Blitz [2 Entry Max] (USM @ TROY);CFB Showdown $510 Tailgate [Single Entry] (USM @ TROY);CFB Showdown $500 Quarter Jukebox [Just $0.25!] (USM @ TROY);CFB Showdown Satellite to NFL $4,444 Fantasy Football MEGA Millionaire [Must Fill] (USM @ TROY);CFB Showdown $530 Winner Take All [Must Fill] (USM @ TROY)",196406622;196406628;196406619;196406624;196406623;196406620;196406621;196406625;196406912;196406906;196406915;196406911;196406913;196406909;196406905;196406907;196406627;196406626;196406936;196406935,Showdown Captain Mode 10/6 8:00PM (USM @ TROY)
Jamarice Wilder - Showdown Captain Mode,196406622;196406628;196406619;196406624;196406623;196406620;196406621;196406625;196406912;196406906;196406915;196406911;196406913;196406909;196406905;196406907;196406627;196406626;196406936;196406935,44380464,44380464,Jamarice Wilder,Jamarice,Wilder,8400,CPT,USM,USM @ TROY,10/06/2026 08:00 PM,,USM @ TROY,Showdown Captain Mode,CFB,10/6,Showdown Captain Mode 10/6 8:00PM (USM @ TROY),"CFB Showdown $25K Tuesday Kickoff [$5K to 1st] (USM @ TROY);CFB Showdown $1.5K Coffin Corner [Single Entry] (USM @ TROY);CFB Showdown $2.6K Spread Option [2 Entry Max] (USM @ TROY);CFB Showdown $2.5K First Down (USM @ TROY);CFB Showdown $500 Snap (USM @ TROY);CFB Showdown $750 Blitz [2 Entry Max] (USM @ TROY);CFB Showdown $510 Tailgate [Single Entry] (USM @ TROY);CFB Showdown $500 Quarter Jukebox [Just $0.25!] (USM @ TROY);CFB Showdown Satellite to NFL $4,444 Fantasy Football MEGA Millionaire [Must Fill] (USM @ TROY);CFB Showdown $530 Winner Take All [Must Fill] (USM @ TROY)",196406622;196406628;196406619;196406624;196406623;196406620;196406621;196406625;196406912;196406906;196406915;196406911;196406913;196406909;196406905;196406907;196406627;196406626;196406936;196406935,Showdown Captain Mode 10/6 8:00PM (USM @ TROY)
Howard Kinchen - Showdown Captain Mode,196406622;196406628;196406619;196406624;196406623;196406620;196406621;196406625;196406912;196406906;196406915;196406911;196406913;196406909;196406905;196406907;196406627;196406626;196406936;196406935,44380379,44380379,Howard Kinchen,Howard,Kinchen,8200,WR,TROY,USM @ TROY,10/06/2026 08:00 PM,,USM @ TROY,Showdown Captain Mode,CFB,10/6,Showdown Captain Mode 10/6 8:00PM (USM @ TROY),"CFB Showdown $25K Tuesday Kickoff [$5K to 1st] (USM @ TROY);CFB Showdown $1.5K Coffin Corner [Single Entry] (USM @ TROY);CFB Showdown $2.6K Spread Option [2 Entry Max] (USM @ TROY);CFB Showdown $2.5K First Down (USM @ TROY);CFB Showdown $500 Snap (USM @ TROY);CFB Showdown $750 Blitz [2 Entry Max] (USM @ TROY);CFB Showdown $510 Tailgate [Single Entry] (USM @ TROY);CFB Showdown $500 Quarter Jukebox [Just $0.25!] (USM @ TROY);CFB Showdown Satellite to NFL $4,444 Fantasy Football MEGA Millionaire [Must Fill] (USM @ TROY);CFB Showdown $530 Winner Take All [Must Fill] (USM @ TROY)",196406622;196406628;196406619;196406624;196406623;196406620;196406621;196406625;196406912;196406906;196406915;196406911;196406913;196406909;196406905;196406907;196406627;196406626;196406936;196406935,Showdown Captain Mode 10/6 8:00PM (USM @ TROY)
Jaylen Himes - Showdown Captain Mode,196406622;196406628;196406619;196406624;196406623;196406620;196406621;196406625;196406912;196406906;196406915;196406911;196406913;196406909;196406905;196406907;196406627;196406626;196406936;196406935,44380465,44380465,Jaylen Himes,Jaylen,Himes,8100,CPT,USM,USM @ TROY,10/06/2026 08:00 PM,,USM @ TROY,Showdown Captain Mode,CFB,10/6,Showdown Captain Mode 10/6 8:00PM (USM @ TROY),"CFB Showdown $25K Tuesday Kickoff [$5K to 1st] (USM @ TROY);CFB Showdown $1.5K Coffin Corner [Single Entry] (USM @ TROY);CFB Showdown $2.6K Spread Option [2 Entry Max] (USM @ TROY);CFB Showdown $2.5K First Down (USM @ TROY);CFB Showdown $500 Snap (USM @ TROY);CFB Showdown $750 Blitz [2 Entry Max] (USM @ TROY);CFB Showdown $510 Tailgate [Single Entry] (USM @ TROY);CFB Showdown $500 Quarter Jukebox [Just $0.25!] (USM @ TROY);CFB Showdown Satellite to NFL $4,444 Fantasy Football MEGA Millionaire [Must Fill] (USM @ TROY);CFB Showdown $530 Winner Take All [Must Fill] (USM @ TROY)",196406622;196406628;196406619;196406624;196406623;196406620;196406621;196406625;196406912;196406906;196406915;196406911;196406913;196406909;196406905;196406907;196406627;196406626;196406936;196406935,Showdown Captain Mode 10/6 8:00PM (USM @ TROY)
Jordan Lovett - Showdown Captain Mode,196406622;196406628;196406619;196406624;196406623;196406620;196406621;196406625;196406912;196406906;196406915;196406911;196406913;196406909;196406905;196406907;196406627;196406626;196406936;196406935,44380380,44380380,Jordan Lovett,Jordan,Lovett,7800,RB,TROY,USM @ TROY,10/06/2026 08:00 PM,,USM @ TROY,Showdown Captain Mode,CFB,10/6,Showdown Captain Mode 10/6 8:00PM (USM @ TROY),"CFB Showdown $25K Tuesday Kickoff [$5K to 1st] (USM @ TROY);CFB Showdown $1.5K Coffin Corner [Single Entry] (USM @ TROY);CFB Showdown $2.6K Spread Option [2 Entry Max] (USM @ TROY);CFB Showdown $2.5K First Down (USM @ TROY);CFB Showdown $500 Snap (USM @ TROY);CFB Showdown $750 Blitz [2 Entry Max] (USM @ TROY);CFB Showdown $510 Tailgate [Single Entry] (USM @ TROY);CFB Showdown $500 Quarter Jukebox [Just $0.25!] (USM @ TROY);CFB Showdown Satellite to NFL $4,444 Fantasy Football MEGA Millionaire [Must Fill] (USM @ TROY);CFB Showdown $530 Winner Take All [Must Fill] (USM @ TROY)",196406622;196406628;196406619;196406624;196406623;196406620;196406621;196406625;196406912;196406906;196406915;196406911;196406913;196406909;196406905;196406907;196406627;196406626;196406936;196406935,Showdown Captain Mode 10/6 8:00PM (USM @ TROY)
Robert Briggs - Showdown Captain Mode,196406622;196406628;196406619;196406624;196406623;196406620;196406621;196406625;196406912;196406906;196406915;196406911;196406913;196406909;196406905;196406907;196406627;196406626;196406936;196406935,44380466,44380466,Robert Briggs,Robert,Briggs,7800,CPT,USM,USM @ TROY,10/06/2026 08:00 PM,,USM @ TROY,Showdown Captain Mode,CFB,10/6,Showdown Captain Mode 10/6 8:00PM (USM @ TROY),"CFB Showdown $25K Tuesday Kickoff [$5K to 1st] (USM @ TROY);CFB Showdown $1.5K Coffin Corner [Single Entry] (USM @ TROY);CFB Showdown $2.6K Spread Option [2 Entry Max] (USM @ TROY);CFB Showdown $2.5K First Down (USM @ TROY);CFB Showdown $500 Snap (USM @ TROY);CFB Showdown $750 Blitz [2 Entry Max] (USM @ TROY);CFB Showdown $510 Tailgate [Single Entry] (USM @ TROY);CFB Showdown $500 Quarter Jukebox [Just $0.25!] (USM @ TROY);CFB Showdown Satellite to NFL $4,444 Fantasy Football MEGA Millionaire [Must Fill] (USM @ TROY);CFB Showdown $530 Winner Take All [Must Fill] (USM @ TROY)",196406622;196406628;196406619;196406624;196406623;196406620;196406621;196406625;196406912;196406906;196406915;196406911;196406913;196406909;196406905;196406907;196406627;196406626;196406936;196406935,Showdown Captain Mode 10/6 8:00PM (USM @ TROY)
Jaheim Merriweather - Showdown Captain Mode,196406622;196406628;196406619;196406624;196406623;196406620;196406621;196406625;196406912;196406906;196406915;196406911;196406913;196406909;196406905;196406907;196406627;196406626;196406936;196406935,44380467,44380467,Jaheim Merriweather,Jaheim,Merriweather,7500,CPT,TROY,USM @ TROY,10/06/2026 08:00 PM,,USM @ TROY,Showdown Captain Mode,CFB,10/6,Showdown Captain Mode 10/6 8:00PM (USM @ TROY),"CFB Showdown $25K Tuesday Kickoff [$5K to 1st] (USM @ TROY);CFB Showdown $1.5K Coffin Corner [Single Entry] (USM @ TROY);CFB Showdown $2.6K Spread Option [2 Entry Max] (USM @ TROY);CFB Showdown $2.5K First Down (USM @ TROY);CFB Showdown $500 Snap (USM @ TROY);CFB Showdown $750 Blitz [2 Entry Max] (USM @ TROY);CFB Showdown $510 Tailgate [Single Entry] (USM @ TROY);CFB Showdown $500 Quarter Jukebox [Just $0.25!] (USM @ TROY);CFB Showdown Satellite to NFL $4,444 Fantasy Football MEGA Millionaire [Must Fill] (USM @ TROY);CFB Showdown $530 Winner Take All [Must Fill] (USM @ TROY)",196406622;196406628;196406619;196406624;196406623;196406620;196406621;196406625;196406912;196406906;196406915;196406911;196406913;196406909;196406905;196406907;196406627;196406626;196406936;196406935,Showdown Captain Mode 10/6 8:00PM (USM @ TROY)
Gavin Griffin - Showdown Captain Mode,196406622;196406628;196406619;196406624;196406623;196406620;196406621;196406625;196406912;196406906;196406915;196406911;196406913;196406909;196406905;196406907;196406627;196406626;196406936;196406935,44380381,44380381,Gavin Griffin,Gavin,Griffin,7400,RB,TROY,USM @ TROY,10/06/2026 08:00 PM,,USM @ TROY,Showdown Captain Mode,CFB,10/6,Showdown Captain Mode 10/6 8:00PM (USM @ TROY),"CFB Showdown $25K Tuesday Kickoff [$5K to 1st] (USM @ TROY);CFB Showdown $1.5K Coffin Corner [Single Entry] (USM @ TROY);CFB Showdown $2.6K Spread Option [2 Entry Max] (USM @ TROY);CFB Showdown $2.5K First Down (USM @ TROY);CFB Showdown $500 Snap (USM @ TROY);CFB Showdown $750 Blitz [2 Entry Max] (USM @ TROY);CFB Showdown $510 Tailgate [Single Entry] (USM @ TROY);CFB Showdown $500 Quarter Jukebox [Just $0.25!] (USM @ TROY);CFB Showdown Satellite to NFL $4,444 Fantasy Football MEGA Millionaire [Must Fill] (USM @ TROY);CFB Showdown $530 Winner Take All [Must Fill] (USM @ TROY)",196406622;196406628;196406619;196406624;196406623;196406620;196406621;196406625;196406912;196406906;196406915;196406911;196406913;196406909;196406905;196406907;196406627;196406626;196406936;196406935,Showdown Captain Mode 10/6 8:00PM (USM @ TROY)
Ethan Head - Showdown Captain Mode,196406622;196406628;196406619;196406624;196406623;196406620;196406621;196406625;196406912;196406906;196406915;196406911;196406913;196406909;196406905;196406907;196406627;196406626;196406936;196406935,44380468,44380468,Ethan Head,Ethan,Head,7200,CPT,TROY,USM @ TROY,10/06/2026 08:00 PM,,USM @ TROY,Showdown Captain Mode,CFB,10/6,Showdown Captain Mode 10/6 8:00PM (USM @ TROY),"CFB Showdown $25K Tuesday Kickoff [$5K to 1st] (USM @ TROY);CFB Showdown $1.5K Coffin Corner [Single Entry] (USM @ TROY);CFB Showdown $2.6K Spread Option [2 Entry Max] (USM @ TROY);CFB Showdown $2.5K First Down (USM @ TROY);CFB Showdown $500 Snap (USM @ TROY);CFB Showdown $750 Blitz [2 Entry Max] (USM @ TROY);CFB Showdown $510 Tailgate [Single Entry] (USM @ TROY);CFB Showdown $500 Quarter Jukebox [Just $0.25!] (USM @ TROY);CFB Showdown Satellite to NFL $4,444 Fantasy Football MEGA Millionaire [Must Fill] (USM @ TROY);CFB Showdown $530 Winner Take All [Must Fill] (USM @ TROY)",196406622;196406628;196406619;196406624;196406623;196406620;196406621;196406625;196406912;196406906;196406915;196406911;196406913;196406909;196406905;196406907;196406627;196406626;196406936;196406935,Showdown Captain Mode 10/6 8:00PM (USM @ TROY)
Jaden Tynes - Showdown Captain Mode,196406622;196406628;196406619;196406624;196406623;196406620;196406621;196406625;196406912;196406906;196406915;196406911;196406913;196406909;196406905;196406907;196406627;196406626;196406936;196406935,44380469,44380469,Jaden Tynes,Jaden,Tynes,7200,CPT,TROY,USM @ TROY,10/06/2026 08:00 PM,,USM @ TROY,Showdown Captain Mode,CFB,10/6,Showdown Captain Mode 10/6 8:00PM (USM @ TROY),"CFB Showdown $25K Tuesday Kickoff [$5K to 1st] (USM @ TROY);CFB Showdown $1.5K Coffin Corner [Single Entry] (USM @ TROY);CFB Showdown $2.6K Spread Option [2 Entry Max] (USM @ TROY);CFB Showdown $2.5K First Down (USM @ TROY);CFB Showdown $500 Snap (USM @ TROY);CFB Showdown $750 Blitz [2 Entry Max] (USM @ TROY);CFB Showdown $510 Tailgate [Single Entry] (USM @ TROY);CFB Showdown $500 Quarter Jukebox [Just $0.25!] (USM @ TROY);CFB Showdown Satellite to NFL $4,444 Fantasy Football MEGA Millionaire [Must Fill] (USM @ TROY);CFB Showdown $530 Winner Take All [Must Fill] (USM @ TROY)",196406622;196406628;196406619;196406624;196406623;196406620;196406621;196406625;196406912;196406906;196406915;196406911;196406913;196406909;196406905;196406907;196406627;196406626;196406936;196406935,Showdown Captain Mode 10/6 8:00PM (USM @ TROY)
Jalen Ballard - Showdown Captain Mode,196406622;196406628;196406619;196406624;196406623;196406620;196406621;196406625;196406912;196406906;196406915;196406911;196406913;196406909;196406905;196406907;196406627;196406626;196406936;196406935,44380470,44380470,Jalen Ballard,Jalen,Ballard,7200,CPT,TROY,USM @ TROY,10/06/2026 08:00 PM,,USM @ TROY,Showdown Captain Mode,CFB,10/6,Showdown Captain Mode 10/6 8:00PM (USM @ TROY),"CFB Showdown $25K Tuesday Kickoff [$5K to 1st] (USM @ TROY);CFB Showdown $1.5K Coffin Corner [Single Entry] (USM @ TROY);CFB Showdown $2.6K Spread Option [2 Entry Max] (USM @ TROY);CFB Showdown $2.5K First Down (USM @ TROY);CFB Showdown $500 Snap (USM @ TROY);CFB Showdown $750 Blitz [2 Entry Max] (USM @ TROY);CFB Showdown $510 Tailgate [Single Entry] (USM @ TROY);CFB Showdown $500 Quarter Jukebox [Just $0.25!] (USM @ TROY);CFB Showdown Satellite to NFL $4,444 Fantasy Football MEGA Millionaire [Must Fill] (USM @ TROY);CFB Showdown $530 Winner Take All [Must Fill] (USM @ TROY)",196406622;196406628;196406619;196406624;196406623;196406620;196406621;196406625;196406912;196406906;196406915;196406911;196406913;196406909;196406905;196406907;196406627;196406626;196406936;196406935,Showdown Captain Mode 10/6 8:00PM (USM @ TROY)
Hayden Wolfe - Showdown Captain Mode,196406622;196406628;196406619;196406624;196406623;196406620;196406621;196406625;196406912;196406906;196406915;196406911;196406913;196406909;196406905;196406907;196406627;196406626;196406936;196406935,44380471,44380471,Hayden Wolfe,Hayden,Wolfe,7200,CPT,TROY,USM @ TROY,10/06/2026 08:00 PM,,USM @ TROY,Showdown Captain Mode,CFB,10/6,Showdown Captain Mode 10/6 8:00PM (USM @ TROY),"CFB Showdown $25K Tuesday Kickoff [$5K to 1st] (USM @ TROY);CFB Showdown $1.5K Coffin Corner [Single Entry] (USM @ TROY);CFB Showdown $2.6K Spread Option [2 Entry Max] (USM @ TROY);CFB Showdown $2.5K First Down (USM @ TROY);CFB Showdown $500 Snap (USM @ TROY);CFB Showdown $750 Blitz [2 Entry Max] (USM @ TROY);CFB Showdown $510 Tailgate [Single Entry] (USM @ TROY);CFB Showdown $500 Quarter Jukebox [Just $0.25!] (USM @ TROY);CFB Showdown Satellite to NFL $4,444 Fantasy Football MEGA Millionaire [Must Fill] (USM @ TROY);CFB Showdown $530 Winner Take All [Must Fill] (USM @ TROY)",196406622;196406628;196406619;196406624;196406623;196406620;196406621;196406625;196406912;196406906;196406915;196406911;196406913;196406909;196406905;196406907;196406627;196406626;196406936;196406935,Showdown Captain Mode 10/6 8:00PM (USM @ TROY)
Bryce Burgess - Showdown Captain Mode,196406622;196406628;196406619;196406624;196406623;196406620;196406621;196406625;196406912;196406906;196406915;196406911;196406913;196406909;196406905;196406907;196406627;196406626;196406936;196406935,44380472,44380472,Bryce Burgess,Bryce,Burgess,6900,CPT,TROY,USM @ TROY,10/06/2026 08:00 PM,,USM @ TROY,Showdown Captain Mode,CFB,10/6,Showdown Captain Mode 10/6 8:00PM (USM @ TROY),"CFB Showdown $25K Tuesday Kickoff [$5K to 1st] (USM @ TROY);CFB Showdown $1.5K Coffin Corner [Single Entry] (USM @ TROY);CFB Showdown $2.6K Spread Option [2 Entry Max] (USM @ TROY);CFB Showdown $2.5K First Down (USM @ TROY);CFB Showdown $500 Snap (USM @ TROY);CFB Showdown $750 Blitz [2 Entry Max] (USM @ TROY);CFB Showdown $510 Tailgate [Single Entry] (USM @ TROY);CFB Showdown $500 Quarter Jukebox [Just $0.25!] (USM @ TROY);CFB Showdown Satellite to NFL $4,444 Fantasy Football MEGA Millionaire [Must Fill] (USM @ TROY);CFB Showdown $530 Winner Take All [Must Fill] (USM @ TROY)",196406622;196406628;196406619;196406624;196406623;196406620;196406621;196406625;196406912;196406906;196406915;196406911;196406913;196406909;196406905;196406907;196406627;196406626;196406936;196406935,Showdown Captain Mode 10/6 8:00PM (USM @ TROY)
AJ Little - Showdown Captain Mode,196406622;196406628;196406619;196406624;196406623;196406620;196406621;196406625;196406912;196406906;196406915;196406911;196406913;196406909;196406905;196406907;196406627;196406626;196406936;196406935,44380382,44380382,AJ Little,AJ,Little,6800,WR,USM,USM @ TROY,10/06/2026 08:00 PM,,USM @ TROY,Showdown Captain Mode,CFB,10/6,Showdown Captain Mode 10/6 8:00PM (USM @ TROY),"CFB Showdown $25K Tuesday Kickoff [$5K to 1st] (USM @ TROY);CFB Showdown $1.5K Coffin Corner [Single Entry] (USM @ TROY);CFB Showdown $2.6K Spread Option [2 Entry Max] (USM @ TROY);CFB Showdown $2.5K First Down (USM @ TROY);CFB Showdown $500 Snap (USM @ TROY);CFB Showdown $750 Blitz [2 Entry Max] (USM @ TROY);CFB Showdown $510 Tailgate [Single Entry] (USM @ TROY);CFB Showdown $500 Quarter Jukebox [Just $0.25!] (USM @ TROY);CFB Showdown Satellite to NFL $4,444 Fantasy Football MEGA Millionaire [Must Fill] (USM @ TROY);CFB Showdown $530 Winner Take All [Must Fill] (USM @ TROY)",196406622;196406628;196406619;196406624;196406623;196406620;196406621;196406625;196406912;196406906;196406915;196406911;196406913;196406909;196406905;196406907;196406627;196406626;196406936;196406935,Showdown Captain Mode 10/6 8:00PM (USM @ TROY)
TJ Lott - Showdown Captain Mode,196406622;196406628;196406619;196406624;196406623;196406620;196406621;196406625;196406912;196406906;196406915;196406911;196406913;196406909;196406905;196406907;196406627;196406626;196406936;196406935,44380383,44380383,TJ Lott,TJ,Lott,6600,WR,TROY,USM @ TROY,10/06/2026 08:00 PM,,USM @ TROY,Showdown Captain Mode,CFB,10/6,Showdown Captain Mode 10/6 8:00PM (USM @ TROY),"CFB Showdown $25K Tuesday Kickoff [$5K to 1st] (USM @ TROY);CFB Showdown $1.5K Coffin Corner [Single Entry] (USM @ TROY);CFB Showdown $2.6K Spread Option [2 Entry Max] (USM @ TROY);CFB Showdown $2.5K First Down (USM @ TROY);CFB Showdown $500 Snap (USM @ TROY);CFB Showdown $750 Blitz [2 Entry Max] (USM @ TROY);CFB Showdown $510 Tailgate [Single Entry] (USM @ TROY);CFB Showdown $500 Quarter Jukebox [Just $0.25!] (USM @ TROY);CFB Showdown Satellite to NFL $4,444 Fantasy Football MEGA Millionaire [Must Fill] (USM @ TROY);CFB Showdown $530 Winner Take All [Must Fill] (USM @ TROY)",196406622;196406628;196406619;196406624;196406623;196406620;196406621;196406625;196406912;196406906;196406915;196406911;196406913;196406909;196406905;196406907;196406627;196406626;196406936;196406935,Showdown Captain Mode 10/6 8:00PM (USM @ TROY)
Reed Harradine - Showdown Captain Mode,196406622;196406628;196406619;196406624;196406623;196406620;196406621;196406625;196406912;196406906;196406915;196406911;196406913;196406909;196406905;196406907;196406627;196406626;196406936;196406935,44380473,44380473,Reed Harradine,Reed,Harradine,6600,CPT,USM,USM @ TROY,10/06/2026 08:00 PM,,USM @ TROY,Showdown Captain Mode,CFB,10/6,Showdown Captain Mode 10/6 8:00PM (USM @ TROY),"CFB Showdown $25K Tuesday Kickoff [$5K to 1st] (USM @ TROY);CFB Showdown $1.5K Coffin Corner [Single Entry] (USM @ TROY);CFB Showdown $2.6K Spread Option [2 Entry Max] (USM @ TROY);CFB Showdown $2.5K First Down (USM @ TROY);CFB Showdown $500 Snap (USM @ TROY);CFB Showdown $750 Blitz [2 Entry Max] (USM @ TROY);CFB Showdown $510 Tailgate [Single Entry] (USM @ TROY);CFB Showdown $500 Quarter Jukebox [Just $0.25!] (USM @ TROY);CFB Showdown Satellite to NFL $4,444 Fantasy Football MEGA Millionaire [Must Fill] (USM @ TROY);CFB Showdown $530 Winner Take All [Must Fill] (USM @ TROY)",196406622;196406628;196406619;196406624;196406623;196406620;196406621;196406625;196406912;196406906;196406915;196406911;196406913;196406909;196406905;196406907;196406627;196406626;196406936;196406935,Showdown Captain Mode 10/6 8:00PM (USM @ TROY)
Creighton Wilbanks - Showdown Captain Mode,196406622;196406628;196406619;196406624;196406623;196406620;196406621;196406625;196406912;196406906;196406915;196406911;196406913;196406909;196406905;196406907;196406627;196406626;196406936;196406935,44380474,44380474,Creighton Wilbanks,Creighton,Wilbanks,6600,CPT,USM,USM @ TROY,10/06/2026 08:00 PM,,USM @ TROY,Showdown Captain Mode,CFB,10/6,Showdown Captain Mode 10/6 8:00PM (USM @ TROY),"CFB Showdown $25K Tuesday Kickoff [$5K to 1st] (USM @ TROY);CFB Showdown $1.5K Coffin Corner [Single Entry] (USM @ TROY);CFB Showdown $2.6K Spread Option [2 Entry Max] (USM @ TROY);CFB Showdown $2.5K First Down (USM @ TROY);CFB Showdown $500 Snap (USM @ TROY);CFB Showdown $750 Blitz [2 Entry Max] (USM @ TROY);CFB Showdown $510 Tailgate [Single Entry] (USM @ TROY);CFB Showdown $500 Quarter Jukebox [Just $0.25!] (USM @ TROY);CFB Showdown Satellite to NFL $4,444 Fantasy Football MEGA Millionaire [Must Fill] (USM @ TROY);CFB Showdown $530 Winner Take All [Must Fill] (USM @ TROY)",196406622;196406628;196406619;196406624;196406623;196406620;196406621;196406625;196406912;196406906;196406915;196406911;196406913;196406909;196406905;196406907;196406627;196406626;196406936;196406935,Showdown Captain Mode 10/6 8:00PM (USM @ TROY)
TK Keyes - Showdown Captain Mode,196406622;196406628;196406619;196406624;196406623;196406620;196406621;196406625;196406912;196406906;196406915;196406911;196406913;196406909;196406905;196406907;196406627;196406626;196406936;196406935,44380384,44380384,TK Keyes,TK,Keyes,6200,WR,TROY,USM @ TROY,10/06/2026 08:00 PM,,USM @ TROY,Showdown Captain Mode,CFB,10/6,Showdown Captain Mode 10/6 8:00PM (USM @ TROY),"CFB Showdown $25K Tuesday Kickoff [$5K to 1st] (USM @ TROY);CFB Showdown $1.5K Coffin Corner [Single Entry] (USM @ TROY);CFB Showdown $2.6K Spread Option [2 Entry Max] (USM @ TROY);CFB Showdown $2.5K First Down (USM @ TROY);CFB Showdown $500 Snap (USM @ TROY);CFB Showdown $750 Blitz [2 Entry Max] (USM @ TROY);CFB Showdown $510 Tailgate [Single Entry] (USM @ TROY);CFB Showdown $500 Quarter Jukebox [Just $0.25!] (USM @ TROY);CFB Showdown Satellite to NFL $4,444 Fantasy Football MEGA Millionaire [Must Fill] (USM @ TROY);CFB Showdown $530 Winner Take All [Must Fill] (USM @ TROY)",196406622;196406628;196406619;196406624;196406623;196406620;196406621;196406625;196406912;196406906;196406915;196406911;196406913;196406909;196406905;196406907;196406627;196406626;196406936;196406935,Showdown Captain Mode 10/6 8:00PM (USM @ TROY)
Maddox McCrory - Showdown Captain Mode,196406622;196406628;196406619;196406624;196406623;196406620;196406621;196406625;196406912;196406906;196406915;196406911;196406913;196406909;196406905;196406907;196406627;196406626;196406936;196406935,44380385,44380385,Maddox McCrory,Maddox,McCrory,6000,QB,USM,USM @ TROY,10/06/2026 08:00 PM,,USM @ TROY,Showdown Captain Mode,CFB,10/6,Showdown Captain Mode 10/6 8:00PM (USM @ TROY),"CFB Showdown $25K Tuesday Kickoff [$5K to 1st] (USM @ TROY);CFB Showdown $1.5K Coffin Corner [Single Entry] (USM @ TROY);CFB Showdown $2.6K Spread Option [2 Entry Max] (USM @ TROY);CFB Showdown $2.5K First Down (USM @ TROY);CFB Showdown $500 Snap (USM @ TROY);CFB Showdown $750 Blitz [2 Entry Max] (USM @ TROY);CFB Showdown $510 Tailgate [Single Entry] (USM @ TROY);CFB Showdown $500 Quarter Jukebox [Just $0.25!] (USM @ TROY);CFB Showdown Satellite to NFL $4,444 Fantasy Football MEGA Millionaire [Must Fill] (USM @ TROY);CFB Showdown $530 Winner Take All [Must Fill] (USM @ TROY)",196406622;196406628;196406619;196406624;196406623;196406620;196406621;196406625;196406912;196406906;196406915;196406911;196406913;196406909;196406905;196406907;196406627;196406626;196406936;196406935,Showdown Captain Mode 10/6 8:00PM (USM @ TROY)
Hugh Price - Showdown Captain Mode,196406622;196406628;196406619;196406624;196406623;196406620;196406621;196406625;196406912;196406906;196406915;196406911;196406913;196406909;196406905;196406907;196406627;196406626;196406936;196406935,44380386,44380386,Hugh Price,Hugh,Price,6000,QB,USM,USM @ TROY,10/06/2026 08:00 PM,,USM @ TROY,Showdown Captain Mode,CFB,10/6,Showdown Captain Mode 10/6 8:00PM (USM @ TROY),"CFB Showdown $25K Tuesday Kickoff [$5K to 1st] (USM @ TROY);CFB Showdown $1.5K Coffin Corner [Single Entry] (USM @ TROY);CFB Showdown $2.6K Spread Option [2 Entry Max] (USM @ TROY);CFB Showdown $2.5K First Down (USM @ TROY);CFB Showdown $500 Snap (USM @ TROY);CFB Showdown $750 Blitz [2 Entry Max] (USM @ TROY);CFB Showdown $510 Tailgate [Single Entry] (USM @ TROY);CFB Showdown $500 Quarter Jukebox [Just $0.25!] (USM @ TROY);CFB Showdown Satellite to NFL $4,444 Fantasy Football MEGA Millionaire [Must Fill] (USM @ TROY);CFB Showdown $530 Winner Take All [Must Fill] (USM @ TROY)",196406622;196406628;196406619;196406624;196406623;196406620;196406621;196406625;196406912;196406906;196406915;196406911;196406913;196406909;196406905;196406907;196406627;196406626;196406936;196406935,Showdown Captain Mode 10/6 8:00PM (USM @ TROY)
Rodge Waldrop - Showdown Captain Mode,196406622;196406628;196406619;196406624;196406623;196406620;196406621;196406625;196406912;196406906;196406915;196406911;196406913;196406909;196406905;196406907;196406627;196406626;196406936;196406935,44380387,44380387,Rodge Waldrop,Rodge,Waldrop,6000,QB,TROY,USM @ TROY,10/06/2026 08:00 PM,,USM @ TROY,Showdown Captain Mode,CFB,10/6,Showdown Captain Mode 10/6 8:00PM (USM @ TROY),"CFB Showdown $25K Tuesday Kickoff [$5K to 1st] (USM @ TROY);CFB Showdown $1.5K Coffin Corner [Single Entry] (USM @ TROY);CFB Showdown $2.6K Spread Option [2 Entry Max] (USM @ TROY);CFB Showdown $2.5K First Down (USM @ TROY);CFB Showdown $500 Snap (USM @ TROY);CFB Showdown $750 Blitz [2 Entry Max] (USM @ TROY);CFB Showdown $510 Tailgate [Single Entry] (USM @ TROY);CFB Showdown $500 Quarter Jukebox [Just $0.25!] (USM @ TROY);CFB Showdown Satellite to NFL $4,444 Fantasy Football MEGA Millionaire [Must Fill] (USM @ TROY);CFB Showdown $530 Winner Take All [Must Fill] (USM @ TROY)",196406622;196406628;196406619;196406624;196406623;196406620;196406621;196406625;196406912;196406906;196406915;196406911;196406913;196406909;196406905;196406907;196406627;196406626;196406936;196406935,Showdown Captain Mode 10/6 8:00PM (USM @ TROY)
John White - Showdown Captain Mode,196406622;196406628;196406619;196406624;196406623;196406620;196406621;196406625;196406912;196406906;196406915;196406911;196406913;196406909;196406905;196406907;196406627;196406626;196406936;196406935,44380388,44380388,John White,John,White,6000,QB,USM,USM @ TROY,10/06/2026 08:00 PM,,USM @ TROY,Showdown Captain Mode,CFB,10/6,Showdown Captain Mode 10/6 8:00PM (USM @ TROY),"CFB Showdown $25K Tuesday Kickoff [$5K to 1st] (USM @ TROY);CFB Showdown $1.5K Coffin Corner [Single Entry] (USM @ TROY);CFB Showdown $2.6K Spread Option [2 Entry Max] (USM @ TROY);CFB Showdown $2.5K First Down (USM @ TROY);CFB Showdown $500 Snap (USM @ TROY);CFB Showdown $750 Blitz [2 Entry Max] (USM @ TROY);CFB Showdown $510 Tailgate [Single Entry] (USM @ TROY);CFB Showdown $500 Quarter Jukebox [Just $0.25!] (USM @ TROY);CFB Showdown Satellite to NFL $4,444 Fantasy Football MEGA Millionaire [Must Fill] (USM @ TROY);CFB Showdown $530 Winner Take All [Must Fill] (USM @ TROY)",196406622;196406628;196406619;196406624;196406623;196406620;196406621;196406625;196406912;196406906;196406915;196406911;196406913;196406909;196406905;196406907;196406627;196406626;196406936;196406935,Showdown Captain Mode 10/6 8:00PM (USM @ TROY)
Jack James - Showdown Captain Mode,196406622;196406628;196406619;196406624;196406623;196406620;196406621;196406625;196406912;196406906;196406915;196406911;196406913;196406909;196406905;196406907;196406627;196406626;196406936;196406935,44380389,44380389,Jack James,Jack,James,6000,QB,TROY,USM @ TROY,10/06/2026 08:00 PM,,USM @ TROY,Showdown Captain Mode,CFB,10/6,Showdown Captain Mode 10/6 8:00PM (USM @ TROY),"CFB Showdown $25K Tuesday Kickoff [$5K to 1st] (USM @ TROY);CFB Showdown $1.5K Coffin Corner [Single Entry] (USM @ TROY);CFB Showdown $2.6K Spread Option [2 Entry Max] (USM @ TROY);CFB Showdown $2.5K First Down (USM @ TROY);CFB Showdown $500 Snap (USM @ TROY);CFB Showdown $750 Blitz [2 Entry Max] (USM @ TROY);CFB Showdown $510 Tailgate [Single Entry] (USM @ TROY);CFB Showdown $500 Quarter Jukebox [Just $0.25!] (USM @ TROY);CFB Showdown Satellite to NFL $4,444 Fantasy Football MEGA Millionaire [Must Fill] (USM @ TROY);CFB Showdown $530 Winner Take All [Must Fill] (USM @ TROY)",196406622;196406628;196406619;196406624;196406623;196406620;196406621;196406625;196406912;196406906;196406915;196406911;196406913;196406909;196406905;196406907;196406627;196406626;196406936;196406935,Showdown Captain Mode 10/6 8:00PM (USM @ TROY)
Noreel White - Showdown Captain Mode,196406622;196406628;196406619;196406624;196406623;196406620;196406621;196406625;196406912;196406906;196406915;196406911;196406913;196406909;196406905;196406907;196406627;196406626;196406936;196406935,44380475,44380475,Noreel White,Noreel,White,5700,CPT,TROY,USM @ TROY,10/06/2026 08:00 PM,,USM @ TROY,Showdown Captain Mode,CFB,10/6,Showdown Captain Mode 10/6 8:00PM (USM @ TROY),"CFB Showdown $25K Tuesday Kickoff [$5K to 1st] (USM @ TROY);CFB Showdown $1.5K Coffin Corner [Single Entry] (USM @ TROY);CFB Showdown $2.6K Spread Option [2 Entry Max] (USM @ TROY);CFB Showdown $2.5K First Down (USM @ TROY);CFB Showdown $500 Snap (USM @ TROY);CFB Showdown $750 Blitz [2 Entry Max] (USM @ TROY);CFB Showdown $510 Tailgate [Single Entry] (USM @ TROY);CFB Showdown $500 Quarter Jukebox [Just $0.25!] (USM @ TROY);CFB Showdown Satellite to NFL $4,444 Fantasy Football MEGA Millionaire [Must Fill] (USM @ TROY);CFB Showdown $530 Winner Take All [Must Fill] (USM @ TROY)",196406622;196406628;196406619;196406624;196406623;196406620;196406621;196406625;196406912;196406906;196406915;196406911;196406913;196406909;196406905;196406907;196406627;196406626;196406936;196406935,Showdown Captain Mode 10/6 8:00PM (USM @ TROY)
Jamarice Wilder - Showdown Captain Mode,196406622;196406628;196406619;196406624;196406623;196406620;196406621;196406625;196406912;196406906;196406915;196406911;196406913;196406909;196406905;196406907;196406627;196406626;196406936;196406935,44380390,44380390,Jamarice Wilder,Jamarice,Wilder,5600,RB,USM,USM @ TROY,10/06/2026 08:00 PM,,USM @ TROY,Showdown Captain Mode,CFB,10/6,Showdown Captain Mode 10/6 8:00PM (USM @ TROY),"CFB Showdown $25K Tuesday Kickoff [$5K to 1st] (USM @ TROY);CFB Showdown $1.5K Coffin Corner [Single Entry] (USM @ TROY);CFB Showdown $2.6K Spread Option [2 Entry Max] (USM @ TROY);CFB Showdown $2.5K First Down (USM @ TROY);CFB Showdown $500 Snap (USM @ TROY);CFB Showdown $750 Blitz [2 Entry Max] (USM @ TROY);CFB Showdown $510 Tailgate [Single Entry] (USM @ TROY);CFB Showdown $500 Quarter Jukebox [Just $0.25!] (USM @ TROY);CFB Showdown Satellite to NFL $4,444 Fantasy Football MEGA Millionaire [Must Fill] (USM @ TROY);CFB Showdown $530 Winner Take All [Must Fill] (USM @ TROY)",196406622;196406628;196406619;196406624;196406623;196406620;196406621;196406625;196406912;196406906;196406915;196406911;196406913;196406909;196406905;196406907;196406627;196406626;196406936;196406935,Showdown Captain Mode 10/6 8:00PM (USM @ TROY)
Jaylen Himes - Showdown Captain Mode,196406622;196406628;196406619;196406624;196406623;196406620;196406621;196406625;196406912;196406906;196406915;196406911;196406913;196406909;196406905;196406907;196406627;196406626;196406936;196406935,44380391,44380391,Jaylen Himes,Jaylen,Himes,5400,WR,USM,USM @ TROY,10/06/2026 08:00 PM,,USM @ TROY,Showdown Captain Mode,CFB,10/6,Showdown Captain Mode 10/6 8:00PM (USM @ TROY),"CFB Showdown $25K Tuesday Kickoff [$5K to 1st] (USM @ TROY);CFB Showdown $1.5K Coffin Corner [Single Entry] (USM @ TROY);CFB Showdown $2.6K Spread Option [2 Entry Max] (USM @ TROY);CFB Showdown $2.5K First Down (USM @ TROY);CFB Showdown $500 Snap (USM @ TROY);CFB Showdown $750 Blitz [2 Entry Max] (USM @ TROY);CFB Showdown $510 Tailgate [Single Entry] (USM @ TROY);CFB Showdown $500 Quarter Jukebox [Just $0.25!] (USM @ TROY);CFB Showdown Satellite to NFL $4,444 Fantasy Football MEGA Millionaire [Must Fill] (USM @ TROY);CFB Showdown $530 Winner Take All [Must Fill] (USM @ TROY)",196406622;196406628;196406619;196406624;196406623;196406620;196406621;196406625;196406912;196406906;196406915;196406911;196406913;196406909;196406905;196406907;196406627;196406626;196406936;196406935,Showdown Captain Mode 10/6 8:00PM (USM @ TROY)
Robert Briggs - Showdown Captain Mode,196406622;196406628;196406619;196406624;196406623;196406620;196406621;196406625;196406912;196406906;196406915;196406911;196406913;196406909;196406905;196406907;196406627;196406626;196406936;196406935,44380392,44380392,Robert Briggs,Robert,Briggs,5200,RB,USM,USM @ TROY,10/06/2026 08:00 PM,,USM @ TROY,Showdown Captain Mode,CFB,10/6,Showdown Captain Mode 10/6 8:00PM (USM @ TROY),"CFB Showdown $25K Tuesday Kickoff [$5K to 1st] (USM @ TROY);CFB Showdown $1.5K Coffin Corner [Single Entry] (USM @ TROY);CFB Showdown $2.6K Spread Option [2 Entry Max] (USM @ TROY);CFB Showdown $2.5K First Down (USM @ TROY);CFB Showdown $500 Snap (USM @ TROY);CFB Showdown $750 Blitz [2 Entry Max] (USM @ TROY);CFB Showdown $510 Tailgate [Single Entry] (USM @ TROY);CFB Showdown $500 Quarter Jukebox [Just $0.25!] (USM @ TROY);CFB Showdown Satellite to NFL $4,444 Fantasy Football MEGA Millionaire [Must Fill] (USM @ TROY);CFB Showdown $530 Winner Take All [Must Fill] (USM @ TROY)",196406622;196406628;196406619;196406624;196406623;196406620;196406621;196406625;196406912;196406906;196406915;196406911;196406913;196406909;196406905;196406907;196406627;196406626;196406936;196406935,Showdown Captain Mode 10/6 8:00PM (USM @ TROY)
Davis Dalton - Showdown Captain Mode,196406622;196406628;196406619;196406624;196406623;196406620;196406621;196406625;196406912;196406906;196406915;196406911;196406913;196406909;196406905;196406907;196406627;196406626;196406936;196406935,44380476,44380476,Davis Dalton,Davis,Dalton,5100,CPT,USM,USM @ TROY,10/06/2026 08:00 PM,,USM @ TROY,Showdown Captain Mode,CFB,10/6,Showdown Captain Mode 10/6 8:00PM (USM @ TROY),"CFB Showdown $25K Tuesday Kickoff [$5K to 1st] (USM @ TROY);CFB Showdown $1.5K Coffin Corner [Single Entry] (USM @ TROY);CFB Showdown $2.6K Spread Option [2 Entry Max] (USM @ TROY);CFB Showdown $2.5K First Down (USM @ TROY);CFB Showdown $500 Snap (USM @ TROY);CFB Showdown $750 Blitz [2 Entry Max] (USM @ TROY);CFB Showdown $510 Tailgate [Single Entry] (USM @ TROY);CFB Showdown $500 Quarter Jukebox [Just $0.25!] (USM @ TROY);CFB Showdown Satellite to NFL $4,444 Fantasy Football MEGA Millionaire [Must Fill] (USM @ TROY);CFB Showdown $530 Winner Take All [Must Fill] (USM @ TROY)",196406622;196406628;196406619;196406624;196406623;196406620;196406621;196406625;196406912;196406906;196406915;196406911;196406913;196406909;196406905;196406907;196406627;196406626;196406936;196406935,Showdown Captain Mode 10/6 8:00PM (USM @ TROY)
Jaheim Merriweather - Showdown Captain Mode,196406622;196406628;196406619;196406624;196406623;196406620;196406621;196406625;196406912;196406906;196406915;196406911;196406913;196406909;196406905;196406907;196406627;196406626;196406936;196406935,44380393,44380393,Jaheim Merriweather,Jaheim,Merriweather,5000,RB,TROY,USM @ TROY,10/06/2026 08:00 PM,,USM @ TROY,Showdown Captain Mode,CFB,10/6,Showdown Captain Mode 10/6 8:00PM (USM @ TROY),"CFB Showdown $25K Tuesday Kickoff [$5K to 1st] (USM @ TROY);CFB Showdown $1.5K Coffin Corner [Single Entry] (USM @ TROY);CFB Showdown $2.6K Spread Option [2 Entry Max] (USM @ TROY);CFB Showdown $2.5K First Down (USM @ TROY);CFB Showdown $500 Snap (USM @ TROY);CFB Showdown $750 Blitz [2 Entry Max] (USM @ TROY);CFB Showdown $510 Tailgate [Single Entry] (USM @ TROY);CFB Showdown $500 Quarter Jukebox [Just $0.25!] (USM @ TROY);CFB Showdown Satellite to NFL $4,444 Fantasy Football MEGA Millionaire [Must Fill] (USM @ TROY);CFB Showdown $530 Winner Take All [Must Fill] (USM @ TROY)",196406622;196406628;196406619;196406624;196406623;196406620;196406621;196406625;196406912;196406906;196406915;196406911;196406913;196406909;196406905;196406907;196406627;196406626;196406936;196406935,Showdown Captain Mode 10/6 8:00PM (USM @ TROY)
Ethan Head - Showdown Captain Mode,196406622;196406628;196406619;196406624;196406623;196406620;196406621;196406625;196406912;196406906;196406915;196406911;196406913;196406909;196406905;196406907;196406627;196406626;196406936;196406935,44380394,44380394,Ethan Head,Ethan,Head,4800,K,TROY,USM @ TROY,10/06/2026 08:00 PM,,USM @ TROY,Showdown Captain Mode,CFB,10/6,Showdown Captain Mode 10/6 8:00PM (USM @ TROY),"CFB Showdown $25K Tuesday Kickoff [$5K to 1st] (USM @ TROY);CFB Showdown $1.5K Coffin Corner [Single Entry] (USM @ TROY);CFB Showdown $2.6K Spread Option [2 Entry Max] (USM @ TROY);CFB Showdown $2.5K First Down (USM @ TROY);CFB Showdown $500 Snap (USM @ TROY);CFB Showdown $750 Blitz [2 Entry Max] (USM @ TROY);CFB Showdown $510 Tailgate [Single Entry] (USM @ TROY);CFB Showdown $500 Quarter Jukebox [Just $0.25!] (USM @ TROY);CFB Showdown Satellite to NFL $4,444 Fantasy Football MEGA Millionaire [Must Fill] (USM @ TROY);CFB Showdown $530 Winner Take All [Must Fill] (USM @ TROY)",196406622;196406628;196406619;196406624;196406623;196406620;196406621;196406625;196406912;196406906;196406915;196406911;196406913;196406909;196406905;196406907;196406627;196406626;196406936;196406935,Showdown Captain Mode 10/6 8:00PM (USM @ TROY)
Jaden Tynes - Showdown Captain Mode,196406622;196406628;196406619;196406624;196406623;196406620;196406621;196406625;196406912;196406906;196406915;196406911;196406913;196406909;196406905;196406907;196406627;196406626;196406936;196406935,44380395,44380395,Jaden Tynes,Jaden,Tynes,4800,K,TROY,USM @ TROY,10/06/2026 08:00 PM,,USM @ TROY,Showdown Captain Mode,CFB,10/6,Showdown Captain Mode 10/6 8:00PM (USM @ TROY),"CFB Showdown $25K Tuesday Kickoff [$5K to 1st] (USM @ TROY);CFB Showdown $1.5K Coffin Corner [Single Entry] (USM @ TROY);CFB Showdown $2.6K Spread Option [2 Entry Max] (USM @ TROY);CFB Showdown $2.5K First Down (USM @ TROY);CFB Showdown $500 Snap (USM @ TROY);CFB Showdown $750 Blitz [2 Entry Max] (USM @ TROY);CFB Showdown $510 Tailgate [Single Entry] (USM @ TROY);CFB Showdown $500 Quarter Jukebox [Just $0.25!] (USM @ TROY);CFB Showdown Satellite to NFL $4,444 Fantasy Football MEGA Millionaire [Must Fill] (USM @ TROY);CFB Showdown $530 Winner Take All [Must Fill] (USM @ TROY)",196406622;196406628;196406619;196406624;196406623;196406620;196406621;196406625;196406912;196406906;196406915;196406911;196406913;196406909;196406905;196406907;196406627;196406626;196406936;196406935,Showdown Captain Mode 10/6 8:00PM (USM @ TROY)
Jalen Ballard - Showdown Captain Mode,196406622;196406628;196406619;196406624;196406623;196406620;196406621;196406625;196406912;196406906;196406915;196406911;196406913;196406909;196406905;196406907;196406627;196406626;196406936;196406935,44380396,44380396,Jalen Ballard,Jalen,Ballard,4800,K,TROY,USM @ TROY,10/06/2026 08:00 PM,,USM @ TROY,Showdown Captain Mode,CFB,10/6,Showdown Captain Mode 10/6 8:00PM (USM @ TROY),"CFB Showdown $25K Tuesday Kickoff [$5K to 1st] (USM @ TROY);CFB Showdown $1.5K Coffin Corner [Single Entry] (USM @ TROY);CFB Showdown $2.6K Spread Option [2 Entry Max] (USM @ TROY);CFB Showdown $2.5K First Down (USM @ TROY);CFB Showdown $500 Snap (USM @ TROY);CFB Showdown $750 Blitz [2 Entry Max] (USM @ TROY);CFB Showdown $510 Tailgate [Single Entry] (USM @ TROY);CFB Showdown $500 Quarter Jukebox [Just $0.25!] (USM @ TROY);CFB Showdown Satellite to NFL $4,444 Fantasy Football MEGA Millionaire [Must Fill] (USM @ TROY);CFB Showdown $530 Winner Take All [Must Fill] (USM @ TROY)",196406622;196406628;196406619;196406624;196406623;196406620;196406621;196406625;196406912;196406906;196406915;196406911;196406913;196406909;196406905;196406907;196406627;196406626;196406936;196406935,Showdown Captain Mode 10/6 8:00PM (USM @ TROY)
Hayden Wolfe - Showdown Captain Mode,196406622;196406628;196406619;196406624;196406623;196406620;196406621;196406625;196406912;196406906;196406915;196406911;196406913;196406909;196406905;196406907;196406627;196406626;196406936;196406935,44380397,44380397,Hayden Wolfe,Hayden,Wolfe,4800,K,TROY,USM @ TROY,10/06/2026 08:00 PM,,USM @ TROY,Showdown Captain Mode,CFB,10/6,Showdown Captain Mode 10/6 8:00PM (USM @ TROY),"CFB Showdown $25K Tuesday Kickoff [$5K to 1st] (USM @ TROY);CFB Showdown $1.5K Coffin Corner [Single Entry] (USM @ TROY);CFB Showdown $2.6K Spread Option [2 Entry Max] (USM @ TROY);CFB Showdown $2.5K First Down (USM @ TROY);CFB Showdown $500 Snap (USM @ TROY);CFB Showdown $750 Blitz [2 Entry Max] (USM @ TROY);CFB Showdown $510 Tailgate [Single Entry] (USM @ TROY);CFB Showdown $500 Quarter Jukebox [Just $0.25!] (USM @ TROY);CFB Showdown Satellite to NFL $4,444 Fantasy Football MEGA Millionaire [Must Fill] (USM @ TROY);CFB Showdown $530 Winner Take All [Must Fill] (USM @ TROY)",196406622;196406628;196406619;196406624;196406623;196406620;196406621;196406625;196406912;196406906;196406915;196406911;196406913;196406909;196406905;196406907;196406627;196406626;196406936;196406935,Showdown Captain Mode 10/6 8:00PM (USM @ TROY)
Bryce Burgess - Showdown Captain Mode,196406622;196406628;196406619;196406624;196406623;196406620;196406621;196406625;196406912;196406906;196406915;196406911;196406913;196406909;196406905;196406907;196406627;196406626;196406936;196406935,44380398,44380398,Bryce Burgess,Bryce,Burgess,4600,RB,TROY,USM @ TROY,10/06/2026 08:00 PM,,USM @ TROY,Showdown Captain Mode,CFB,10/6,Showdown Captain Mode 10/6 8:00PM (USM @ TROY),"CFB Showdown $25K Tuesday Kickoff [$5K to 1st] (USM @ TROY);CFB Showdown $1.5K Coffin Corner [Single Entry] (USM @ TROY);CFB Showdown $2.6K Spread Option [2 Entry Max] (USM @ TROY);CFB Showdown $2.5K First Down (USM @ TROY);CFB Showdown $500 Snap (USM @ TROY);CFB Showdown $750 Blitz [2 Entry Max] (USM @ TROY);CFB Showdown $510 Tailgate [Single Entry] (USM @ TROY);CFB Showdown $500 Quarter Jukebox [Just $0.25!] (USM @ TROY);CFB Showdown Satellite to NFL $4,444 Fantasy Football MEGA Millionaire [Must Fill] (USM @ TROY);CFB Showdown $530 Winner Take All [Must Fill] (USM @ TROY)",196406622;196406628;196406619;196406624;196406623;196406620;196406621;196406625;196406912;196406906;196406915;196406911;196406913;196406909;196406905;196406907;196406627;196406626;196406936;196406935,Showdown Captain Mode 10/6 8:00PM (USM @ TROY)
Jace Petty - Showdown Captain Mode,196406622;196406628;196406619;196406624;196406623;196406620;196406621;196406625;196406912;196406906;196406915;196406911;196406913;196406909;196406905;196406907;196406627;196406626;196406936;196406935,44380477,44380477,Jace Petty,Jace,Petty,4500,CPT,TROY,USM @ TROY,10/06/2026 08:00 PM,,USM @ TROY,Showdown Captain Mode,CFB,10/6,Showdown Captain Mode 10/6 8:00PM (USM @ TROY),"CFB Showdown $25K Tuesday Kickoff [$5K to 1st] (USM @ TROY);CFB Showdown $1.5K Coffin Corner [Single Entry] (USM @ TROY);CFB Showdown $2.6K Spread Option [2 Entry Max] (USM @ TROY);CFB Showdown $2.5K First Down (USM @ TROY);CFB Showdown $500 Snap (USM @ TROY);CFB Showdown $750 Blitz [2 Entry Max] (USM @ TROY);CFB Showdown $510 Tailgate [Single Entry] (USM @ TROY);CFB Showdown $500 Quarter Jukebox [Just $0.25!] (USM @ TROY);CFB Showdown Satellite to NFL $4,444 Fantasy Football MEGA Millionaire [Must Fill] (USM @ TROY);CFB Showdown $530 Winner Take All [Must Fill] (USM @ TROY)",196406622;196406628;196406619;196406624;196406623;196406620;196406621;196406625;196406912;196406906;196406915;196406911;196406913;196406909;196406905;196406907;196406627;196406626;196406936;196406935,Showdown Captain Mode 10/6 8:00PM (USM @ TROY)
Reed Harradine - Showdown Captain Mode,196406622;196406628;196406619;196406624;196406623;196406620;196406621;196406625;196406912;196406906;196406915;196406911;196406913;196406909;196406905;196406907;196406627;196406626;196406936;196406935,44380399,44380399,Reed Harradine,Reed,Harradine,4400,K,USM,USM @ TROY,10/06/2026 08:00 PM,,USM @ TROY,Showdown Captain Mode,CFB,10/6,Showdown Captain Mode 10/6 8:00PM (USM @ TROY),"CFB Showdown $25K Tuesday Kickoff [$5K to 1st] (USM @ TROY);CFB Showdown $1.5K Coffin Corner [Single Entry] (USM @ TROY);CFB Showdown $2.6K Spread Option [2 Entry Max] (USM @ TROY);CFB Showdown $2.5K First Down (USM @ TROY);CFB Showdown $500 Snap (USM @ TROY);CFB Showdown $750 Blitz [2 Entry Max] (USM @ TROY);CFB Showdown $510 Tailgate [Single Entry] (USM @ TROY);CFB Showdown $500 Quarter Jukebox [Just $0.25!] (USM @ TROY);CFB Showdown Satellite to NFL $4,444 Fantasy Football MEGA Millionaire [Must Fill] (USM @ TROY);CFB Showdown $530 Winner Take All [Must Fill] (USM @ TROY)",196406622;196406628;196406619;196406624;196406623;196406620;196406621;196406625;196406912;196406906;196406915;196406911;196406913;196406909;196406905;196406907;196406627;196406626;196406936;196406935,Showdown Captain Mode 10/6 8:00PM (USM @ TROY)
Creighton Wilbanks - Showdown Captain Mode,196406622;196406628;196406619;196406624;196406623;196406620;196406621;196406625;196406912;196406906;196406915;196406911;196406913;196406909;196406905;196406907;196406627;196406626;196406936;196406935,44380400,44380400,Creighton Wilbanks,Creighton,Wilbanks,4400,K,USM,USM @ TROY,10/06/2026 08:00 PM,,USM @ TROY,Showdown Captain Mode,CFB,10/6,Showdown Captain Mode 10/6 8:00PM (USM @ TROY),"CFB Showdown $25K Tuesday Kickoff [$5K to 1st] (USM @ TROY);CFB Showdown $1.5K Coffin Corner [Single Entry] (USM @ TROY);CFB Showdown $2.6K Spread Option [2 Entry Max] (USM @ TROY);CFB Showdown $2.5K First Down (USM @ TROY);CFB Showdown $500 Snap (USM @ TROY);CFB Showdown $750 Blitz [2 Entry Max] (USM @ TROY);CFB Showdown $510 Tailgate [Single Entry] (USM @ TROY);CFB Showdown $500 Quarter Jukebox [Just $0.25!] (USM @ TROY);CFB Showdown Satellite to NFL $4,444 Fantasy Football MEGA Millionaire [Must Fill] (USM @ TROY);CFB Showdown $530 Winner Take All [Must Fill] (USM @ TROY)",196406622;196406628;196406619;196406624;196406623;196406620;196406621;196406625;196406912;196406906;196406915;196406911;196406913;196406909;196406905;196406907;196406627;196406626;196406936;196406935,Showdown Captain Mode 10/6 8:00PM (USM @ TROY)
Grant Page - Showdown Captain Mode,196406622;196406628;196406619;196406624;196406623;196406620;196406621;196406625;196406912;196406906;196406915;196406911;196406913;196406909;196406905;196406907;196406627;196406626;196406936;196406935,44380478,44380478,Grant Page,Grant,Page,4200,CPT,USM,USM @ TROY,10/06/2026 08:00 PM,,USM @ TROY,Showdown Captain Mode,CFB,10/6,Showdown Captain Mode 10/6 8:00PM (USM @ TROY),"CFB Showdown $25K Tuesday Kickoff [$5K to 1st] (USM @ TROY);CFB Showdown $1.5K Coffin Corner [Single Entry] (USM @ TROY);CFB Showdown $2.6K Spread Option [2 Entry Max] (USM @ TROY);CFB Showdown $2.5K First Down (USM @ TROY);CFB Showdown $500 Snap (USM @ TROY);CFB Showdown $750 Blitz [2 Entry Max] (USM @ TROY);CFB Showdown $510 Tailgate [Single Entry] (USM @ TROY);CFB Showdown $500 Quarter Jukebox [Just $0.25!] (USM @ TROY);CFB Showdown Satellite to NFL $4,444 Fantasy Football MEGA Millionaire [Must Fill] (USM @ TROY);CFB Showdown $530 Winner Take All [Must Fill] (USM @ TROY)",196406622;196406628;196406619;196406624;196406623;196406620;196406621;196406625;196406912;196406906;196406915;196406911;196406913;196406909;196406905;196406907;196406627;196406626;196406936;196406935,Showdown Captain Mode 10/6 8:00PM (USM @ TROY)
Fabian Rogosch - Showdown Captain Mode,196406622;196406628;196406619;196406624;196406623;196406620;196406621;196406625;196406912;196406906;196406915;196406911;196406913;196406909;196406905;196406907;196406627;196406626;196406936;196406935,44380479,44380479,Fabian Rogosch,Fabian,Rogosch,3900,CPT,TROY,USM @ TROY,10/06/2026 08:00 PM,,USM @ TROY,Showdown Captain Mode,CFB,10/6,Showdown Captain Mode 10/6 8:00PM (USM @ TROY),"CFB Showdown $25K Tuesday Kickoff [$5K to 1st] (USM @ TROY);CFB Showdown $1.5K Coffin Corner [Single Entry] (USM @ TROY);CFB Showdown $2.6K Spread Option [2 Entry Max] (USM @ TROY);CFB Showdown $2.5K First Down (USM @ TROY);CFB Showdown $500 Snap (USM @ TROY);CFB Showdown $750 Blitz [2 Entry Max] (USM @ TROY);CFB Showdown $510 Tailgate [Single Entry] (USM @ TROY);CFB Showdown $500 Quarter Jukebox [Just $0.25!] (USM @ TROY);CFB Showdown Satellite to NFL $4,444 Fantasy Football MEGA Millionaire [Must Fill] (USM @ TROY);CFB Showdown $530 Winner Take All [Must Fill] (USM @ TROY)",196406622;196406628;196406619;196406624;196406623;196406620;196406621;196406625;196406912;196406906;196406915;196406911;196406913;196406909;196406905;196406907;196406627;196406626;196406936;196406935,Showdown Captain Mode 10/6 8:00PM (USM @ TROY)
Noreel White - Showdown Captain Mode,196406622;196406628;196406619;196406624;196406623;196406620;196406621;196406625;196406912;196406906;196406915;196406911;196406913;196406909;196406905;196406907;196406627;196406626;196406936;196406935,44380401,44380401,Noreel White,Noreel,White,3800,WR,TROY,USM @ TROY,10/06/2026 08:00 PM,,USM @ TROY,Showdown Captain Mode,CFB,10/6,Showdown Captain Mode 10/6 8:00PM (USM @ TROY),"CFB Showdown $25K Tuesday Kickoff [$5K to 1st] (USM @ TROY);CFB Showdown $1.5K Coffin Corner [Single Entry] (USM @ TROY);CFB Showdown $2.6K Spread Option [2 Entry Max] (USM @ TROY);CFB Showdown $2.5K First Down (USM @ TROY);CFB Showdown $500 Snap (USM @ TROY);CFB Showdown $750 Blitz [2 Entry Max] (USM @ TROY);CFB Showdown $510 Tailgate [Single Entry] (USM @ TROY);CFB Showdown $500 Quarter Jukebox [Just $0.25!] (USM @ TROY);CFB Showdown Satellite to NFL $4,444 Fantasy Football MEGA Millionaire [Must Fill] (USM @ TROY);CFB Showdown $530 Winner Take All [Must Fill] (USM @ TROY)",196406622;196406628;196406619;196406624;196406623;196406620;196406621;196406625;196406912;196406906;196406915;196406911;196406913;196406909;196406905;196406907;196406627;196406626;196406936;196406935,Showdown Captain Mode 10/6 8:00PM (USM @ TROY)
Preston Kilgore - Showdown Captain Mode,196406622;196406628;196406619;196406624;196406623;196406620;196406621;196406625;196406912;196406906;196406915;196406911;196406913;196406909;196406905;196406907;196406627;196406626;196406936;196406935,44380480,44380480,Preston Kilgore,Preston,Kilgore,3600,CPT,USM,USM @ TROY,10/06/2026 08:00 PM,,USM @ TROY,Showdown Captain Mode,CFB,10/6,Showdown Captain Mode 10/6 8:00PM (USM @ TROY),"CFB Showdown $25K Tuesday Kickoff [$5K to 1st] (USM @ TROY);CFB Showdown $1.5K Coffin Corner [Single Entry] (USM @ TROY);CFB Showdown $2.6K Spread Option [2 Entry Max] (USM @ TROY);CFB Showdown $2.5K First Down (USM @ TROY);CFB Showdown $500 Snap (USM @ TROY);CFB Showdown $750 Blitz [2 Entry Max] (USM @ TROY);CFB Showdown $510 Tailgate [Single Entry] (USM @ TROY);CFB Showdown $500 Quarter Jukebox [Just $0.25!] (USM @ TROY);CFB Showdown Satellite to NFL $4,444 Fantasy Football MEGA Millionaire [Must Fill] (USM @ TROY);CFB Showdown $530 Winner Take All [Must Fill] (USM @ TROY)",196406622;196406628;196406619;196406624;196406623;196406620;196406621;196406625;196406912;196406906;196406915;196406911;196406913;196406909;196406905;196406907;196406627;196406626;196406936;196406935,Showdown Captain Mode 10/6 8:00PM (USM @ TROY)
Davis Dalton - Showdown Captain Mode,196406622;196406628;196406619;196406624;196406623;196406620;196406621;196406625;196406912;196406906;196406915;196406911;196406913;196406909;196406905;196406907;196406627;196406626;196406936;196406935,44380402,44380402,Davis Dalton,Davis,Dalton,3400,WR,USM,USM @ TROY,10/06/2026 08:00 PM,,USM @ TROY,Showdown Captain Mode,CFB,10/6,Showdown Captain Mode 10/6 8:00PM (USM @ TROY),"CFB Showdown $25K Tuesday Kickoff [$5K to 1st] (USM @ TROY);CFB Showdown $1.5K Coffin Corner [Single Entry] (USM @ TROY);CFB Showdown $2.6K Spread Option [2 Entry Max] (USM @ TROY);CFB Showdown $2.5K First Down (USM @ TROY);CFB Showdown $500 Snap (USM @ TROY);CFB Showdown $750 Blitz [2 Entry Max] (USM @ TROY);CFB Showdown $510 Tailgate [Single Entry] (USM @ TROY);CFB Showdown $500 Quarter Jukebox [Just $0.25!] (USM @ TROY);CFB Showdown Satellite to NFL $4,444 Fantasy Football MEGA Millionaire [Must Fill] (USM @ TROY);CFB Showdown $530 Winner Take All [Must Fill] (USM @ TROY)",196406622;196406628;196406619;196406624;196406623;196406620;196406621;196406625;196406912;196406906;196406915;196406911;196406913;196406909;196406905;196406907;196406627;196406626;196406936;196406935,Showdown Captain Mode 10/6 8:00PM (USM @ TROY)
Jace Petty - Showdown Captain Mode,196406622;196406628;196406619;196406624;196406623;196406620;196406621;196406625;196406912;196406906;196406915;196406911;196406913;196406909;196406905;196406907;196406627;196406626;196406936;196406935,44380403,44380403,Jace Petty,Jace,Petty,3000,WR,TROY,USM @ TROY,10/06/2026 08:00 PM,,USM @ TROY,Showdown Captain Mode,CFB,10/6,Showdown Captain Mode 10/6 8:00PM (USM @ TROY),"CFB Showdown $25K Tuesday Kickoff [$5K to 1st] (USM @ TROY);CFB Showdown $1.5K Coffin Corner [Single Entry] (USM @ TROY);CFB Showdown $2.6K Spread Option [2 Entry Max] (USM @ TROY);CFB Showdown $2.5K First Down (USM @ TROY);CFB Showdown $500 Snap (USM @ TROY);CFB Showdown $750 Blitz [2 Entry Max] (USM @ TROY);CFB Showdown $510 Tailgate [Single Entry] (USM @ TROY);CFB Showdown $500 Quarter Jukebox [Just $0.25!] (USM @ TROY);CFB Showdown Satellite to NFL $4,444 Fantasy Football MEGA Millionaire [Must Fill] (USM @ TROY);CFB Showdown $530 Winner Take All [Must Fill] (USM @ TROY)",196406622;196406628;196406619;196406624;196406623;196406620;196406621;196406625;196406912;196406906;196406915;196406911;196406913;196406909;196406905;196406907;196406627;196406626;196406936;196406935,Showdown Captain Mode 10/6 8:00PM (USM @ TROY)
Mojo Dortch - Showdown Captain Mode,196406622;196406628;196406619;196406624;196406623;196406620;196406621;196406625;196406912;196406906;196406915;196406911;196406913;196406909;196406905;196406907;196406627;196406626;196406936;196406935,44380481,44380481,Mojo Dortch,Mojo,Dortch,3000,CPT,TROY,USM @ TROY,10/06/2026 08:00 PM,,USM @ TROY,Showdown Captain Mode,CFB,10/6,Showdown Captain Mode 10/6 8:00PM (USM @ TROY),"CFB Showdown $25K Tuesday Kickoff [$5K to 1st] (USM @ TROY);CFB Showdown $1.5K Coffin Corner [Single Entry] (USM @ TROY);CFB Showdown $2.6K Spread Option [2 Entry Max] (USM @ TROY);CFB Showdown $2.5K First Down (USM @ TROY);CFB Showdown $500 Snap (USM @ TROY);CFB Showdown $750 Blitz [2 Entry Max] (USM @ TROY);CFB Showdown $510 Tailgate [Single Entry] (USM @ TROY);CFB Showdown $500 Quarter Jukebox [Just $0.25!] (USM @ TROY);CFB Showdown Satellite to NFL $4,444 Fantasy Football MEGA Millionaire [Must Fill] (USM @ TROY);CFB Showdown $530 Winner Take All [Must Fill] (USM @ TROY)",196406622;196406628;196406619;196406624;196406623;196406620;196406621;196406625;196406912;196406906;196406915;196406911;196406913;196406909;196406905;196406907;196406627;196406626;196406936;196406935,Showdown Captain Mode 10/6 8:00PM (USM @ TROY)
Grant Page - Showdown Captain Mode,196406622;196406628;196406619;196406624;196406623;196406620;196406621;196406625;196406912;196406906;196406915;196406911;196406913;196406909;196406905;196406907;196406627;196406626;196406936;196406935,44380404,44380404,Grant Page,Grant,Page,2800,WR,USM,USM @ TROY,10/06/2026 08:00 PM,,USM @ TROY,Showdown Captain Mode,CFB,10/6,Showdown Captain Mode 10/6 8:00PM (USM @ TROY),"CFB Showdown $25K Tuesday Kickoff [$5K to 1st] (USM @ TROY);CFB Showdown $1.5K Coffin Corner [Single Entry] (USM @ TROY);CFB Showdown $2.6K Spread Option [2 Entry Max] (USM @ TROY);CFB Showdown $2.5K First Down (USM @ TROY);CFB Showdown $500 Snap (USM @ TROY);CFB Showdown $750 Blitz [2 Entry Max] (USM @ TROY);CFB Showdown $510 Tailgate [Single Entry] (USM @ TROY);CFB Showdown $500 Quarter Jukebox [Just $0.25!] (USM @ TROY);CFB Showdown Satellite to NFL $4,444 Fantasy Football MEGA Millionaire [Must Fill] (USM @ TROY);CFB Showdown $530 Winner Take All [Must Fill] (USM @ TROY)",196406622;196406628;196406619;196406624;196406623;196406620;196406621;196406625;196406912;196406906;196406915;196406911;196406913;196406909;196406905;196406907;196406627;196406626;196406936;196406935,Showdown Captain Mode 10/6 8:00PM (USM @ TROY)
Jeremiah Beck Jr. - Showdown Captain Mode,196406622;196406628;196406619;196406624;196406623;196406620;196406621;196406625;196406912;196406906;196406915;196406911;196406913;196406909;196406905;196406907;196406627;196406626;196406936;196406935,44380482,44380482,Jeremiah Beck Jr.,Jeremiah,Beck Jr.,2700,CPT,USM,USM @ TROY,10/06/2026 08:00 PM,,USM @ TROY,Showdown Captain Mode,CFB,10/6,Showdown Captain Mode 10/6 8:00PM (USM @ TROY),"CFB Showdown $25K Tuesday Kickoff [$5K to 1st] (USM @ TROY);CFB Showdown $1.5K Coffin Corner [Single Entry] (USM @ TROY);CFB Showdown $2.6K Spread Option [2 Entry Max] (USM @ TROY);CFB Showdown $2.5K First Down (USM @ TROY);CFB Showdown $500 Snap (USM @ TROY);CFB Showdown $750 Blitz [2 Entry Max] (USM @ TROY);CFB Showdown $510 Tailgate [Single Entry] (USM @ TROY);CFB Showdown $500 Quarter Jukebox [Just $0.25!] (USM @ TROY);CFB Showdown Satellite to NFL $4,444 Fantasy Football MEGA Millionaire [Must Fill] (USM @ TROY);CFB Showdown $530 Winner Take All [Must Fill] (USM @ TROY)",196406622;196406628;196406619;196406624;196406623;196406620;196406621;196406625;196406912;196406906;196406915;196406911;196406913;196406909;196406905;196406907;196406627;196406626;196406936;196406935,Showdown Captain Mode 10/6 8:00PM (USM @ TROY)
Fabian Rogosch - Showdown Captain Mode,196406622;196406628;196406619;196406624;196406623;196406620;196406621;196406625;196406912;196406906;196406915;196406911;196406913;196406909;196406905;196406907;196406627;196406626;196406936;196406935,44380405,44380405,Fabian Rogosch,Fabian,Rogosch,2600,WR,TROY,USM @ TROY,10/06/2026 08:00 PM,,USM @ TROY,Showdown Captain Mode,CFB,10/6,Showdown Captain Mode 10/6 8:00PM (USM @ TROY),"CFB Showdown $25K Tuesday Kickoff [$5K to 1st] (USM @ TROY);CFB Showdown $1.5K Coffin Corner [Single Entry] (USM @ TROY);CFB Showdown $2.6K Spread Option [2 Entry Max] (USM @ TROY);CFB Showdown $2.5K First Down (USM @ TROY);CFB Showdown $500 Snap (USM @ TROY);CFB Showdown $750 Blitz [2 Entry Max] (USM @ TROY);CFB Showdown $510 Tailgate [Single Entry] (USM @ TROY);CFB Showdown $500 Quarter Jukebox [Just $0.25!] (USM @ TROY);CFB Showdown Satellite to NFL $4,444 Fantasy Football MEGA Millionaire [Must Fill] (USM @ TROY);CFB Showdown $530 Winner Take All [Must Fill] (USM @ TROY)",196406622;196406628;196406619;196406624;196406623;196406620;196406621;196406625;196406912;196406906;196406915;196406911;196406913;196406909;196406905;196406907;196406627;196406626;196406936;196406935,Showdown Captain Mode 10/6 8:00PM (USM @ TROY)
Preston Kilgore - Showdown Captain Mode,196406622;196406628;196406619;196406624;196406623;196406620;196406621;196406625;196406912;196406906;196406915;196406911;196406913;196406909;196406905;196406907;196406627;196406626;196406936;196406935,44380406,44380406,Preston Kilgore,Preston,Kilgore,2400,WR,USM,USM @ TROY,10/06/2026 08:00 PM,,USM @ TROY,Showdown Captain Mode,CFB,10/6,Showdown Captain Mode 10/6 8:00PM (USM @ TROY),"CFB Showdown $25K Tuesday Kickoff [$5K to 1st] (USM @ TROY);CFB Showdown $1.5K Coffin Corner [Single Entry] (USM @ TROY);CFB Showdown $2.6K Spread Option [2 Entry Max] (USM @ TROY);CFB Showdown $2.5K First Down (USM @ TROY);CFB Showdown $500 Snap (USM @ TROY);CFB Showdown $750 Blitz [2 Entry Max] (USM @ TROY);CFB Showdown $510 Tailgate [Single Entry] (USM @ TROY);CFB Showdown $500 Quarter Jukebox [Just $0.25!] (USM @ TROY);CFB Showdown Satellite to NFL $4,444 Fantasy Football MEGA Millionaire [Must Fill] (USM @ TROY);CFB Showdown $530 Winner Take All [Must Fill] (USM @ TROY)",196406622;196406628;196406619;196406624;196406623;196406620;196406621;196406625;196406912;196406906;196406915;196406911;196406913;196406909;196406905;196406907;196406627;196406626;196406936;196406935,Showdown Captain Mode 10/6 8:00PM (USM @ TROY)
Jywon Boyd - Showdown Captain Mode,196406622;196406628;196406619;196406624;196406623;196406620;196406621;196406625;196406912;196406906;196406915;196406911;196406913;196406909;196406905;196406907;196406627;196406626;196406936;196406935,44380483,44380483,Jywon Boyd,Jywon,Boyd,2400,CPT,TROY,USM @ TROY,10/06/2026 08:00 PM,,USM @ TROY,Showdown Captain Mode,CFB,10/6,Showdown Captain Mode 10/6 8:00PM (USM @ TROY),"CFB Showdown $25K Tuesday Kickoff [$5K to 1st] (USM @ TROY);CFB Showdown $1.5K Coffin Corner [Single Entry] (USM @ TROY);CFB Showdown $2.6K Spread Option [2 Entry Max] (USM @ TROY);CFB Showdown $2.5K First Down (USM @ TROY);CFB Showdown $500 Snap (USM @ TROY);CFB Showdown $750 Blitz [2 Entry Max] (USM @ TROY);CFB Showdown $510 Tailgate [Single Entry] (USM @ TROY);CFB Showdown $500 Quarter Jukebox [Just $0.25!] (USM @ TROY);CFB Showdown Satellite to NFL $4,444 Fantasy Football MEGA Millionaire [Must Fill] (USM @ TROY);CFB Showdown $530 Winner Take All [Must Fill] (USM @ TROY)",196406622;196406628;196406619;196406624;196406623;196406620;196406621;196406625;196406912;196406906;196406915;196406911;196406913;196406909;196406905;196406907;196406627;196406626;196406936;196406935,Showdown Captain Mode 10/6 8:00PM (USM @ TROY)
Jackson Worley - Showdown Captain Mode,196406622;196406628;196406619;196406624;196406623;196406620;196406621;196406625;196406912;196406906;196406915;196406911;196406913;196406909;196406905;196406907;196406627;196406626;196406936;196406935,44380484,44380484,Jackson Worley,Jackson,Worley,2100,CPT,TROY,USM @ TROY,10/06/2026 08:00 PM,,USM @ TROY,Showdown Captain Mode,CFB,10/6,Showdown Captain Mode 10/6 8:00PM (USM @ TROY),"CFB Showdown $25K Tuesday Kickoff [$5K to 1st] (USM @ TROY);CFB Showdown $1.5K Coffin Corner [Single Entry] (USM @ TROY);CFB Showdown $2.6K Spread Option [2 Entry Max] (USM @ TROY);CFB Showdown $2.5K First Down (USM @ TROY);CFB Showdown $500 Snap (USM @ TROY);CFB Showdown $750 Blitz [2 Entry Max] (USM @ TROY);CFB Showdown $510 Tailgate [Single Entry] (USM @ TROY);CFB Showdown $500 Quarter Jukebox [Just $0.25!] (USM @ TROY);CFB Showdown Satellite to NFL $4,444 Fantasy Football MEGA Millionaire [Must Fill] (USM @ TROY);CFB Showdown $530 Winner Take All [Must Fill] (USM @ TROY)",196406622;196406628;196406619;196406624;196406623;196406620;196406621;196406625;196406912;196406906;196406915;196406911;196406913;196406909;196406905;196406907;196406627;196406626;196406936;196406935,Showdown Captain Mode 10/6 8:00PM (USM @ TROY)
Mojo Dortch - Showdown Captain Mode,196406622;196406628;196406619;196406624;196406623;196406620;196406621;196406625;196406912;196406906;196406915;196406911;196406913;196406909;196406905;196406907;196406627;196406626;196406936;196406935,44380407,44380407,Mojo Dortch,Mojo,Dortch,2000,WR,TROY,USM @ TROY,10/06/2026 08:00 PM,,USM @ TROY,Showdown Captain Mode,CFB,10/6,Showdown Captain Mode 10/6 8:00PM (USM @ TROY),"CFB Showdown $25K Tuesday Kickoff [$5K to 1st] (USM @ TROY);CFB Showdown $1.5K Coffin Corner [Single Entry] (USM @ TROY);CFB Showdown $2.6K Spread Option [2 Entry Max] (USM @ TROY);CFB Showdown $2.5K First Down (USM @ TROY);CFB Showdown $500 Snap (USM @ TROY);CFB Showdown $750 Blitz [2 Entry Max] (USM @ TROY);CFB Showdown $510 Tailgate [Single Entry] (USM @ TROY);CFB Showdown $500 Quarter Jukebox [Just $0.25!] (USM @ TROY);CFB Showdown Satellite to NFL $4,444 Fantasy Football MEGA Millionaire [Must Fill] (USM @ TROY);CFB Showdown $530 Winner Take All [Must Fill] (USM @ TROY)",196406622;196406628;196406619;196406624;196406623;196406620;196406621;196406625;196406912;196406906;196406915;196406911;196406913;196406909;196406905;196406907;196406627;196406626;196406936;196406935,Showdown Captain Mode 10/6 8:00PM (USM @ TROY)
Jeremiah Beck Jr. - Showdown Captain Mode,196406622;196406628;196406619;196406624;196406623;196406620;196406621;196406625;196406912;196406906;196406915;196406911;196406913;196406909;196406905;196406907;196406627;196406626;196406936;196406935,44380408,44380408,Jeremiah Beck Jr.,Jeremiah,Beck Jr.,1800,WR,USM,USM @ TROY,10/06/2026 08:00 PM,,USM @ TROY,Showdown Captain Mode,CFB,10/6,Showdown Captain Mode 10/6 8:00PM (USM @ TROY),"CFB Showdown $25K Tuesday Kickoff [$5K to 1st] (USM @ TROY);CFB Showdown $1.5K Coffin Corner [Single Entry] (USM @ TROY);CFB Showdown $2.6K Spread Option [2 Entry Max] (USM @ TROY);CFB Showdown $2.5K First Down (USM @ TROY);CFB Showdown $500 Snap (USM @ TROY);CFB Showdown $750 Blitz [2 Entry Max] (USM @ TROY);CFB Showdown $510 Tailgate [Single Entry] (USM @ TROY);CFB Showdown $500 Quarter Jukebox [Just $0.25!] (USM @ TROY);CFB Showdown Satellite to NFL $4,444 Fantasy Football MEGA Millionaire [Must Fill] (USM @ TROY);CFB Showdown $530 Winner Take All [Must Fill] (USM @ TROY)",196406622;196406628;196406619;196406624;196406623;196406620;196406621;196406625;196406912;196406906;196406915;196406911;196406913;196406909;196406905;196406907;196406627;196406626;196406936;196406935,Showdown Captain Mode 10/6 8:00PM (USM @ TROY)
Eelijah Singleton - Showdown Captain Mode,196406622;196406628;196406619;196406624;196406623;196406620;196406621;196406625;196406912;196406906;196406915;196406911;196406913;196406909;196406905;196406907;196406627;196406626;196406936;196406935,44380485,44380485,Eelijah Singleton,Eelijah,Singleton,1800,CPT,USM,USM @ TROY,10/06/2026 08:00 PM,,USM @ TROY,Showdown Captain Mode,CFB,10/6,Showdown Captain Mode 10/6 8:00PM (USM @ TROY),"CFB Showdown $25K Tuesday Kickoff [$5K to 1st] (USM @ TROY);CFB Showdown $1.5K Coffin Corner [Single Entry] (USM @ TROY);CFB Showdown $2.6K Spread Option [2 Entry Max] (USM @ TROY);CFB Showdown $2.5K First Down (USM @ TROY);CFB Showdown $500 Snap (USM @ TROY);CFB Showdown $750 Blitz [2 Entry Max] (USM @ TROY);CFB Showdown $510 Tailgate [Single Entry] (USM @ TROY);CFB Showdown $500 Quarter Jukebox [Just $0.25!] (USM @ TROY);CFB Showdown Satellite to NFL $4,444 Fantasy Football MEGA Millionaire [Must Fill] (USM @ TROY);CFB Showdown $530 Winner Take All [Must Fill] (USM @ TROY)",196406622;196406628;196406619;196406624;196406623;196406620;196406621;196406625;196406912;196406906;196406915;196406911;196406913;196406909;196406905;196406907;196406627;196406626;196406936;196406935,Showdown Captain Mode 10/6 8:00PM (USM @ TROY)
Jywon Boyd - Showdown Captain Mode,196406622;196406628;196406619;196406624;196406623;196406620;196406621;196406625;196406912;196406906;196406915;196406911;196406913;196406909;196406905;196406907;196406627;196406626;196406936;196406935,44380409,44380409,Jywon Boyd,Jywon,Boyd,1600,WR,TROY,USM @ TROY,10/06/2026 08:00 PM,,USM @ TROY,Showdown Captain Mode,CFB,10/6,Showdown Captain Mode 10/6 8:00PM (USM @ TROY),"CFB Showdown $25K Tuesday Kickoff [$5K to 1st] (USM @ TROY);CFB Showdown $1.5K Coffin Corner [Single Entry] (USM @ TROY);CFB Showdown $2.6K Spread Option [2 Entry Max] (USM @ TROY);CFB Showdown $2.5K First Down (USM @ TROY);CFB Showdown $500 Snap (USM @ TROY);CFB Showdown $750 Blitz [2 Entry Max] (USM @ TROY);CFB Showdown $510 Tailgate [Single Entry] (USM @ TROY);CFB Showdown $500 Quarter Jukebox [Just $0.25!] (USM @ TROY);CFB Showdown Satellite to NFL $4,444 Fantasy Football MEGA Millionaire [Must Fill] (USM @ TROY);CFB Showdown $530 Winner Take All [Must Fill] (USM @ TROY)",196406622;196406628;196406619;196406624;196406623;196406620;196406621;196406625;196406912;196406906;196406915;196406911;196406913;196406909;196406905;196406907;196406627;196406626;196406936;196406935,Showdown Captain Mode 10/6 8:00PM (USM @ TROY)
MJ Johnson - Showdown Captain Mode,196406622;196406628;196406619;196406624;196406623;196406620;196406621;196406625;196406912;196406906;196406915;196406911;196406913;196406909;196406905;196406907;196406627;196406626;196406936;196406935,44380486,44380486,MJ Johnson,MJ,Johnson,1500,CPT,USM,USM @ TROY,10/06/2026 08:00 PM,,USM @ TROY,Showdown Captain Mode,CFB,10/6,Showdown Captain Mode 10/6 8:00PM (USM @ TROY),"CFB Showdown $25K Tuesday Kickoff [$5K to 1st] (USM @ TROY);CFB Showdown $1.5K Coffin Corner [Single Entry] (USM @ TROY);CFB Showdown $2.6K Spread Option [2 Entry Max] (USM @ TROY);CFB Showdown $2.5K First Down (USM @ TROY);CFB Showdown $500 Snap (USM @ TROY);CFB Showdown $750 Blitz [2 Entry Max] (USM @ TROY);CFB Showdown $510 Tailgate [Single Entry] (USM @ TROY);CFB Showdown $500 Quarter Jukebox [Just $0.25!] (USM @ TROY);CFB Showdown Satellite to NFL $4,444 Fantasy Football MEGA Millionaire [Must Fill] (USM @ TROY);CFB Showdown $530 Winner Take All [Must Fill] (USM @ TROY)",196406622;196406628;196406619;196406624;196406623;196406620;196406621;196406625;196406912;196406906;196406915;196406911;196406913;196406909;196406905;196406907;196406627;196406626;196406936;196406935,Showdown Captain Mode 10/6 8:00PM (USM @ TROY)
Jaylen Foster - Showdown Captain Mode,196406622;196406628;196406619;196406624;196406623;196406620;196406621;196406625;196406912;196406906;196406915;196406911;196406913;196406909;196406905;196406907;196406627;196406626;196406936;196406935,44380487,44380487,Jaylen Foster,Jaylen,Foster,1500,CPT,USM,USM @ TROY,10/06/2026 08:00 PM,,USM @ TROY,Showdown Captain Mode,CFB,10/6,Showdown Captain Mode 10/6 8:00PM (USM @ TROY),"CFB Showdown $25K Tuesday Kickoff [$5K to 1st] (USM @ TROY);CFB Showdown $1.5K Coffin Corner [Single Entry] (USM @ TROY);CFB Showdown $2.6K Spread Option [2 Entry Max] (USM @ TROY);CFB Showdown $2.5K First Down (USM @ TROY);CFB Showdown $500 Snap (USM @ TROY);CFB Showdown $750 Blitz [2 Entry Max] (USM @ TROY);CFB Showdown $510 Tailgate [Single Entry] (USM @ TROY);CFB Showdown $500 Quarter Jukebox [Just $0.25!] (USM @ TROY);CFB Showdown Satellite to NFL $4,444 Fantasy Football MEGA Millionaire [Must Fill] (USM @ TROY);CFB Showdown $530 Winner Take All [Must Fill] (USM @ TROY)",196406622;196406628;196406619;196406624;196406623;196406620;196406621;196406625;196406912;196406906;196406915;196406911;196406913;196406909;196406905;196406907;196406627;196406626;196406936;196406935,Showdown Captain Mode 10/6 8:00PM (USM @ TROY)
AC Walters - Showdown Captain Mode,196406622;196406628;196406619;196406624;196406623;196406620;196406621;196406625;196406912;196406906;196406915;196406911;196406913;196406909;196406905;196406907;196406627;196406626;196406936;196406935,44380488,44380488,AC Walters,AC,Walters,1500,CPT,TROY,USM @ TROY,10/06/2026 08:00 PM,,USM @ TROY,Showdown Captain Mode,CFB,10/6,Showdown Captain Mode 10/6 8:00PM (USM @ TROY),"CFB Showdown $25K Tuesday Kickoff [$5K to 1st] (USM @ TROY);CFB Showdown $1.5K Coffin Corner [Single Entry] (USM @ TROY);CFB Showdown $2.6K Spread Option [2 Entry Max] (USM @ TROY);CFB Showdown $2.5K First Down (USM @ TROY);CFB Showdown $500 Snap (USM @ TROY);CFB Showdown $750 Blitz [2 Entry Max] (USM @ TROY);CFB Showdown $510 Tailgate [Single Entry] (USM @ TROY);CFB Showdown $500 Quarter Jukebox [Just $0.25!] (USM @ TROY);CFB Showdown Satellite to NFL $4,444 Fantasy Football MEGA Millionaire [Must Fill] (USM @ TROY);CFB Showdown $530 Winner Take All [Must Fill] (USM @ TROY)",196406622;196406628;196406619;196406624;196406623;196406620;196406621;196406625;196406912;196406906;196406915;196406911;196406913;196406909;196406905;196406907;196406627;196406626;196406936;196406935,Showdown Captain Mode 10/6 8:00PM (USM @ TROY)
Robert Henderson - Showdown Captain Mode,196406622;196406628;196406619;196406624;196406623;196406620;196406621;196406625;196406912;196406906;196406915;196406911;196406913;196406909;196406905;196406907;196406627;196406626;196406936;196406935,44380489,44380489,Robert Henderson,Robert,Henderson,1500,CPT,USM,USM @ TROY,10/06/2026 08:00 PM,,USM @ TROY,Showdown Captain Mode,CFB,10/6,Showdown Captain Mode 10/6 8:00PM (USM @ TROY),"CFB Showdown $25K Tuesday Kickoff [$5K to 1st] (USM @ TROY);CFB Showdown $1.5K Coffin Corner [Single Entry] (USM @ TROY);CFB Showdown $2.6K Spread Option [2 Entry Max] (USM @ TROY);CFB Showdown $2.5K First Down (USM @ TROY);CFB Showdown $500 Snap (USM @ TROY);CFB Showdown $750 Blitz [2 Entry Max] (USM @ TROY);CFB Showdown $510 Tailgate [Single Entry] (USM @ TROY);CFB Showdown $500 Quarter Jukebox [Just $0.25!] (USM @ TROY);CFB Showdown Satellite to NFL $4,444 Fantasy Football MEGA Millionaire [Must Fill] (USM @ TROY);CFB Showdown $530 Winner Take All [Must Fill] (USM @ TROY)",196406622;196406628;196406619;196406624;196406623;196406620;196406621;196406625;196406912;196406906;196406915;196406911;196406913;196406909;196406905;196406907;196406627;196406626;196406936;196406935,Showdown Captain Mode 10/6 8:00PM (USM @ TROY)
Brandon Hood - Showdown Captain Mode,196406622;196406628;196406619;196406624;196406623;196406620;196406621;196406625;196406912;196406906;196406915;196406911;196406913;196406909;196406905;196406907;196406627;196406626;196406936;196406935,44380490,44380490,Brandon Hood,Brandon,Hood,1500,CPT,USM,USM @ TROY,10/06/2026 08:00 PM,,USM @ TROY,Showdown Captain Mode,CFB,10/6,Showdown Captain Mode 10/6 8:00PM (USM @ TROY),"CFB Showdown $25K Tuesday Kickoff [$5K to 1st] (USM @ TROY);CFB Showdown $1.5K Coffin Corner [Single Entry] (USM @ TROY);CFB Showdown $2.6K Spread Option [2 Entry Max] (USM @ TROY);CFB Showdown $2.5K First Down (USM @ TROY);CFB Showdown $500 Snap (USM @ TROY);CFB Showdown $750 Blitz [2 Entry Max] (USM @ TROY);CFB Showdown $510 Tailgate [Single Entry] (USM @ TROY);CFB Showdown $500 Quarter Jukebox [Just $0.25!] (USM @ TROY);CFB Showdown Satellite to NFL $4,444 Fantasy Football MEGA Millionaire [Must Fill] (USM @ TROY);CFB Showdown $530 Winner Take All [Must Fill] (USM @ TROY)",196406622;196406628;196406619;196406624;196406623;196406620;196406621;196406625;196406912;196406906;196406915;196406911;196406913;196406909;196406905;196406907;196406627;196406626;196406936;196406935,Showdown Captain Mode 10/6 8:00PM (USM @ TROY)
DeWhitt Betterson Jr. - Showdown Captain Mode,196406622;196406628;196406619;196406624;196406623;196406620;196406621;196406625;196406912;196406906;196406915;196406911;196406913;196406909;196406905;196406907;196406627;196406626;196406936;196406935,44380491,44380491,DeWhitt Betterson Jr.,DeWhitt,Betterson Jr.,1500,CPT,TROY,USM @ TROY,10/06/2026 08:00 PM,,USM @ TROY,Showdown Captain Mode,CFB,10/6,Showdown Captain Mode 10/6 8:00PM (USM @ TROY),"CFB Showdown $25K Tuesday Kickoff [$5K to 1st] (USM @ TROY);CFB Showdown $1.5K Coffin Corner [Single Entry] (USM @ TROY);CFB Showdown $2.6K Spread Option [2 Entry Max] (USM @ TROY);CFB Showdown $2.5K First Down (USM @ TROY);CFB Showdown $500 Snap (USM @ TROY);CFB Showdown $750 Blitz [2 Entry Max] (USM @ TROY);CFB Showdown $510 Tailgate [Single Entry] (USM @ TROY);CFB Showdown $500 Quarter Jukebox [Just $0.25!] (USM @ TROY);CFB Showdown Satellite to NFL $4,444 Fantasy Football MEGA Millionaire [Must Fill] (USM @ TROY);CFB Showdown $530 Winner Take All [Must Fill] (USM @ TROY)",196406622;196406628;196406619;196406624;196406623;196406620;196406621;196406625;196406912;196406906;196406915;196406911;196406913;196406909;196406905;196406907;196406627;196406626;196406936;196406935,Showdown Captain Mode 10/6 8:00PM (USM @ TROY)
John Ford - Showdown Captain Mode,196406622;196406628;196406619;196406624;196406623;196406620;196406621;196406625;196406912;196406906;196406915;196406911;196406913;196406909;196406905;196406907;196406627;196406626;196406936;196406935,44380492,44380492,John Ford,John,Ford,1500,CPT,USM,USM @ TROY,10/06/2026 08:00 PM,,USM @ TROY,Showdown Captain Mode,CFB,10/6,Showdown Captain Mode 10/6 8:00PM (USM @ TROY),"CFB Showdown $25K Tuesday Kickoff [$5K to 1st] (USM @ TROY);CFB Showdown $1.5K Coffin Corner [Single Entry] (USM @ TROY);CFB Showdown $2.6K Spread Option [2 Entry Max] (USM @ TROY);CFB Showdown $2.5K First Down (USM @ TROY);CFB Showdown $500 Snap (USM @ TROY);CFB Showdown $750 Blitz [2 Entry Max] (USM @ TROY);CFB Showdown $510 Tailgate [Single Entry] (USM @ TROY);CFB Showdown $500 Quarter Jukebox [Just $0.25!] (USM @ TROY);CFB Showdown Satellite to NFL $4,444 Fantasy Football MEGA Millionaire [Must Fill] (USM @ TROY);CFB Showdown $530 Winner Take All [Must Fill] (USM @ TROY)",196406622;196406628;196406619;196406624;196406623;196406620;196406621;196406625;196406912;196406906;196406915;196406911;196406913;196406909;196406905;196406907;196406627;196406626;196406936;196406935,Showdown Captain Mode 10/6 8:00PM (USM @ TROY)
Josiah Basten - Showdown Captain Mode,196406622;196406628;196406619;196406624;196406623;196406620;196406621;196406625;196406912;196406906;196406915;196406911;196406913;196406909;196406905;196406907;196406627;196406626;196406936;196406935,44380493,44380493,Josiah Basten,Josiah,Basten,1500,CPT,USM,USM @ TROY,10/06/2026 08:00 PM,,USM @ TROY,Showdown Captain Mode,CFB,10/6,Showdown Captain Mode 10/6 8:00PM (USM @ TROY),"CFB Showdown $25K Tuesday Kickoff [$5K to 1st] (USM @ TROY);CFB Showdown $1.5K Coffin Corner [Single Entry] (USM @ TROY);CFB Showdown $2.6K Spread Option [2 Entry Max] (USM @ TROY);CFB Showdown $2.5K First Down (USM @ TROY);CFB Showdown $500 Snap (USM @ TROY);CFB Showdown $750 Blitz [2 Entry Max] (USM @ TROY);CFB Showdown $510 Tailgate [Single Entry] (USM @ TROY);CFB Showdown $500 Quarter Jukebox [Just $0.25!] (USM @ TROY);CFB Showdown Satellite to NFL $4,444 Fantasy Football MEGA Millionaire [Must Fill] (USM @ TROY);CFB Showdown $530 Winner Take All [Must Fill] (USM @ TROY)",196406622;196406628;196406619;196406624;196406623;196406620;196406621;196406625;196406912;196406906;196406915;196406911;196406913;196406909;196406905;196406907;196406627;196406626;196406936;196406935,Showdown Captain Mode 10/6 8:00PM (USM @ TROY)
Dennis Palmer - Showdown Captain Mode,196406622;196406628;196406619;196406624;196406623;196406620;196406621;196406625;196406912;196406906;196406915;196406911;196406913;196406909;196406905;196406907;196406627;196406626;196406936;196406935,44380494,44380494,Dennis Palmer,Dennis,Palmer,1500,CPT,TROY,USM @ TROY,10/06/2026 08:00 PM,,USM @ TROY,Showdown Captain Mode,CFB,10/6,Showdown Captain Mode 10/6 8:00PM (USM @ TROY),"CFB Showdown $25K Tuesday Kickoff [$5K to 1st] (USM @ TROY);CFB Showdown $1.5K Coffin Corner [Single Entry] (USM @ TROY);CFB Showdown $2.6K Spread Option [2 Entry Max] (USM @ TROY);CFB Showdown $2.5K First Down (USM @ TROY);CFB Showdown $500 Snap (USM @ TROY);CFB Showdown $750 Blitz [2 Entry Max] (USM @ TROY);CFB Showdown $510 Tailgate [Single Entry] (USM @ TROY);CFB Showdown $500 Quarter Jukebox [Just $0.25!] (USM @ TROY);CFB Showdown Satellite to NFL $4,444 Fantasy Football MEGA Millionaire [Must Fill] (USM @ TROY);CFB Showdown $530 Winner Take All [Must Fill] (USM @ TROY)",196406622;196406628;196406619;196406624;196406623;196406620;196406621;196406625;196406912;196406906;196406915;196406911;196406913;196406909;196406905;196406907;196406627;196406626;196406936;196406935,Showdown Captain Mode 10/6 8:00PM (USM @ TROY)
King David Aboya - Showdown Captain Mode,196406622;196406628;196406619;196406624;196406623;196406620;196406621;196406625;196406912;196406906;196406915;196406911;196406913;196406909;196406905;196406907;196406627;196406626;196406936;196406935,44380495,44380495,King David Aboya,King,David Aboya,1500,CPT,USM,USM @ TROY,10/06/2026 08:00 PM,,USM @ TROY,Showdown Captain Mode,CFB,10/6,Showdown Captain Mode 10/6 8:00PM (USM @ TROY),"CFB Showdown $25K Tuesday Kickoff [$5K to 1st] (USM @ TROY);CFB Showdown $1.5K Coffin Corner [Single Entry] (USM @ TROY);CFB Showdown $2.6K Spread Option [2 Entry Max] (USM @ TROY);CFB Showdown $2.5K First Down (USM @ TROY);CFB Showdown $500 Snap (USM @ TROY);CFB Showdown $750 Blitz [2 Entry Max] (USM @ TROY);CFB Showdown $510 Tailgate [Single Entry] (USM @ TROY);CFB Showdown $500 Quarter Jukebox [Just $0.25!] (USM @ TROY);CFB Showdown Satellite to NFL $4,444 Fantasy Football MEGA Millionaire [Must Fill] (USM @ TROY);CFB Showdown $530 Winner Take All [Must Fill] (USM @ TROY)",196406622;196406628;196406619;196406624;196406623;196406620;196406621;196406625;196406912;196406906;196406915;196406911;196406913;196406909;196406905;196406907;196406627;196406626;196406936;196406935,Showdown Captain Mode 10/6 8:00PM (USM @ TROY)
Kristian Tate - Showdown Captain Mode,196406622;196406628;196406619;196406624;196406623;196406620;196406621;196406625;196406912;196406906;196406915;196406911;196406913;196406909;196406905;196406907;196406627;196406626;196406936;196406935,44380496,44380496,Kristian Tate,Kristian,Tate,1500,CPT,TROY,USM @ TROY,10/06/2026 08:00 PM,,USM @ TROY,Showdown Captain Mode,CFB,10/6,Showdown Captain Mode 10/6 8:00PM (USM @ TROY),"CFB Showdown $25K Tuesday Kickoff [$5K to 1st] (USM @ TROY);CFB Showdown $1.5K Coffin Corner [Single Entry] (USM @ TROY);CFB Showdown $2.6K Spread Option [2 Entry Max] (USM @ TROY);CFB Showdown $2.5K First Down (USM @ TROY);CFB Showdown $500 Snap (USM @ TROY);CFB Showdown $750 Blitz [2 Entry Max] (USM @ TROY);CFB Showdown $510 Tailgate [Single Entry] (USM @ TROY);CFB Showdown $500 Quarter Jukebox [Just $0.25!] (USM @ TROY);CFB Showdown Satellite to NFL $4,444 Fantasy Football MEGA Millionaire [Must Fill] (USM @ TROY);CFB Showdown $530 Winner Take All [Must Fill] (USM @ TROY)",196406622;196406628;196406619;196406624;196406623;196406620;196406621;196406625;196406912;196406906;196406915;196406911;196406913;196406909;196406905;196406907;196406627;196406626;196406936;196406935,Showdown Captain Mode 10/6 8:00PM (USM @ TROY)
Connor Gooding - Showdown Captain Mode,196406622;196406628;196406619;196406624;196406623;196406620;196406621;196406625;196406912;196406906;196406915;196406911;196406913;196406909;196406905;196406907;196406627;196406626;196406936;196406935,44380497,44380497,Connor Gooding,Connor,Gooding,1500,CPT,USM,USM @ TROY,10/06/2026 08:00 PM,,USM @ TROY,Showdown Captain Mode,CFB,10/6,Showdown Captain Mode 10/6 8:00PM (USM @ TROY),"CFB Showdown $25K Tuesday Kickoff [$5K to 1st] (USM @ TROY);CFB Showdown $1.5K Coffin Corner [Single Entry] (USM @ TROY);CFB Showdown $2.6K Spread Option [2 Entry Max] (USM @ TROY);CFB Showdown $2.5K First Down (USM @ TROY);CFB Showdown $500 Snap (USM @ TROY);CFB Showdown $750 Blitz [2 Entry Max] (USM @ TROY);CFB Showdown $510 Tailgate [Single Entry] (USM @ TROY);CFB Showdown $500 Quarter Jukebox [Just $0.25!] (USM @ TROY);CFB Showdown Satellite to NFL $4,444 Fantasy Football MEGA Millionaire [Must Fill] (USM @ TROY);CFB Showdown $530 Winner Take All [Must Fill] (USM @ TROY)",196406622;196406628;196406619;196406624;196406623;196406620;196406621;196406625;196406912;196406906;196406915;196406911;196406913;196406909;196406905;196406907;196406627;196406626;196406936;196406935,Showdown Captain Mode 10/6 8:00PM (USM @ TROY)
Jayvin Bennett - Showdown Captain Mode,196406622;196406628;196406619;196406624;196406623;196406620;196406621;196406625;196406912;196406906;196406915;196406911;196406913;196406909;196406905;196406907;196406627;196406626;196406936;196406935,44380498,44380498,Jayvin Bennett,Jayvin,Bennett,1500,CPT,TROY,USM @ TROY,10/06/2026 08:00 PM,,USM @ TROY,Showdown Captain Mode,CFB,10/6,Showdown Captain Mode 10/6 8:00PM (USM @ TROY),"CFB Showdown $25K Tuesday Kickoff [$5K to 1st] (USM @ TROY);CFB Showdown $1.5K Coffin Corner [Single Entry] (USM @ TROY);CFB Showdown $2.6K Spread Option [2 Entry Max] (USM @ TROY);CFB Showdown $2.5K First Down (USM @ TROY);CFB Showdown $500 Snap (USM @ TROY);CFB Showdown $750 Blitz [2 Entry Max] (USM @ TROY);CFB Showdown $510 Tailgate [Single Entry] (USM @ TROY);CFB Showdown $500 Quarter Jukebox [Just $0.25!] (USM @ TROY);CFB Showdown Satellite to NFL $4,444 Fantasy Football MEGA Millionaire [Must Fill] (USM @ TROY);CFB Showdown $530 Winner Take All [Must Fill] (USM @ TROY)",196406622;196406628;196406619;196406624;196406623;196406620;196406621;196406625;196406912;196406906;196406915;196406911;196406913;196406909;196406905;196406907;196406627;196406626;196406936;196406935,Showdown Captain Mode 10/6 8:00PM (USM @ TROY)
Trey Horne - Showdown Captain Mode,196406622;196406628;196406619;196406624;196406623;196406620;196406621;196406625;196406912;196406906;196406915;196406911;196406913;196406909;196406905;196406907;196406627;196406626;196406936;196406935,44380499,44380499,Trey Horne,Trey,Horne,1500,CPT,USM,USM @ TROY,10/06/2026 08:00 PM,,USM @ TROY,Showdown Captain Mode,CFB,10/6,Showdown Captain Mode 10/6 8:00PM (USM @ TROY),"CFB Showdown $25K Tuesday Kickoff [$5K to 1st] (USM @ TROY);CFB Showdown $1.5K Coffin Corner [Single Entry] (USM @ TROY);CFB Showdown $2.6K Spread Option [2 Entry Max] (USM @ TROY);CFB Showdown $2.5K First Down (USM @ TROY);CFB Showdown $500 Snap (USM @ TROY);CFB Showdown $750 Blitz [2 Entry Max] (USM @ TROY);CFB Showdown $510 Tailgate [Single Entry] (USM @ TROY);CFB Showdown $500 Quarter Jukebox [Just $0.25!] (USM @ TROY);CFB Showdown Satellite to NFL $4,444 Fantasy Football MEGA Millionaire [Must Fill] (USM @ TROY);CFB Showdown $530 Winner Take All [Must Fill] (USM @ TROY)",196406622;196406628;196406619;196406624;196406623;196406620;196406621;196406625;196406912;196406906;196406915;196406911;196406913;196406909;196406905;196406907;196406627;196406626;196406936;196406935,Showdown Captain Mode 10/6 8:00PM (USM @ TROY)
Marquis Harris - Showdown Captain Mode,196406622;196406628;196406619;196406624;196406623;196406620;196406621;196406625;196406912;196406906;196406915;196406911;196406913;196406909;196406905;196406907;196406627;196406626;196406936;196406935,44380500,44380500,Marquis Harris,Marquis,Harris,1500,CPT,TROY,USM @ TROY,10/06/2026 08:00 PM,,USM @ TROY,Showdown Captain Mode,CFB,10/6,Showdown Captain Mode 10/6 8:00PM (USM @ TROY),"CFB Showdown $25K Tuesday Kickoff [$5K to 1st] (USM @ TROY);CFB Showdown $1.5K Coffin Corner [Single Entry] (USM @ TROY);CFB Showdown $2.6K Spread Option [2 Entry Max] (USM @ TROY);CFB Showdown $2.5K First Down (USM @ TROY);CFB Showdown $500 Snap (USM @ TROY);CFB Showdown $750 Blitz [2 Entry Max] (USM @ TROY);CFB Showdown $510 Tailgate [Single Entry] (USM @ TROY);CFB Showdown $500 Quarter Jukebox [Just $0.25!] (USM @ TROY);CFB Showdown Satellite to NFL $4,444 Fantasy Football MEGA Millionaire [Must Fill] (USM @ TROY);CFB Showdown $530 Winner Take All [Must Fill] (USM @ TROY)",196406622;196406628;196406619;196406624;196406623;196406620;196406621;196406625;196406912;196406906;196406915;196406911;196406913;196406909;196406905;196406907;196406627;196406626;196406936;196406935,Showdown Captain Mode 10/6 8:00PM (USM @ TROY)
Ky McNulty - Showdown Captain Mode,196406622;196406628;196406619;196406624;196406623;196406620;196406621;196406625;196406912;196406906;196406915;196406911;196406913;196406909;196406905;196406907;196406627;196406626;196406936;196406935,44380501,44380501,Ky McNulty,Ky,McNulty,1500,CPT,TROY,USM @ TROY,10/06/2026 08:00 PM,,USM @ TROY,Showdown Captain Mode,CFB,10/6,Showdown Captain Mode 10/6 8:00PM (USM @ TROY),"CFB Showdown $25K Tuesday Kickoff [$5K to 1st] (USM @ TROY);CFB Showdown $1.5K Coffin Corner [Single Entry] (USM @ TROY);CFB Showdown $2.6K Spread Option [2 Entry Max] (USM @ TROY);CFB Showdown $2.5K First Down (USM @ TROY);CFB Showdown $500 Snap (USM @ TROY);CFB Showdown $750 Blitz [2 Entry Max] (USM @ TROY);CFB Showdown $510 Tailgate [Single Entry] (USM @ TROY);CFB Showdown $500 Quarter Jukebox [Just $0.25!] (USM @ TROY);CFB Showdown Satellite to NFL $4,444 Fantasy Football MEGA Millionaire [Must Fill] (USM @ TROY);CFB Showdown $530 Winner Take All [Must Fill] (USM @ TROY)",196406622;196406628;196406619;196406624;196406623;196406620;196406621;196406625;196406912;196406906;196406915;196406911;196406913;196406909;196406905;196406907;196406627;196406626;196406936;196406935,Showdown Captain Mode 10/6 8:00PM (USM @ TROY)
KD Reynolds - Showdown Captain Mode,196406622;196406628;196406619;196406624;196406623;196406620;196406621;196406625;196406912;196406906;196406915;196406911;196406913;196406909;196406905;196406907;196406627;196406626;196406936;196406935,44380502,44380502,KD Reynolds,KD,Reynolds,1500,CPT,TROY,USM @ TROY,10/06/2026 08:00 PM,,USM @ TROY,Showdown Captain Mode,CFB,10/6,Showdown Captain Mode 10/6 8:00PM (USM @ TROY),"CFB Showdown $25K Tuesday Kickoff [$5K to 1st] (USM @ TROY);CFB Showdown $1.5K Coffin Corner [Single Entry] (USM @ TROY);CFB Showdown $2.6K Spread Option [2 Entry Max] (USM @ TROY);CFB Showdown $2.5K First Down (USM @ TROY);CFB Showdown $500 Snap (USM @ TROY);CFB Showdown $750 Blitz [2 Entry Max] (USM @ TROY);CFB Showdown $510 Tailgate [Single Entry] (USM @ TROY);CFB Showdown $500 Quarter Jukebox [Just $0.25!] (USM @ TROY);CFB Showdown Satellite to NFL $4,444 Fantasy Football MEGA Millionaire [Must Fill] (USM @ TROY);CFB Showdown $530 Winner Take All [Must Fill] (USM @ TROY)",196406622;196406628;196406619;196406624;196406623;196406620;196406621;196406625;196406912;196406906;196406915;196406911;196406913;196406909;196406905;196406907;196406627;196406626;196406936;196406935,Showdown Captain Mode 10/6 8:00PM (USM @ TROY)
Andrew Leslie - Showdown Captain Mode,196406622;196406628;196406619;196406624;196406623;196406620;196406621;196406625;196406912;196406906;196406915;196406911;196406913;196406909;196406905;196406907;196406627;196406626;196406936;196406935,44380503,44380503,Andrew Leslie,Andrew,Leslie,1500,CPT,TROY,USM @ TROY,10/06/2026 08:00 PM,,USM @ TROY,Showdown Captain Mode,CFB,10/6,Showdown Captain Mode 10/6 8:00PM (USM @ TROY),"CFB Showdown $25K Tuesday Kickoff [$5K to 1st] (USM @ TROY);CFB Showdown $1.5K Coffin Corner [Single Entry] (USM @ TROY);CFB Showdown $2.6K Spread Option [2 Entry Max] (USM @ TROY);CFB Showdown $2.5K First Down (USM @ TROY);CFB Showdown $500 Snap (USM @ TROY);CFB Showdown $750 Blitz [2 Entry Max] (USM @ TROY);CFB Showdown $510 Tailgate [Single Entry] (USM @ TROY);CFB Showdown $500 Quarter Jukebox [Just $0.25!] (USM @ TROY);CFB Showdown Satellite to NFL $4,444 Fantasy Football MEGA Millionaire [Must Fill] (USM @ TROY);CFB Showdown $530 Winner Take All [Must Fill] (USM @ TROY)",196406622;196406628;196406619;196406624;196406623;196406620;196406621;196406625;196406912;196406906;196406915;196406911;196406913;196406909;196406905;196406907;196406627;196406626;196406936;196406935,Showdown Captain Mode 10/6 8:00PM (USM @ TROY)
Broderick Peters - Showdown Captain Mode,196406622;196406628;196406619;196406624;196406623;196406620;196406621;196406625;196406912;196406906;196406915;196406911;196406913;196406909;196406905;196406907;196406627;196406626;196406936;196406935,44380504,44380504,Broderick Peters,Broderick,Peters,1500,CPT,USM,USM @ TROY,10/06/2026 08:00 PM,,USM @ TROY,Showdown Captain Mode,CFB,10/6,Showdown Captain Mode 10/6 8:00PM (USM @ TROY),"CFB Showdown $25K Tuesday Kickoff [$5K to 1st] (USM @ TROY);CFB Showdown $1.5K Coffin Corner [Single Entry] (USM @ TROY);CFB Showdown $2.6K Spread Option [2 Entry Max] (USM @ TROY);CFB Showdown $2.5K First Down (USM @ TROY);CFB Showdown $500 Snap (USM @ TROY);CFB Showdown $750 Blitz [2 Entry Max] (USM @ TROY);CFB Showdown $510 Tailgate [Single Entry] (USM @ TROY);CFB Showdown $500 Quarter Jukebox [Just $0.25!] (USM @ TROY);CFB Showdown Satellite to NFL $4,444 Fantasy Football MEGA Millionaire [Must Fill] (USM @ TROY);CFB Showdown $530 Winner Take All [Must Fill] (USM @ TROY)",196406622;196406628;196406619;196406624;196406623;196406620;196406621;196406625;196406912;196406906;196406915;196406911;196406913;196406909;196406905;196406907;196406627;196406626;196406936;196406935,Showdown Captain Mode 10/6 8:00PM (USM @ TROY)
Dylan Denson - Showdown Captain Mode,196406622;196406628;196406619;196406624;196406623;196406620;196406621;196406625;196406912;196406906;196406915;196406911;196406913;196406909;196406905;196406907;196406627;196406626;196406936;196406935,44380505,44380505,Dylan Denson,Dylan,Denson,1500,CPT,TROY,USM @ TROY,10/06/2026 08:00 PM,,USM @ TROY,Showdown Captain Mode,CFB,10/6,Showdown Captain Mode 10/6 8:00PM (USM @ TROY),"CFB Showdown $25K Tuesday Kickoff [$5K to 1st] (USM @ TROY);CFB Showdown $1.5K Coffin Corner [Single Entry] (USM @ TROY);CFB Showdown $2.6K Spread Option [2 Entry Max] (USM @ TROY);CFB Showdown $2.5K First Down (USM @ TROY);CFB Showdown $500 Snap (USM @ TROY);CFB Showdown $750 Blitz [2 Entry Max] (USM @ TROY);CFB Showdown $510 Tailgate [Single Entry] (USM @ TROY);CFB Showdown $500 Quarter Jukebox [Just $0.25!] (USM @ TROY);CFB Showdown Satellite to NFL $4,444 Fantasy Football MEGA Millionaire [Must Fill] (USM @ TROY);CFB Showdown $530 Winner Take All [Must Fill] (USM @ TROY)",196406622;196406628;196406619;196406624;196406623;196406620;196406621;196406625;196406912;196406906;196406915;196406911;196406913;196406909;196406905;196406907;196406627;196406626;196406936;196406935,Showdown Captain Mode 10/6 8:00PM (USM @ TROY)
Cace Reed - Showdown Captain Mode,196406622;196406628;196406619;196406624;196406623;196406620;196406621;196406625;196406912;196406906;196406915;196406911;196406913;196406909;196406905;196406907;196406627;196406626;196406936;196406935,44380506,44380506,Cace Reed,Cace,Reed,1500,CPT,USM,USM @ TROY,10/06/2026 08:00 PM,,USM @ TROY,Showdown Captain Mode,CFB,10/6,Showdown Captain Mode 10/6 8:00PM (USM @ TROY),"CFB Showdown $25K Tuesday Kickoff [$5K to 1st] (USM @ TROY);CFB Showdown $1.5K Coffin Corner [Single Entry] (USM @ TROY);CFB Showdown $2.6K Spread Option [2 Entry Max] (USM @ TROY);CFB Showdown $2.5K First Down (USM @ TROY);CFB Showdown $500 Snap (USM @ TROY);CFB Showdown $750 Blitz [2 Entry Max] (USM @ TROY);CFB Showdown $510 Tailgate [Single Entry] (USM @ TROY);CFB Showdown $500 Quarter Jukebox [Just $0.25!] (USM @ TROY);CFB Showdown Satellite to NFL $4,444 Fantasy Football MEGA Millionaire [Must Fill] (USM @ TROY);CFB Showdown $530 Winner Take All [Must Fill] (USM @ TROY)",196406622;196406628;196406619;196406624;196406623;196406620;196406621;196406625;196406912;196406906;196406915;196406911;196406913;196406909;196406905;196406907;196406627;196406626;196406936;196406935,Showdown Captain Mode 10/6 8:00PM (USM @ TROY)
Daivon Nelson - Showdown Captain Mode,196406622;196406628;196406619;196406624;196406623;196406620;196406621;196406625;196406912;196406906;196406915;196406911;196406913;196406909;196406905;196406907;196406627;196406626;196406936;196406935,44380507,44380507,Daivon Nelson,Daivon,Nelson,1500,CPT,TROY,USM @ TROY,10/06/2026 08:00 PM,,USM @ TROY,Showdown Captain Mode,CFB,10/6,Showdown Captain Mode 10/6 8:00PM (USM @ TROY),"CFB Showdown $25K Tuesday Kickoff [$5K to 1st] (USM @ TROY);CFB Showdown $1.5K Coffin Corner [Single Entry] (USM @ TROY);CFB Showdown $2.6K Spread Option [2 Entry Max] (USM @ TROY);CFB Showdown $2.5K First Down (USM @ TROY);CFB Showdown $500 Snap (USM @ TROY);CFB Showdown $750 Blitz [2 Entry Max] (USM @ TROY);CFB Showdown $510 Tailgate [Single Entry] (USM @ TROY);CFB Showdown $500 Quarter Jukebox [Just $0.25!] (USM @ TROY);CFB Showdown Satellite to NFL $4,444 Fantasy Football MEGA Millionaire [Must Fill] (USM @ TROY);CFB Showdown $530 Winner Take All [Must Fill] (USM @ TROY)",196406622;196406628;196406619;196406624;196406623;196406620;196406621;196406625;196406912;196406906;196406915;196406911;196406913;196406909;196406905;196406907;196406627;196406626;196406936;196406935,Showdown Captain Mode 10/6 8:00PM (USM @ TROY)
Doug Nelson - Showdown Captain Mode,196406622;196406628;196406619;196406624;196406623;196406620;196406621;196406625;196406912;196406906;196406915;196406911;196406913;196406909;196406905;196406907;196406627;196406626;196406936;196406935,44380508,44380508,Doug Nelson,Doug,Nelson,1500,CPT,TROY,USM @ TROY,10/06/2026 08:00 PM,,USM @ TROY,Showdown Captain Mode,CFB,10/6,Showdown Captain Mode 10/6 8:00PM (USM @ TROY),"CFB Showdown $25K Tuesday Kickoff [$5K to 1st] (USM @ TROY);CFB Showdown $1.5K Coffin Corner [Single Entry] (USM @ TROY);CFB Showdown $2.6K Spread Option [2 Entry Max] (USM @ TROY);CFB Showdown $2.5K First Down (USM @ TROY);CFB Showdown $500 Snap (USM @ TROY);CFB Showdown $750 Blitz [2 Entry Max] (USM @ TROY);CFB Showdown $510 Tailgate [Single Entry] (USM @ TROY);CFB Showdown $500 Quarter Jukebox [Just $0.25!] (USM @ TROY);CFB Showdown Satellite to NFL $4,444 Fantasy Football MEGA Millionaire [Must Fill] (USM @ TROY);CFB Showdown $530 Winner Take All [Must Fill] (USM @ TROY)",196406622;196406628;196406619;196406624;196406623;196406620;196406621;196406625;196406912;196406906;196406915;196406911;196406913;196406909;196406905;196406907;196406627;196406626;196406936;196406935,Showdown Captain Mode 10/6 8:00PM (USM @ TROY)
Javery Mayberry - Showdown Captain Mode,196406622;196406628;196406619;196406624;196406623;196406620;196406621;196406625;196406912;196406906;196406915;196406911;196406913;196406909;196406905;196406907;196406627;196406626;196406936;196406935,44380509,44380509,Javery Mayberry,Javery,Mayberry,1500,CPT,USM,USM @ TROY,10/06/2026 08:00 PM,,USM @ TROY,Showdown Captain Mode,CFB,10/6,Showdown Captain Mode 10/6 8:00PM (USM @ TROY),"CFB Showdown $25K Tuesday Kickoff [$5K to 1st] (USM @ TROY);CFB Showdown $1.5K Coffin Corner [Single Entry] (USM @ TROY);CFB Showdown $2.6K Spread Option [2 Entry Max] (USM @ TROY);CFB Showdown $2.5K First Down (USM @ TROY);CFB Showdown $500 Snap (USM @ TROY);CFB Showdown $750 Blitz [2 Entry Max] (USM @ TROY);CFB Showdown $510 Tailgate [Single Entry] (USM @ TROY);CFB Showdown $500 Quarter Jukebox [Just $0.25!] (USM @ TROY);CFB Showdown Satellite to NFL $4,444 Fantasy Football MEGA Millionaire [Must Fill] (USM @ TROY);CFB Showdown $530 Winner Take All [Must Fill] (USM @ TROY)",196406622;196406628;196406619;196406624;196406623;196406620;196406621;196406625;196406912;196406906;196406915;196406911;196406913;196406909;196406905;196406907;196406627;196406626;196406936;196406935,Showdown Captain Mode 10/6 8:00PM (USM @ TROY)
JT Tang - Showdown Captain Mode,196406622;196406628;196406619;196406624;196406623;196406620;196406621;196406625;196406912;196406906;196406915;196406911;196406913;196406909;196406905;196406907;196406627;196406626;196406936;196406935,44380510,44380510,JT Tang,JT,Tang,1500,CPT,TROY,USM @ TROY,10/06/2026 08:00 PM,,USM @ TROY,Showdown Captain Mode,CFB,10/6,Showdown Captain Mode 10/6 8:00PM (USM @ TROY),"CFB Showdown $25K Tuesday Kickoff [$5K to 1st] (USM @ TROY);CFB Showdown $1.5K Coffin Corner [Single Entry] (USM @ TROY);CFB Showdown $2.6K Spread Option [2 Entry Max] (USM @ TROY);CFB Showdown $2.5K First Down (USM @ TROY);CFB Showdown $500 Snap (USM @ TROY);CFB Showdown $750 Blitz [2 Entry Max] (USM @ TROY);CFB Showdown $510 Tailgate [Single Entry] (USM @ TROY);CFB Showdown $500 Quarter Jukebox [Just $0.25!] (USM @ TROY);CFB Showdown Satellite to NFL $4,444 Fantasy Football MEGA Millionaire [Must Fill] (USM @ TROY);CFB Showdown $530 Winner Take All [Must Fill] (USM @ TROY)",196406622;196406628;196406619;196406624;196406623;196406620;196406621;196406625;196406912;196406906;196406915;196406911;196406913;196406909;196406905;196406907;196406627;196406626;196406936;196406935,Showdown Captain Mode 10/6 8:00PM (USM @ TROY)
Israel Leamon - Showdown Captain Mode,196406622;196406628;196406619;196406624;196406623;196406620;196406621;196406625;196406912;196406906;196406915;196406911;196406913;196406909;196406905;196406907;196406627;196406626;196406936;196406935,44380511,44380511,Israel Leamon,Israel,Leamon,1500,CPT,USM,USM @ TROY,10/06/2026 08:00 PM,,USM @ TROY,Showdown Captain Mode,CFB,10/6,Showdown Captain Mode 10/6 8:00PM (USM @ TROY),"CFB Showdown $25K Tuesday Kickoff [$5K to 1st] (USM @ TROY);CFB Showdown $1.5K Coffin Corner [Single Entry] (USM @ TROY);CFB Showdown $2.6K Spread Option [2 Entry Max] (USM @ TROY);CFB Showdown $2.5K First Down (USM @ TROY);CFB Showdown $500 Snap (USM @ TROY);CFB Showdown $750 Blitz [2 Entry Max] (USM @ TROY);CFB Showdown $510 Tailgate [Single Entry] (USM @ TROY);CFB Showdown $500 Quarter Jukebox [Just $0.25!] (USM @ TROY);CFB Showdown Satellite to NFL $4,444 Fantasy Football MEGA Millionaire [Must Fill] (USM @ TROY);CFB Showdown $530 Winner Take All [Must Fill] (USM @ TROY)",196406622;196406628;196406619;196406624;196406623;196406620;196406621;196406625;196406912;196406906;196406915;196406911;196406913;196406909;196406905;196406907;196406627;196406626;196406936;196406935,Showdown Captain Mode 10/6 8:00PM (USM @ TROY)
Nehemiah Taylor - Showdown Captain Mode,196406622;196406628;196406619;196406624;196406623;196406620;196406621;196406625;196406912;196406906;196406915;196406911;196406913;196406909;196406905;196406907;196406627;196406626;196406936;196406935,44380512,44380512,Nehemiah Taylor,Nehemiah,Taylor,1500,CPT,USM,USM @ TROY,10/06/2026 08:00 PM,,USM @ TROY,Showdown Captain Mode,CFB,10/6,Showdown Captain Mode 10/6 8:00PM (USM @ TROY),"CFB Showdown $25K Tuesday Kickoff [$5K to 1st] (USM @ TROY);CFB Showdown $1.5K Coffin Corner [Single Entry] (USM @ TROY);CFB Showdown $2.6K Spread Option [2 Entry Max] (USM @ TROY);CFB Showdown $2.5K First Down (USM @ TROY);CFB Showdown $500 Snap (USM @ TROY);CFB Showdown $750 Blitz [2 Entry Max] (USM @ TROY);CFB Showdown $510 Tailgate [Single Entry] (USM @ TROY);CFB Showdown $500 Quarter Jukebox [Just $0.25!] (USM @ TROY);CFB Showdown Satellite to NFL $4,444 Fantasy Football MEGA Millionaire [Must Fill] (USM @ TROY);CFB Showdown $530 Winner Take All [Must Fill] (USM @ TROY)",196406622;196406628;196406619;196406624;196406623;196406620;196406621;196406625;196406912;196406906;196406915;196406911;196406913;196406909;196406905;196406907;196406627;196406626;196406936;196406935,Showdown Captain Mode 10/6 8:00PM (USM @ TROY)
Nick Hampton - Showdown Captain Mode,196406622;196406628;196406619;196406624;196406623;196406620;196406621;196406625;196406912;196406906;196406915;196406911;196406913;196406909;196406905;196406907;196406627;196406626;196406936;196406935,44380513,44380513,Nick Hampton,Nick,Hampton,1500,CPT,TROY,USM @ TROY,10/06/2026 08:00 PM,,USM @ TROY,Showdown Captain Mode,CFB,10/6,Showdown Captain Mode 10/6 8:00PM (USM @ TROY),"CFB Showdown $25K Tuesday Kickoff [$5K to 1st] (USM @ TROY);CFB Showdown $1.5K Coffin Corner [Single Entry] (USM @ TROY);CFB Showdown $2.6K Spread Option [2 Entry Max] (USM @ TROY);CFB Showdown $2.5K First Down (USM @ TROY);CFB Showdown $500 Snap (USM @ TROY);CFB Showdown $750 Blitz [2 Entry Max] (USM @ TROY);CFB Showdown $510 Tailgate [Single Entry] (USM @ TROY);CFB Showdown $500 Quarter Jukebox [Just $0.25!] (USM @ TROY);CFB Showdown Satellite to NFL $4,444 Fantasy Football MEGA Millionaire [Must Fill] (USM @ TROY);CFB Showdown $530 Winner Take All [Must Fill] (USM @ TROY)",196406622;196406628;196406619;196406624;196406623;196406620;196406621;196406625;196406912;196406906;196406915;196406911;196406913;196406909;196406905;196406907;196406627;196406626;196406936;196406935,Showdown Captain Mode 10/6 8:00PM (USM @ TROY)
Dillon Rowley - Showdown Captain Mode,196406622;196406628;196406619;196406624;196406623;196406620;196406621;196406625;196406912;196406906;196406915;196406911;196406913;196406909;196406905;196406907;196406627;196406626;196406936;196406935,44380514,44380514,Dillon Rowley,Dillon,Rowley,1500,CPT,USM,USM @ TROY,10/06/2026 08:00 PM,,USM @ TROY,Showdown Captain Mode,CFB,10/6,Showdown Captain Mode 10/6 8:00PM (USM @ TROY),"CFB Showdown $25K Tuesday Kickoff [$5K to 1st] (USM @ TROY);CFB Showdown $1.5K Coffin Corner [Single Entry] (USM @ TROY);CFB Showdown $2.6K Spread Option [2 Entry Max] (USM @ TROY);CFB Showdown $2.5K First Down (USM @ TROY);CFB Showdown $500 Snap (USM @ TROY);CFB Showdown $750 Blitz [2 Entry Max] (USM @ TROY);CFB Showdown $510 Tailgate [Single Entry] (USM @ TROY);CFB Showdown $500 Quarter Jukebox [Just $0.25!] (USM @ TROY);CFB Showdown Satellite to NFL $4,444 Fantasy Football MEGA Millionaire [Must Fill] (USM @ TROY);CFB Showdown $530 Winner Take All [Must Fill] (USM @ TROY)",196406622;196406628;196406619;196406624;196406623;196406620;196406621;196406625;196406912;196406906;196406915;196406911;196406913;196406909;196406905;196406907;196406627;196406626;196406936;196406935,Showdown Captain Mode 10/6 8:00PM (USM @ TROY)
Jah'Marren Jackson - Showdown Captain Mode,196406622;196406628;196406619;196406624;196406623;196406620;196406621;196406625;196406912;196406906;196406915;196406911;196406913;196406909;196406905;196406907;196406627;196406626;196406936;196406935,44380515,44380515,Jah'Marren Jackson,Jah'Marren,Jackson,1500,CPT,TROY,USM @ TROY,10/06/2026 08:00 PM,,USM @ TROY,Showdown Captain Mode,CFB,10/6,Showdown Captain Mode 10/6 8:00PM (USM @ TROY),"CFB Showdown $25K Tuesday Kickoff [$5K to 1st] (USM @ TROY);CFB Showdown $1.5K Coffin Corner [Single Entry] (USM @ TROY);CFB Showdown $2.6K Spread Option [2 Entry Max] (USM @ TROY);CFB Showdown $2.5K First Down (USM @ TROY);CFB Showdown $500 Snap (USM @ TROY);CFB Showdown $750 Blitz [2 Entry Max] (USM @ TROY);CFB Showdown $510 Tailgate [Single Entry] (USM @ TROY);CFB Showdown $500 Quarter Jukebox [Just $0.25!] (USM @ TROY);CFB Showdown Satellite to NFL $4,444 Fantasy Football MEGA Millionaire [Must Fill] (USM @ TROY);CFB Showdown $530 Winner Take All [Must Fill] (USM @ TROY)",196406622;196406628;196406619;196406624;196406623;196406620;196406621;196406625;196406912;196406906;196406915;196406911;196406913;196406909;196406905;196406907;196406627;196406626;196406936;196406935,Showdown Captain Mode 10/6 8:00PM (USM @ TROY)
Caston Brown - Showdown Captain Mode,196406622;196406628;196406619;196406624;196406623;196406620;196406621;196406625;196406912;196406906;196406915;196406911;196406913;196406909;196406905;196406907;196406627;196406626;196406936;196406935,44380516,44380516,Caston Brown,Caston,Brown,1500,CPT,USM,USM @ TROY,10/06/2026 08:00 PM,,USM @ TROY,Showdown Captain Mode,CFB,10/6,Showdown Captain Mode 10/6 8:00PM (USM @ TROY),"CFB Showdown $25K Tuesday Kickoff [$5K to 1st] (USM @ TROY);CFB Showdown $1.5K Coffin Corner [Single Entry] (USM @ TROY);CFB Showdown $2.6K Spread Option [2 Entry Max] (USM @ TROY);CFB Showdown $2.5K First Down (USM @ TROY);CFB Showdown $500 Snap (USM @ TROY);CFB Showdown $750 Blitz [2 Entry Max] (USM @ TROY);CFB Showdown $510 Tailgate [Single Entry] (USM @ TROY);CFB Showdown $500 Quarter Jukebox [Just $0.25!] (USM @ TROY);CFB Showdown Satellite to NFL $4,444 Fantasy Football MEGA Millionaire [Must Fill] (USM @ TROY);CFB Showdown $530 Winner Take All [Must Fill] (USM @ TROY)",196406622;196406628;196406619;196406624;196406623;196406620;196406621;196406625;196406912;196406906;196406915;196406911;196406913;196406909;196406905;196406907;196406627;196406626;196406936;196406935,Showdown Captain Mode 10/6 8:00PM (USM @ TROY)
Hayden Jackson - Showdown Captain Mode,196406622;196406628;196406619;196406624;196406623;196406620;196406621;196406625;196406912;196406906;196406915;196406911;196406913;196406909;196406905;196406907;196406627;196406626;196406936;196406935,44380517,44380517,Hayden Jackson,Hayden,Jackson,1500,CPT,TROY,USM @ TROY,10/06/2026 08:00 PM,,USM @ TROY,Showdown Captain Mode,CFB,10/6,Showdown Captain Mode 10/6 8:00PM (USM @ TROY),"CFB Showdown $25K Tuesday Kickoff [$5K to 1st] (USM @ TROY);CFB Showdown $1.5K Coffin Corner [Single Entry] (USM @ TROY);CFB Showdown $2.6K Spread Option [2 Entry Max] (USM @ TROY);CFB Showdown $2.5K First Down (USM @ TROY);CFB Showdown $500 Snap (USM @ TROY);CFB Showdown $750 Blitz [2 Entry Max] (USM @ TROY);CFB Showdown $510 Tailgate [Single Entry] (USM @ TROY);CFB Showdown $500 Quarter Jukebox [Just $0.25!] (USM @ TROY);CFB Showdown Satellite to NFL $4,444 Fantasy Football MEGA Millionaire [Must Fill] (USM @ TROY);CFB Showdown $530 Winner Take All [Must Fill] (USM @ TROY)",196406622;196406628;196406619;196406624;196406623;196406620;196406621;196406625;196406912;196406906;196406915;196406911;196406913;196406909;196406905;196406907;196406627;196406626;196406936;196406935,Showdown Captain Mode 10/6 8:00PM (USM @ TROY)
Drew Bilderback - Showdown Captain Mode,196406622;196406628;196406619;196406624;196406623;196406620;196406621;196406625;196406912;196406906;196406915;196406911;196406913;196406909;196406905;196406907;196406627;196406626;196406936;196406935,44380518,44380518,Drew Bilderback,Drew,Bilderback,1500,CPT,USM,USM @ TROY,10/06/2026 08:00 PM,,USM @ TROY,Showdown Captain Mode,CFB,10/6,Showdown Captain Mode 10/6 8:00PM (USM @ TROY),"CFB Showdown $25K Tuesday Kickoff [$5K to 1st] (USM @ TROY);CFB Showdown $1.5K Coffin Corner [Single Entry] (USM @ TROY);CFB Showdown $2.6K Spread Option [2 Entry Max] (USM @ TROY);CFB Showdown $2.5K First Down (USM @ TROY);CFB Showdown $500 Snap (USM @ TROY);CFB Showdown $750 Blitz [2 Entry Max] (USM @ TROY);CFB Showdown $510 Tailgate [Single Entry] (USM @ TROY);CFB Showdown $500 Quarter Jukebox [Just $0.25!] (USM @ TROY);CFB Showdown Satellite to NFL $4,444 Fantasy Football MEGA Millionaire [Must Fill] (USM @ TROY);CFB Showdown $530 Winner Take All [Must Fill] (USM @ TROY)",196406622;196406628;196406619;196406624;196406623;196406620;196406621;196406625;196406912;196406906;196406915;196406911;196406913;196406909;196406905;196406907;196406627;196406626;196406936;196406935,Showdown Captain Mode 10/6 8:00PM (USM @ TROY)
Kaden Saunders - Showdown Captain Mode,196406622;196406628;196406619;196406624;196406623;196406620;196406621;196406625;196406912;196406906;196406915;196406911;196406913;196406909;196406905;196406907;196406627;196406626;196406936;196406935,44380519,44380519,Kaden Saunders,Kaden,Saunders,1500,CPT,USM,USM @ TROY,10/06/2026 08:00 PM,,USM @ TROY,Showdown Captain Mode,CFB,10/6,Showdown Captain Mode 10/6 8:00PM (USM @ TROY),"CFB Showdown $25K Tuesday Kickoff [$5K to 1st] (USM @ TROY);CFB Showdown $1.5K Coffin Corner [Single Entry] (USM @ TROY);CFB Showdown $2.6K Spread Option [2 Entry Max] (USM @ TROY);CFB Showdown $2.5K First Down (USM @ TROY);CFB Showdown $500 Snap (USM @ TROY);CFB Showdown $750 Blitz [2 Entry Max] (USM @ TROY);CFB Showdown $510 Tailgate [Single Entry] (USM @ TROY);CFB Showdown $500 Quarter Jukebox [Just $0.25!] (USM @ TROY);CFB Showdown Satellite to NFL $4,444 Fantasy Football MEGA Millionaire [Must Fill] (USM @ TROY);CFB Showdown $530 Winner Take All [Must Fill] (USM @ TROY)",196406622;196406628;196406619;196406624;196406623;196406620;196406621;196406625;196406912;196406906;196406915;196406911;196406913;196406909;196406905;196406907;196406627;196406626;196406936;196406935,Showdown Captain Mode 10/6 8:00PM (USM @ TROY)
Jacorey Whitted - Showdown Captain Mode,196406622;196406628;196406619;196406624;196406623;196406620;196406621;196406625;196406912;196406906;196406915;196406911;196406913;196406909;196406905;196406907;196406627;196406626;196406936;196406935,44380520,44380520,Jacorey Whitted,Jacorey,Whitted,1500,CPT,TROY,USM @ TROY,10/06/2026 08:00 PM,,USM @ TROY,Showdown Captain Mode,CFB,10/6,Showdown Captain Mode 10/6 8:00PM (USM @ TROY),"CFB Showdown $25K Tuesday Kickoff [$5K to 1st] (USM @ TROY);CFB Showdown $1.5K Coffin Corner [Single Entry] (USM @ TROY);CFB Showdown $2.6K Spread Option [2 Entry Max] (USM @ TROY);CFB Showdown $2.5K First Down (USM @ TROY);CFB Showdown $500 Snap (USM @ TROY);CFB Showdown $750 Blitz [2 Entry Max] (USM @ TROY);CFB Showdown $510 Tailgate [Single Entry] (USM @ TROY);CFB Showdown $500 Quarter Jukebox [Just $0.25!] (USM @ TROY);CFB Showdown Satellite to NFL $4,444 Fantasy Football MEGA Millionaire [Must Fill] (USM @ TROY);CFB Showdown $530 Winner Take All [Must Fill] (USM @ TROY)",196406622;196406628;196406619;196406624;196406623;196406620;196406621;196406625;196406912;196406906;196406915;196406911;196406913;196406909;196406905;196406907;196406627;196406626;196406936;196406935,Showdown Captain Mode 10/6 8:00PM (USM @ TROY)
Jackson Worley - Showdown Captain Mode,196406622;196406628;196406619;196406624;196406623;196406620;196406621;196406625;196406912;196406906;196406915;196406911;196406913;196406909;196406905;196406907;196406627;196406626;196406936;196406935,44380410,44380410,Jackson Worley,Jackson,Worley,1400,WR,TROY,USM @ TROY,10/06/2026 08:00 PM,,USM @ TROY,Showdown Captain Mode,CFB,10/6,Showdown Captain Mode 10/6 8:00PM (USM @ TROY),"CFB Showdown $25K Tuesday Kickoff [$5K to 1st] (USM @ TROY);CFB Showdown $1.5K Coffin Corner [Single Entry] (USM @ TROY);CFB Showdown $2.6K Spread Option [2 Entry Max] (USM @ TROY);CFB Showdown $2.5K First Down (USM @ TROY);CFB Showdown $500 Snap (USM @ TROY);CFB Showdown $750 Blitz [2 Entry Max] (USM @ TROY);CFB Showdown $510 Tailgate [Single Entry] (USM @ TROY);CFB Showdown $500 Quarter Jukebox [Just $0.25!] (USM @ TROY);CFB Showdown Satellite to NFL $4,444 Fantasy Football MEGA Millionaire [Must Fill] (USM @ TROY);CFB Showdown $530 Winner Take All [Must Fill] (USM @ TROY)",196406622;196406628;196406619;196406624;196406623;196406620;196406621;196406625;196406912;196406906;196406915;196406911;196406913;196406909;196406905;196406907;196406627;196406626;196406936;196406935,Showdown Captain Mode 10/6 8:00PM (USM @ TROY)
Eelijah Singleton - Showdown Captain Mode,196406622;196406628;196406619;196406624;196406623;196406620;196406621;196406625;196406912;196406906;196406915;196406911;196406913;196406909;196406905;196406907;196406627;196406626;196406936;196406935,44380411,44380411,Eelijah Singleton,Eelijah,Singleton,1200,WR,USM,USM @ TROY,10/06/2026 08:00 PM,,USM @ TROY,Showdown Captain Mode,CFB,10/6,Showdown Captain Mode 10/6 8:00PM (USM @ TROY),"CFB Showdown $25K Tuesday Kickoff [$5K to 1st] (USM @ TROY);CFB Showdown $1.5K Coffin Corner [Single Entry] (USM @ TROY);CFB Showdown $2.6K Spread Option [2 Entry Max] (USM @ TROY);CFB Showdown $2.5K First Down (USM @ TROY);CFB Showdown $500 Snap (USM @ TROY);CFB Showdown $750 Blitz [2 Entry Max] (USM @ TROY);CFB Showdown $510 Tailgate [Single Entry] (USM @ TROY);CFB Showdown $500 Quarter Jukebox [Just $0.25!] (USM @ TROY);CFB Showdown Satellite to NFL $4,444 Fantasy Football MEGA Millionaire [Must Fill] (USM @ TROY);CFB Showdown $530 Winner Take All [Must Fill] (USM @ TROY)",196406622;196406628;196406619;196406624;196406623;196406620;196406621;196406625;196406912;196406906;196406915;196406911;196406913;196406909;196406905;196406907;196406627;196406626;196406936;196406935,Showdown Captain Mode 10/6 8:00PM (USM @ TROY)
MJ Johnson - Showdown Captain Mode,196406622;196406628;196406619;196406624;196406623;196406620;196406621;196406625;196406912;196406906;196406915;196406911;196406913;196406909;196406905;196406907;196406627;196406626;196406936;196406935,44380412,44380412,MJ Johnson,MJ,Johnson,1000,WR,USM,USM @ TROY,10/06/2026 08:00 PM,,USM @ TROY,Showdown Captain Mode,CFB,10/6,Showdown Captain Mode 10/6 8:00PM (USM @ TROY),"CFB Showdown $25K Tuesday Kickoff [$5K to 1st] (USM @ TROY);CFB Showdown $1.5K Coffin Corner [Single Entry] (USM @ TROY);CFB Showdown $2.6K Spread Option [2 Entry Max] (USM @ TROY);CFB Showdown $2.5K First Down (USM @ TROY);CFB Showdown $500 Snap (USM @ TROY);CFB Showdown $750 Blitz [2 Entry Max] (USM @ TROY);CFB Showdown $510 Tailgate [Single Entry] (USM @ TROY);CFB Showdown $500 Quarter Jukebox [Just $0.25!] (USM @ TROY);CFB Showdown Satellite to NFL $4,444 Fantasy Football MEGA Millionaire [Must Fill] (USM @ TROY);CFB Showdown $530 Winner Take All [Must Fill] (USM @ TROY)",196406622;196406628;196406619;196406624;196406623;196406620;196406621;196406625;196406912;196406906;196406915;196406911;196406913;196406909;196406905;196406907;196406627;196406626;196406936;196406935,Showdown Captain Mode 10/6 8:00PM (USM @ TROY)
Jaylen Foster - Showdown Captain Mode,196406622;196406628;196406619;196406624;196406623;196406620;196406621;196406625;196406912;196406906;196406915;196406911;196406913;196406909;196406905;196406907;196406627;196406626;196406936;196406935,44380413,44380413,Jaylen Foster,Jaylen,Foster,1000,RB,USM,USM @ TROY,10/06/2026 08:00 PM,,USM @ TROY,Showdown Captain Mode,CFB,10/6,Showdown Captain Mode 10/6 8:00PM (USM @ TROY),"CFB Showdown $25K Tuesday Kickoff [$5K to 1st] (USM @ TROY);CFB Showdown $1.5K Coffin Corner [Single Entry] (USM @ TROY);CFB Showdown $2.6K Spread Option [2 Entry Max] (USM @ TROY);CFB Showdown $2.5K First Down (USM @ TROY);CFB Showdown $500 Snap (USM @ TROY);CFB Showdown $750 Blitz [2 Entry Max] (USM @ TROY);CFB Showdown $510 Tailgate [Single Entry] (USM @ TROY);CFB Showdown $500 Quarter Jukebox [Just $0.25!] (USM @ TROY);CFB Showdown Satellite to NFL $4,444 Fantasy Football MEGA Millionaire [Must Fill] (USM @ TROY);CFB Showdown $530 Winner Take All [Must Fill] (USM @ TROY)",196406622;196406628;196406619;196406624;196406623;196406620;196406621;196406625;196406912;196406906;196406915;196406911;196406913;196406909;196406905;196406907;196406627;196406626;196406936;196406935,Showdown Captain Mode 10/6 8:00PM (USM @ TROY)
AC Walters - Showdown Captain Mode,196406622;196406628;196406619;196406624;196406623;196406620;196406621;196406625;196406912;196406906;196406915;196406911;196406913;196406909;196406905;196406907;196406627;196406626;196406936;196406935,44380414,44380414,AC Walters,AC,Walters,1000,RB,TROY,USM @ TROY,10/06/2026 08:00 PM,,USM @ TROY,Showdown Captain Mode,CFB,10/6,Showdown Captain Mode 10/6 8:00PM (USM @ TROY),"CFB Showdown $25K Tuesday Kickoff [$5K to 1st] (USM @ TROY);CFB Showdown $1.5K Coffin Corner [Single Entry] (USM @ TROY);CFB Showdown $2.6K Spread Option [2 Entry Max] (USM @ TROY);CFB Showdown $2.5K First Down (USM @ TROY);CFB Showdown $500 Snap (USM @ TROY);CFB Showdown $750 Blitz [2 Entry Max] (USM @ TROY);CFB Showdown $510 Tailgate [Single Entry] (USM @ TROY);CFB Showdown $500 Quarter Jukebox [Just $0.25!] (USM @ TROY);CFB Showdown Satellite to NFL $4,444 Fantasy Football MEGA Millionaire [Must Fill] (USM @ TROY);CFB Showdown $530 Winner Take All [Must Fill] (USM @ TROY)",196406622;196406628;196406619;196406624;196406623;196406620;196406621;196406625;196406912;196406906;196406915;196406911;196406913;196406909;196406905;196406907;196406627;196406626;196406936;196406935,Showdown Captain Mode 10/6 8:00PM (USM @ TROY)
Robert Henderson - Showdown Captain Mode,196406622;196406628;196406619;196406624;196406623;196406620;196406621;196406625;196406912;196406906;196406915;196406911;196406913;196406909;196406905;196406907;196406627;196406626;196406936;196406935,44380415,44380415,Robert Henderson,Robert,Henderson,1000,RB,USM,USM @ TROY,10/06/2026 08:00 PM,,USM @ TROY,Showdown Captain Mode,CFB,10/6,Showdown Captain Mode 10/6 8:00PM (USM @ TROY),"CFB Showdown $25K Tuesday Kickoff [$5K to 1st] (USM @ TROY);CFB Showdown $1.5K Coffin Corner [Single Entry] (USM @ TROY);CFB Showdown $2.6K Spread Option [2 Entry Max] (USM @ TROY);CFB Showdown $2.5K First Down (USM @ TROY);CFB Showdown $500 Snap (USM @ TROY);CFB Showdown $750 Blitz [2 Entry Max] (USM @ TROY);CFB Showdown $510 Tailgate [Single Entry] (USM @ TROY);CFB Showdown $500 Quarter Jukebox [Just $0.25!] (USM @ TROY);CFB Showdown Satellite to NFL $4,444 Fantasy Football MEGA Millionaire [Must Fill] (USM @ TROY);CFB Showdown $530 Winner Take All [Must Fill] (USM @ TROY)",196406622;196406628;196406619;196406624;196406623;196406620;196406621;196406625;196406912;196406906;196406915;196406911;196406913;196406909;196406905;196406907;196406627;196406626;196406936;196406935,Showdown Captain Mode 10/6 8:00PM (USM @ TROY)
Brandon Hood - Showdown Captain Mode,196406622;196406628;196406619;196406624;196406623;196406620;196406621;196406625;196406912;196406906;196406915;196406911;196406913;196406909;196406905;196406907;196406627;196406626;196406936;196406935,44380416,44380416,Brandon Hood,Brandon,Hood,1000,RB,USM,USM @ TROY,10/06/2026 08:00 PM,,USM @ TROY,Showdown Captain Mode,CFB,10/6,Showdown Captain Mode 10/6 8:00PM (USM @ TROY),"CFB Showdown $25K Tuesday Kickoff [$5K to 1st] (USM @ TROY);CFB Showdown $1.5K Coffin Corner [Single Entry] (USM @ TROY);CFB Showdown $2.6K Spread Option [2 Entry Max] (USM @ TROY);CFB Showdown $2.5K First Down (USM @ TROY);CFB Showdown $500 Snap (USM @ TROY);CFB Showdown $750 Blitz [2 Entry Max] (USM @ TROY);CFB Showdown $510 Tailgate [Single Entry] (USM @ TROY);CFB Showdown $500 Quarter Jukebox [Just $0.25!] (USM @ TROY);CFB Showdown Satellite to NFL $4,444 Fantasy Football MEGA Millionaire [Must Fill] (USM @ TROY);CFB Showdown $530 Winner Take All [Must Fill] (USM @ TROY)",196406622;196406628;196406619;196406624;196406623;196406620;196406621;196406625;196406912;196406906;196406915;196406911;196406913;196406909;196406905;196406907;196406627;196406626;196406936;196406935,Showdown Captain Mode 10/6 8:00PM (USM @ TROY)
DeWhitt Betterson Jr. - Showdown Captain Mode,196406622;196406628;196406619;196406624;196406623;196406620;196406621;196406625;196406912;196406906;196406915;196406911;196406913;196406909;196406905;196406907;196406627;196406626;196406936;196406935,44380417,44380417,DeWhitt Betterson Jr.,DeWhitt,Betterson Jr.,1000,RB,TROY,USM @ TROY,10/06/2026 08:00 PM,,USM @ TROY,Showdown Captain Mode,CFB,10/6,Showdown Captain Mode 10/6 8:00PM (USM @ TROY),"CFB Showdown $25K Tuesday Kickoff [$5K to 1st] (USM @ TROY);CFB Showdown $1.5K Coffin Corner [Single Entry] (USM @ TROY);CFB Showdown $2.6K Spread Option [2 Entry Max] (USM @ TROY);CFB Showdown $2.5K First Down (USM @ TROY);CFB Showdown $500 Snap (USM @ TROY);CFB Showdown $750 Blitz [2 Entry Max] (USM @ TROY);CFB Showdown $510 Tailgate [Single Entry] (USM @ TROY);CFB Showdown $500 Quarter Jukebox [Just $0.25!] (USM @ TROY);CFB Showdown Satellite to NFL $4,444 Fantasy Football MEGA Millionaire [Must Fill] (USM @ TROY);CFB Showdown $530 Winner Take All [Must Fill] (USM @ TROY)",196406622;196406628;196406619;196406624;196406623;196406620;196406621;196406625;196406912;196406906;196406915;196406911;196406913;196406909;196406905;196406907;196406627;196406626;196406936;196406935,Showdown Captain Mode 10/6 8:00PM (USM @ TROY)
John Ford - Showdown Captain Mode,196406622;196406628;196406619;196406624;196406623;196406620;196406621;196406625;196406912;196406906;196406915;196406911;196406913;196406909;196406905;196406907;196406627;196406626;196406936;196406935,44380418,44380418,John Ford,John,Ford,1000,RB,USM,USM @ TROY,10/06/2026 08:00 PM,,USM @ TROY,Showdown Captain Mode,CFB,10/6,Showdown Captain Mode 10/6 8:00PM (USM @ TROY),"CFB Showdown $25K Tuesday Kickoff [$5K to 1st] (USM @ TROY);CFB Showdown $1.5K Coffin Corner [Single Entry] (USM @ TROY);CFB Showdown $2.6K Spread Option [2 Entry Max] (USM @ TROY);CFB Showdown $2.5K First Down (USM @ TROY);CFB Showdown $500 Snap (USM @ TROY);CFB Showdown $750 Blitz [2 Entry Max] (USM @ TROY);CFB Showdown $510 Tailgate [Single Entry] (USM @ TROY);CFB Showdown $500 Quarter Jukebox [Just $0.25!] (USM @ TROY);CFB Showdown Satellite to NFL $4,444 Fantasy Football MEGA Millionaire [Must Fill] (USM @ TROY);CFB Showdown $530 Winner Take All [Must Fill] (USM @ TROY)",196406622;196406628;196406619;196406624;196406623;196406620;196406621;196406625;196406912;196406906;196406915;196406911;196406913;196406909;196406905;196406907;196406627;196406626;196406936;196406935,Showdown Captain Mode 10/6 8:00PM (USM @ TROY)
Josiah Basten - Showdown Captain Mode,196406622;196406628;196406619;196406624;196406623;196406620;196406621;196406625;196406912;196406906;196406915;196406911;196406913;196406909;196406905;196406907;196406627;196406626;196406936;196406935,44380419,44380419,Josiah Basten,Josiah,Basten,1000,RB,USM,USM @ TROY,10/06/2026 08:00 PM,,USM @ TROY,Showdown Captain Mode,CFB,10/6,Showdown Captain Mode 10/6 8:00PM (USM @ TROY),"CFB Showdown $25K Tuesday Kickoff [$5K to 1st] (USM @ TROY);CFB Showdown $1.5K Coffin Corner [Single Entry] (USM @ TROY);CFB Showdown $2.6K Spread Option [2 Entry Max] (USM @ TROY);CFB Showdown $2.5K First Down (USM @ TROY);CFB Showdown $500 Snap (USM @ TROY);CFB Showdown $750 Blitz [2 Entry Max] (USM @ TROY);CFB Showdown $510 Tailgate [Single Entry] (USM @ TROY);CFB Showdown $500 Quarter Jukebox [Just $0.25!] (USM @ TROY);CFB Showdown Satellite to NFL $4,444 Fantasy Football MEGA Millionaire [Must Fill] (USM @ TROY);CFB Showdown $530 Winner Take All [Must Fill] (USM @ TROY)",196406622;196406628;196406619;196406624;196406623;196406620;196406621;196406625;196406912;196406906;196406915;196406911;196406913;196406909;196406905;196406907;196406627;196406626;196406936;196406935,Showdown Captain Mode 10/6 8:00PM (USM @ TROY)
Dennis Palmer - Showdown Captain Mode,196406622;196406628;196406619;196406624;196406623;196406620;196406621;196406625;196406912;196406906;196406915;196406911;196406913;196406909;196406905;196406907;196406627;196406626;196406936;196406935,44380420,44380420,Dennis Palmer,Dennis,Palmer,1000,RB,TROY,USM @ TROY,10/06/2026 08:00 PM,,USM @ TROY,Showdown Captain Mode,CFB,10/6,Showdown Captain Mode 10/6 8:00PM (USM @ TROY),"CFB Showdown $25K Tuesday Kickoff [$5K to 1st] (USM @ TROY);CFB Showdown $1.5K Coffin Corner [Single Entry] (USM @ TROY);CFB Showdown $2.6K Spread Option [2 Entry Max] (USM @ TROY);CFB Showdown $2.5K First Down (USM @ TROY);CFB Showdown $500 Snap (USM @ TROY);CFB Showdown $750 Blitz [2 Entry Max] (USM @ TROY);CFB Showdown $510 Tailgate [Single Entry] (USM @ TROY);CFB Showdown $500 Quarter Jukebox [Just $0.25!] (USM @ TROY);CFB Showdown Satellite to NFL $4,444 Fantasy Football MEGA Millionaire [Must Fill] (USM @ TROY);CFB Showdown $530 Winner Take All [Must Fill] (USM @ TROY)",196406622;196406628;196406619;196406624;196406623;196406620;196406621;196406625;196406912;196406906;196406915;196406911;196406913;196406909;196406905;196406907;196406627;196406626;196406936;196406935,Showdown Captain Mode 10/6 8:00PM (USM @ TROY)
King David Aboya - Showdown Captain Mode,196406622;196406628;196406619;196406624;196406623;196406620;196406621;196406625;196406912;196406906;196406915;196406911;196406913;196406909;196406905;196406907;196406627;196406626;196406936;196406935,44380421,44380421,King David Aboya,King,David Aboya,1000,WR,USM,USM @ TROY,10/06/2026 08:00 PM,,USM @ TROY,Showdown Captain Mode,CFB,10/6,Showdown Captain Mode 10/6 8:00PM (USM @ TROY),"CFB Showdown $25K Tuesday Kickoff [$5K to 1st] (USM @ TROY);CFB Showdown $1.5K Coffin Corner [Single Entry] (USM @ TROY);CFB Showdown $2.6K Spread Option [2 Entry Max] (USM @ TROY);CFB Showdown $2.5K First Down (USM @ TROY);CFB Showdown $500 Snap (USM @ TROY);CFB Showdown $750 Blitz [2 Entry Max] (USM @ TROY);CFB Showdown $510 Tailgate [Single Entry] (USM @ TROY);CFB Showdown $500 Quarter Jukebox [Just $0.25!] (USM @ TROY);CFB Showdown Satellite to NFL $4,444 Fantasy Football MEGA Millionaire [Must Fill] (USM @ TROY);CFB Showdown $530 Winner Take All [Must Fill] (USM @ TROY)",196406622;196406628;196406619;196406624;196406623;196406620;196406621;196406625;196406912;196406906;196406915;196406911;196406913;196406909;196406905;196406907;196406627;196406626;196406936;196406935,Showdown Captain Mode 10/6 8:00PM (USM @ TROY)
Kristian Tate - Showdown Captain Mode,196406622;196406628;196406619;196406624;196406623;196406620;196406621;196406625;196406912;196406906;196406915;196406911;196406913;196406909;196406905;196406907;196406627;196406626;196406936;196406935,44380422,44380422,Kristian Tate,Kristian,Tate,1000,WR,TROY,USM @ TROY,10/06/2026 08:00 PM,,USM @ TROY,Showdown Captain Mode,CFB,10/6,Showdown Captain Mode 10/6 8:00PM (USM @ TROY),"CFB Showdown $25K Tuesday Kickoff [$5K to 1st] (USM @ TROY);CFB Showdown $1.5K Coffin Corner [Single Entry] (USM @ TROY);CFB Showdown $2.6K Spread Option [2 Entry Max] (USM @ TROY);CFB Showdown $2.5K First Down (USM @ TROY);CFB Showdown $500 Snap (USM @ TROY);CFB Showdown $750 Blitz [2 Entry Max] (USM @ TROY);CFB Showdown $510 Tailgate [Single Entry] (USM @ TROY);CFB Showdown $500 Quarter Jukebox [Just $0.25!] (USM @ TROY);CFB Showdown Satellite to NFL $4,444 Fantasy Football MEGA Millionaire [Must Fill] (USM @ TROY);CFB Showdown $530 Winner Take All [Must Fill] (USM @ TROY)",196406622;196406628;196406619;196406624;196406623;196406620;196406621;196406625;196406912;196406906;196406915;196406911;196406913;196406909;196406905;196406907;196406627;196406626;196406936;196406935,Showdown Captain Mode 10/6 8:00PM (USM @ TROY)
Connor Gooding - Showdown Captain Mode,196406622;196406628;196406619;196406624;196406623;196406620;196406621;196406625;196406912;196406906;196406915;196406911;196406913;196406909;196406905;196406907;196406627;196406626;196406936;196406935,44380423,44380423,Connor Gooding,Connor,Gooding,1000,WR,USM,USM @ TROY,10/06/2026 08:00 PM,,USM @ TROY,Showdown Captain Mode,CFB,10/6,Showdown Captain Mode 10/6 8:00PM (USM @ TROY),"CFB Showdown $25K Tuesday Kickoff [$5K to 1st] (USM @ TROY);CFB Showdown $1.5K Coffin Corner [Single Entry] (USM @ TROY);CFB Showdown $2.6K Spread Option [2 Entry Max] (USM @ TROY);CFB Showdown $2.5K First Down (USM @ TROY);CFB Showdown $500 Snap (USM @ TROY);CFB Showdown $750 Blitz [2 Entry Max] (USM @ TROY);CFB Showdown $510 Tailgate [Single Entry] (USM @ TROY);CFB Showdown $500 Quarter Jukebox [Just $0.25!] (USM @ TROY);CFB Showdown Satellite to NFL $4,444 Fantasy Football MEGA Millionaire [Must Fill] (USM @ TROY);CFB Showdown $530 Winner Take All [Must Fill] (USM @ TROY)",196406622;196406628;196406619;196406624;196406623;196406620;196406621;196406625;196406912;196406906;196406915;196406911;196406913;196406909;196406905;196406907;196406627;196406626;196406936;196406935,Showdown Captain Mode 10/6 8:00PM (USM @ TROY)
Jayvin Bennett - Showdown Captain Mode,196406622;196406628;196406619;196406624;196406623;196406620;196406621;196406625;196406912;196406906;196406915;196406911;196406913;196406909;196406905;196406907;196406627;196406626;196406936;196406935,44380424,44380424,Jayvin Bennett,Jayvin,Bennett,1000,WR,TROY,USM @ TROY,10/06/2026 08:00 PM,,USM @ TROY,Showdown Captain Mode,CFB,10/6,Showdown Captain Mode 10/6 8:00PM (USM @ TROY),"CFB Showdown $25K Tuesday Kickoff [$5K to 1st] (USM @ TROY);CFB Showdown $1.5K Coffin Corner [Single Entry] (USM @ TROY);CFB Showdown $2.6K Spread Option [2 Entry Max] (USM @ TROY);CFB Showdown $2.5K First Down (USM @ TROY);CFB Showdown $500 Snap (USM @ TROY);CFB Showdown $750 Blitz [2 Entry Max] (USM @ TROY);CFB Showdown $510 Tailgate [Single Entry] (USM @ TROY);CFB Showdown $500 Quarter Jukebox [Just $0.25!] (USM @ TROY);CFB Showdown Satellite to NFL $4,444 Fantasy Football MEGA Millionaire [Must Fill] (USM @ TROY);CFB Showdown $530 Winner Take All [Must Fill] (USM @ TROY)",196406622;196406628;196406619;196406624;196406623;196406620;196406621;196406625;196406912;196406906;196406915;196406911;196406913;196406909;196406905;196406907;196406627;196406626;196406936;196406935,Showdown Captain Mode 10/6 8:00PM (USM @ TROY)
Trey Horne - Showdown Captain Mode,196406622;196406628;196406619;196406624;196406623;196406620;196406621;196406625;196406912;196406906;196406915;196406911;196406913;196406909;196406905;196406907;196406627;196406626;196406936;196406935,44380425,44380425,Trey Horne,Trey,Horne,1000,WR,USM,USM @ TROY,10/06/2026 08:00 PM,,USM @ TROY,Showdown Captain Mode,CFB,10/6,Showdown Captain Mode 10/6 8:00PM (USM @ TROY),"CFB Showdown $25K Tuesday Kickoff [$5K to 1st] (USM @ TROY);CFB Showdown $1.5K Coffin Corner [Single Entry] (USM @ TROY);CFB Showdown $2.6K Spread Option [2 Entry Max] (USM @ TROY);CFB Showdown $2.5K First Down (USM @ TROY);CFB Showdown $500 Snap (USM @ TROY);CFB Showdown $750 Blitz [2 Entry Max] (USM @ TROY);CFB Showdown $510 Tailgate [Single Entry] (USM @ TROY);CFB Showdown $500 Quarter Jukebox [Just $0.25!] (USM @ TROY);CFB Showdown Satellite to NFL $4,444 Fantasy Football MEGA Millionaire [Must Fill] (USM @ TROY);CFB Showdown $530 Winner Take All [Must Fill] (USM @ TROY)",196406622;196406628;196406619;196406624;196406623;196406620;196406621;196406625;196406912;196406906;196406915;196406911;196406913;196406909;196406905;196406907;196406627;196406626;196406936;196406935,Showdown Captain Mode 10/6 8:00PM (USM @ TROY)
Marquis Harris - Showdown Captain Mode,196406622;196406628;196406619;196406624;196406623;196406620;196406621;196406625;196406912;196406906;196406915;196406911;196406913;196406909;196406905;196406907;196406627;196406626;196406936;196406935,44380426,44380426,Marquis Harris,Marquis,Harris,1000,WR,TROY,USM @ TROY,10/06/2026 08:00 PM,,USM @ TROY,Showdown Captain Mode,CFB,10/6,Showdown Captain Mode 10/6 8:00PM (USM @ TROY),"CFB Showdown $25K Tuesday Kickoff [$5K to 1st] (USM @ TROY);CFB Showdown $1.5K Coffin Corner [Single Entry] (USM @ TROY);CFB Showdown $2.6K Spread Option [2 Entry Max] (USM @ TROY);CFB Showdown $2.5K First Down (USM @ TROY);CFB Showdown $500 Snap (USM @ TROY);CFB Showdown $750 Blitz [2 Entry Max] (USM @ TROY);CFB Showdown $510 Tailgate [Single Entry] (USM @ TROY);CFB Showdown $500 Quarter Jukebox [Just $0.25!] (USM @ TROY);CFB Showdown Satellite to NFL $4,444 Fantasy Football MEGA Millionaire [Must Fill] (USM @ TROY);CFB Showdown $530 Winner Take All [Must Fill] (USM @ TROY)",196406622;196406628;196406619;196406624;196406623;196406620;196406621;196406625;196406912;196406906;196406915;196406911;196406913;196406909;196406905;196406907;196406627;196406626;196406936;196406935,Showdown Captain Mode 10/6 8:00PM (USM @ TROY)
Ky McNulty - Showdown Captain Mode,196406622;196406628;196406619;196406624;196406623;196406620;196406621;196406625;196406912;196406906;196406915;196406911;196406913;196406909;196406905;196406907;196406627;196406626;196406936;196406935,44380427,44380427,Ky McNulty,Ky,McNulty,1000,WR,TROY,USM @ TROY,10/06/2026 08:00 PM,,USM @ TROY,Showdown Captain Mode,CFB,10/6,Showdown Captain Mode 10/6 8:00PM (USM @ TROY),"CFB Showdown $25K Tuesday Kickoff [$5K to 1st] (USM @ TROY);CFB Showdown $1.5K Coffin Corner [Single Entry] (USM @ TROY);CFB Showdown $2.6K Spread Option [2 Entry Max] (USM @ TROY);CFB Showdown $2.5K First Down (USM @ TROY);CFB Showdown $500 Snap (USM @ TROY);CFB Showdown $750 Blitz [2 Entry Max] (USM @ TROY);CFB Showdown $510 Tailgate [Single Entry] (USM @ TROY);CFB Showdown $500 Quarter Jukebox [Just $0.25!] (USM @ TROY);CFB Showdown Satellite to NFL $4,444 Fantasy Football MEGA Millionaire [Must Fill] (USM @ TROY);CFB Showdown $530 Winner Take All [Must Fill] (USM @ TROY)",196406622;196406628;196406619;196406624;196406623;196406620;196406621;196406625;196406912;196406906;196406915;196406911;196406913;196406909;196406905;196406907;196406627;196406626;196406936;196406935,Showdown Captain Mode 10/6 8:00PM (USM @ TROY)
KD Reynolds - Showdown Captain Mode,196406622;196406628;196406619;196406624;196406623;196406620;196406621;196406625;196406912;196406906;196406915;196406911;196406913;196406909;196406905;196406907;196406627;196406626;196406936;196406935,44380428,44380428,KD Reynolds,KD,Reynolds,1000,WR,TROY,USM @ TROY,10/06/2026 08:00 PM,,USM @ TROY,Showdown Captain Mode,CFB,10/6,Showdown Captain Mode 10/6 8:00PM (USM @ TROY),"CFB Showdown $25K Tuesday Kickoff [$5K to 1st] (USM @ TROY);CFB Showdown $1.5K Coffin Corner [Single Entry] (USM @ TROY);CFB Showdown $2.6K Spread Option [2 Entry Max] (USM @ TROY);CFB Showdown $2.5K First Down (USM @ TROY);CFB Showdown $500 Snap (USM @ TROY);CFB Showdown $750 Blitz [2 Entry Max] (USM @ TROY);CFB Showdown $510 Tailgate [Single Entry] (USM @ TROY);CFB Showdown $500 Quarter Jukebox [Just $0.25!] (USM @ TROY);CFB Showdown Satellite to NFL $4,444 Fantasy Football MEGA Millionaire [Must Fill] (USM @ TROY);CFB Showdown $530 Winner Take All [Must Fill] (USM @ TROY)",196406622;196406628;196406619;196406624;196406623;196406620;196406621;196406625;196406912;196406906;196406915;196406911;196406913;196406909;196406905;196406907;196406627;196406626;196406936;196406935,Showdown Captain Mode 10/6 8:00PM (USM @ TROY)
Andrew Leslie - Showdown Captain Mode,196406622;196406628;196406619;196406624;196406623;196406620;196406621;196406625;196406912;196406906;196406915;196406911;196406913;196406909;196406905;196406907;196406627;196406626;196406936;196406935,44380429,44380429,Andrew Leslie,Andrew,Leslie,1000,WR,TROY,USM @ TROY,10/06/2026 08:00 PM,,USM @ TROY,Showdown Captain Mode,CFB,10/6,Showdown Captain Mode 10/6 8:00PM (USM @ TROY),"CFB Showdown $25K Tuesday Kickoff [$5K to 1st] (USM @ TROY);CFB Showdown $1.5K Coffin Corner [Single Entry] (USM @ TROY);CFB Showdown $2.6K Spread Option [2 Entry Max] (USM @ TROY);CFB Showdown $2.5K First Down (USM @ TROY);CFB Showdown $500 Snap (USM @ TROY);CFB Showdown $750 Blitz [2 Entry Max] (USM @ TROY);CFB Showdown $510 Tailgate [Single Entry] (USM @ TROY);CFB Showdown $500 Quarter Jukebox [Just $0.25!] (USM @ TROY);CFB Showdown Satellite to NFL $4,444 Fantasy Football MEGA Millionaire [Must Fill] (USM @ TROY);CFB Showdown $530 Winner Take All [Must Fill] (USM @ TROY)",196406622;196406628;196406619;196406624;196406623;196406620;196406621;196406625;196406912;196406906;196406915;196406911;196406913;196406909;196406905;196406907;196406627;196406626;196406936;196406935,Showdown Captain Mode 10/6 8:00PM (USM @ TROY)
Broderick Peters - Showdown Captain Mode,196406622;196406628;196406619;196406624;196406623;196406620;196406621;196406625;196406912;196406906;196406915;196406911;196406913;196406909;196406905;196406907;196406627;196406626;196406936;196406935,44380430,44380430,Broderick Peters,Broderick,Peters,1000,WR,USM,USM @ TROY,10/06/2026 08:00 PM,,USM @ TROY,Showdown Captain Mode,CFB,10/6,Showdown Captain Mode 10/6 8:00PM (USM @ TROY),"CFB Showdown $25K Tuesday Kickoff [$5K to 1st] (USM @ TROY);CFB Showdown $1.5K Coffin Corner [Single Entry] (USM @ TROY);CFB Showdown $2.6K Spread Option [2 Entry Max] (USM @ TROY);CFB Showdown $2.5K First Down (USM @ TROY);CFB Showdown $500 Snap (USM @ TROY);CFB Showdown $750 Blitz [2 Entry Max] (USM @ TROY);CFB Showdown $510 Tailgate [Single Entry] (USM @ TROY);CFB Showdown $500 Quarter Jukebox [Just $0.25!] (USM @ TROY);CFB Showdown Satellite to NFL $4,444 Fantasy Football MEGA Millionaire [Must Fill] (USM @ TROY);CFB Showdown $530 Winner Take All [Must Fill] (USM @ TROY)",196406622;196406628;196406619;196406624;196406623;196406620;196406621;196406625;196406912;196406906;196406915;196406911;196406913;196406909;196406905;196406907;196406627;196406626;196406936;196406935,Showdown Captain Mode 10/6 8:00PM (USM @ TROY)
Dylan Denson - Showdown Captain Mode,196406622;196406628;196406619;196406624;196406623;196406620;196406621;196406625;196406912;196406906;196406915;196406911;196406913;196406909;196406905;196406907;196406627;196406626;196406936;196406935,44380431,44380431,Dylan Denson,Dylan,Denson,1000,WR,TROY,USM @ TROY,10/06/2026 08:00 PM,,USM @ TROY,Showdown Captain Mode,CFB,10/6,Showdown Captain Mode 10/6 8:00PM (USM @ TROY),"CFB Showdown $25K Tuesday Kickoff [$5K to 1st] (USM @ TROY);CFB Showdown $1.5K Coffin Corner [Single Entry] (USM @ TROY);CFB Showdown $2.6K Spread Option [2 Entry Max] (USM @ TROY);CFB Showdown $2.5K First Down (USM @ TROY);CFB Showdown $500 Snap (USM @ TROY);CFB Showdown $750 Blitz [2 Entry Max] (USM @ TROY);CFB Showdown $510 Tailgate [Single Entry] (USM @ TROY);CFB Showdown $500 Quarter Jukebox [Just $0.25!] (USM @ TROY);CFB Showdown Satellite to NFL $4,444 Fantasy Football MEGA Millionaire [Must Fill] (USM @ TROY);CFB Showdown $530 Winner Take All [Must Fill] (USM @ TROY)",196406622;196406628;196406619;196406624;196406623;196406620;196406621;196406625;196406912;196406906;196406915;196406911;196406913;196406909;196406905;196406907;196406627;196406626;196406936;196406935,Showdown Captain Mode 10/6 8:00PM (USM @ TROY)
Cace Reed - Showdown Captain Mode,196406622;196406628;196406619;196406624;196406623;196406620;196406621;196406625;196406912;196406906;196406915;196406911;196406913;196406909;196406905;196406907;196406627;196406626;196406936;196406935,44380432,44380432,Cace Reed,Cace,Reed,1000,WR,USM,USM @ TROY,10/06/2026 08:00 PM,,USM @ TROY,Showdown Captain Mode,CFB,10/6,Showdown Captain Mode 10/6 8:00PM (USM @ TROY),"CFB Showdown $25K Tuesday Kickoff [$5K to 1st] (USM @ TROY);CFB Showdown $1.5K Coffin Corner [Single Entry] (USM @ TROY);CFB Showdown $2.6K Spread Option [2 Entry Max] (USM @ TROY);CFB Showdown $2.5K First Down (USM @ TROY);CFB Showdown $500 Snap (USM @ TROY);CFB Showdown $750 Blitz [2 Entry Max] (USM @ TROY);CFB Showdown $510 Tailgate [Single Entry] (USM @ TROY);CFB Showdown $500 Quarter Jukebox [Just $0.25!] (USM @ TROY);CFB Showdown Satellite to NFL $4,444 Fantasy Football MEGA Millionaire [Must Fill] (USM @ TROY);CFB Showdown $530 Winner Take All [Must Fill] (USM @ TROY)",196406622;196406628;196406619;196406624;196406623;196406620;196406621;196406625;196406912;196406906;196406915;196406911;196406913;196406909;196406905;196406907;196406627;196406626;196406936;196406935,Showdown Captain Mode 10/6 8:00PM (USM @ TROY)
Daivon Nelson - Showdown Captain Mode,196406622;196406628;196406619;196406624;196406623;196406620;196406621;196406625;196406912;196406906;196406915;196406911;196406913;196406909;196406905;196406907;196406627;196406626;196406936;196406935,44380433,44380433,Daivon Nelson,Daivon,Nelson,1000,WR,TROY,USM @ TROY,10/06/2026 08:00 PM,,USM @ TROY,Showdown Captain Mode,CFB,10/6,Showdown Captain Mode 10/6 8:00PM (USM @ TROY),"CFB Showdown $25K Tuesday Kickoff [$5K to 1st] (USM @ TROY);CFB Showdown $1.5K Coffin Corner [Single Entry] (USM @ TROY);CFB Showdown $2.6K Spread Option [2 Entry Max] (USM @ TROY);CFB Showdown $2.5K First Down (USM @ TROY);CFB Showdown $500 Snap (USM @ TROY);CFB Showdown $750 Blitz [2 Entry Max] (USM @ TROY);CFB Showdown $510 Tailgate [Single Entry] (USM @ TROY);CFB Showdown $500 Quarter Jukebox [Just $0.25!] (USM @ TROY);CFB Showdown Satellite to NFL $4,444 Fantasy Football MEGA Millionaire [Must Fill] (USM @ TROY);CFB Showdown $530 Winner Take All [Must Fill] (USM @ TROY)",196406622;196406628;196406619;196406624;196406623;196406620;196406621;196406625;196406912;196406906;196406915;196406911;196406913;196406909;196406905;196406907;196406627;196406626;196406936;196406935,Showdown Captain Mode 10/6 8:00PM (USM @ TROY)
Doug Nelson - Showdown Captain Mode,196406622;196406628;196406619;196406624;196406623;196406620;196406621;196406625;196406912;196406906;196406915;196406911;196406913;196406909;196406905;196406907;196406627;196406626;196406936;196406935,44380434,44380434,Doug Nelson,Doug,Nelson,1000,WR,TROY,USM @ TROY,10/06/2026 08:00 PM,,USM @ TROY,Showdown Captain Mode,CFB,10/6,Showdown Captain Mode 10/6 8:00PM (USM @ TROY),"CFB Showdown $25K Tuesday Kickoff [$5K to 1st] (USM @ TROY);CFB Showdown $1.5K Coffin Corner [Single Entry] (USM @ TROY);CFB Showdown $2.6K Spread Option [2 Entry Max] (USM @ TROY);CFB Showdown $2.5K First Down (USM @ TROY);CFB Showdown $500 Snap (USM @ TROY);CFB Showdown $750 Blitz [2 Entry Max] (USM @ TROY);CFB Showdown $510 Tailgate [Single Entry] (USM @ TROY);CFB Showdown $500 Quarter Jukebox [Just $0.25!] (USM @ TROY);CFB Showdown Satellite to NFL $4,444 Fantasy Football MEGA Millionaire [Must Fill] (USM @ TROY);CFB Showdown $530 Winner Take All [Must Fill] (USM @ TROY)",196406622;196406628;196406619;196406624;196406623;196406620;196406621;196406625;196406912;196406906;196406915;196406911;196406913;196406909;196406905;196406907;196406627;196406626;196406936;196406935,Showdown Captain Mode 10/6 8:00PM (USM @ TROY)
Javery Mayberry - Showdown Captain Mode,196406622;196406628;196406619;196406624;196406623;196406620;196406621;196406625;196406912;196406906;196406915;196406911;196406913;196406909;196406905;196406907;196406627;196406626;196406936;196406935,44380435,44380435,Javery Mayberry,Javery,Mayberry,1000,WR,USM,USM @ TROY,10/06/2026 08:00 PM,,USM @ TROY,Showdown Captain Mode,CFB,10/6,Showdown Captain Mode 10/6 8:00PM (USM @ TROY),"CFB Showdown $25K Tuesday Kickoff [$5K to 1st] (USM @ TROY);CFB Showdown $1.5K Coffin Corner [Single Entry] (USM @ TROY);CFB Showdown $2.6K Spread Option [2 Entry Max] (USM @ TROY);CFB Showdown $2.5K First Down (USM @ TROY);CFB Showdown $500 Snap (USM @ TROY);CFB Showdown $750 Blitz [2 Entry Max] (USM @ TROY);CFB Showdown $510 Tailgate [Single Entry] (USM @ TROY);CFB Showdown $500 Quarter Jukebox [Just $0.25!] (USM @ TROY);CFB Showdown Satellite to NFL $4,444 Fantasy Football MEGA Millionaire [Must Fill] (USM @ TROY);CFB Showdown $530 Winner Take All [Must Fill] (USM @ TROY)",196406622;196406628;196406619;196406624;196406623;196406620;196406621;196406625;196406912;196406906;196406915;196406911;196406913;196406909;196406905;196406907;196406627;196406626;196406936;196406935,Showdown Captain Mode 10/6 8:00PM (USM @ TROY)
JT Tang - Showdown Captain Mode,196406622;196406628;196406619;196406624;196406623;196406620;196406621;196406625;196406912;196406906;196406915;196406911;196406913;196406909;196406905;196406907;196406627;196406626;196406936;196406935,44380436,44380436,JT Tang,JT,Tang,1000,WR,TROY,USM @ TROY,10/06/2026 08:00 PM,,USM @ TROY,Showdown Captain Mode,CFB,10/6,Showdown Captain Mode 10/6 8:00PM (USM @ TROY),"CFB Showdown $25K Tuesday Kickoff [$5K to 1st] (USM @ TROY);CFB Showdown $1.5K Coffin Corner [Single Entry] (USM @ TROY);CFB Showdown $2.6K Spread Option [2 Entry Max] (USM @ TROY);CFB Showdown $2.5K First Down (USM @ TROY);CFB Showdown $500 Snap (USM @ TROY);CFB Showdown $750 Blitz [2 Entry Max] (USM @ TROY);CFB Showdown $510 Tailgate [Single Entry] (USM @ TROY);CFB Showdown $500 Quarter Jukebox [Just $0.25!] (USM @ TROY);CFB Showdown Satellite to NFL $4,444 Fantasy Football MEGA Millionaire [Must Fill] (USM @ TROY);CFB Showdown $530 Winner Take All [Must Fill] (USM @ TROY)",196406622;196406628;196406619;196406624;196406623;196406620;196406621;196406625;196406912;196406906;196406915;196406911;196406913;196406909;196406905;196406907;196406627;196406626;196406936;196406935,Showdown Captain Mode 10/6 8:00PM (USM @ TROY)
Israel Leamon - Showdown Captain Mode,196406622;196406628;196406619;196406624;196406623;196406620;196406621;196406625;196406912;196406906;196406915;196406911;196406913;196406909;196406905;196406907;196406627;196406626;196406936;196406935,44380437,44380437,Israel Leamon,Israel,Leamon,1000,WR,USM,USM @ TROY,10/06/2026 08:00 PM,,USM @ TROY,Showdown Captain Mode,CFB,10/6,Showdown Captain Mode 10/6 8:00PM (USM @ TROY),"CFB Showdown $25K Tuesday Kickoff [$5K to 1st] (USM @ TROY);CFB Showdown $1.5K Coffin Corner [Single Entry] (USM @ TROY);CFB Showdown $2.6K Spread Option [2 Entry Max] (USM @ TROY);CFB Showdown $2.5K First Down (USM @ TROY);CFB Showdown $500 Snap (USM @ TROY);CFB Showdown $750 Blitz [2 Entry Max] (USM @ TROY);CFB Showdown $510 Tailgate [Single Entry] (USM @ TROY);CFB Showdown $500 Quarter Jukebox [Just $0.25!] (USM @ TROY);CFB Showdown Satellite to NFL $4,444 Fantasy Football MEGA Millionaire [Must Fill] (USM @ TROY);CFB Showdown $530 Winner Take All [Must Fill] (USM @ TROY)",196406622;196406628;196406619;196406624;196406623;196406620;196406621;196406625;196406912;196406906;196406915;196406911;196406913;196406909;196406905;196406907;196406627;196406626;196406936;196406935,Showdown Captain Mode 10/6 8:00PM (USM @ TROY)
Nehemiah Taylor - Showdown Captain Mode,196406622;196406628;196406619;196406624;196406623;196406620;196406621;196406625;196406912;196406906;196406915;196406911;196406913;196406909;196406905;196406907;196406627;196406626;196406936;196406935,44380438,44380438,Nehemiah Taylor,Nehemiah,Taylor,1000,WR,USM,USM @ TROY,10/06/2026 08:00 PM,,USM @ TROY,Showdown Captain Mode,CFB,10/6,Showdown Captain Mode 10/6 8:00PM (USM @ TROY),"CFB Showdown $25K Tuesday Kickoff [$5K to 1st] (USM @ TROY);CFB Showdown $1.5K Coffin Corner [Single Entry] (USM @ TROY);CFB Showdown $2.6K Spread Option [2 Entry Max] (USM @ TROY);CFB Showdown $2.5K First Down (USM @ TROY);CFB Showdown $500 Snap (USM @ TROY);CFB Showdown $750 Blitz [2 Entry Max] (USM @ TROY);CFB Showdown $510 Tailgate [Single Entry] (USM @ TROY);CFB Showdown $500 Quarter Jukebox [Just $0.25!] (USM @ TROY);CFB Showdown Satellite to NFL $4,444 Fantasy Football MEGA Millionaire [Must Fill] (USM @ TROY);CFB Showdown $530 Winner Take All [Must Fill] (USM @ TROY)",196406622;196406628;196406619;196406624;196406623;196406620;196406621;196406625;196406912;196406906;196406915;196406911;196406913;196406909;196406905;196406907;196406627;196406626;196406936;196406935,Showdown Captain Mode 10/6 8:00PM (USM @ TROY)
Nick Hampton - Showdown Captain Mode,196406622;196406628;196406619;196406624;196406623;196406620;196406621;196406625;196406912;196406906;196406915;196406911;196406913;196406909;196406905;196406907;196406627;196406626;196406936;196406935,44380439,44380439,Nick Hampton,Nick,Hampton,1000,WR,TROY,USM @ TROY,10/06/2026 08:00 PM,,USM @ TROY,Showdown Captain Mode,CFB,10/6,Showdown Captain Mode 10/6 8:00PM (USM @ TROY),"CFB Showdown $25K Tuesday Kickoff [$5K to 1st] (USM @ TROY);CFB Showdown $1.5K Coffin Corner [Single Entry] (USM @ TROY);CFB Showdown $2.6K Spread Option [2 Entry Max] (USM @ TROY);CFB Showdown $2.5K First Down (USM @ TROY);CFB Showdown $500 Snap (USM @ TROY);CFB Showdown $750 Blitz [2 Entry Max] (USM @ TROY);CFB Showdown $510 Tailgate [Single Entry] (USM @ TROY);CFB Showdown $500 Quarter Jukebox [Just $0.25!] (USM @ TROY);CFB Showdown Satellite to NFL $4,444 Fantasy Football MEGA Millionaire [Must Fill] (USM @ TROY);CFB Showdown $530 Winner Take All [Must Fill] (USM @ TROY)",196406622;196406628;196406619;196406624;196406623;196406620;196406621;196406625;196406912;196406906;196406915;196406911;196406913;196406909;196406905;196406907;196406627;196406626;196406936;196406935,Showdown Captain Mode 10/6 8:00PM (USM @ TROY)
Dillon Rowley - Showdown Captain Mode,196406622;196406628;196406619;196406624;196406623;196406620;196406621;196406625;196406912;196406906;196406915;196406911;196406913;196406909;196406905;196406907;196406627;196406626;196406936;196406935,44380440,44380440,Dillon Rowley,Dillon,Rowley,1000,WR,USM,USM @ TROY,10/06/2026 08:00 PM,,USM @ TROY,Showdown Captain Mode,CFB,10/6,Showdown Captain Mode 10/6 8:00PM (USM @ TROY),"CFB Showdown $25K Tuesday Kickoff [$5K to 1st] (USM @ TROY);CFB Showdown $1.5K Coffin Corner [Single Entry] (USM @ TROY);CFB Showdown $2.6K Spread Option [2 Entry Max] (USM @ TROY);CFB Showdown $2.5K First Down (USM @ TROY);CFB Showdown $500 Snap (USM @ TROY);CFB Showdown $750 Blitz [2 Entry Max] (USM @ TROY);CFB Showdown $510 Tailgate [Single Entry] (USM @ TROY);CFB Showdown $500 Quarter Jukebox [Just $0.25!] (USM @ TROY);CFB Showdown Satellite to NFL $4,444 Fantasy Football MEGA Millionaire [Must Fill] (USM @ TROY);CFB Showdown $530 Winner Take All [Must Fill] (USM @ TROY)",196406622;196406628;196406619;196406624;196406623;196406620;196406621;196406625;196406912;196406906;196406915;196406911;196406913;196406909;196406905;196406907;196406627;196406626;196406936;196406935,Showdown Captain Mode 10/6 8:00PM (USM @ TROY)
Jah'Marren Jackson - Showdown Captain Mode,196406622;196406628;196406619;196406624;196406623;196406620;196406621;196406625;196406912;196406906;196406915;196406911;196406913;196406909;196406905;196406907;196406627;196406626;196406936;196406935,44380441,44380441,Jah'Marren Jackson,Jah'Marren,Jackson,1000,WR,TROY,USM @ TROY,10/06/2026 08:00 PM,,USM @ TROY,Showdown Captain Mode,CFB,10/6,Showdown Captain Mode 10/6 8:00PM (USM @ TROY),"CFB Showdown $25K Tuesday Kickoff [$5K to 1st] (USM @ TROY);CFB Showdown $1.5K Coffin Corner [Single Entry] (USM @ TROY);CFB Showdown $2.6K Spread Option [2 Entry Max] (USM @ TROY);CFB Showdown $2.5K First Down (USM @ TROY);CFB Showdown $500 Snap (USM @ TROY);CFB Showdown $750 Blitz [2 Entry Max] (USM @ TROY);CFB Showdown $510 Tailgate [Single Entry] (USM @ TROY);CFB Showdown $500 Quarter Jukebox [Just $0.25!] (USM @ TROY);CFB Showdown Satellite to NFL $4,444 Fantasy Football MEGA Millionaire [Must Fill] (USM @ TROY);CFB Showdown $530 Winner Take All [Must Fill] (USM @ TROY)",196406622;196406628;196406619;196406624;196406623;196406620;196406621;196406625;196406912;196406906;196406915;196406911;196406913;196406909;196406905;196406907;196406627;196406626;196406936;196406935,Showdown Captain Mode 10/6 8:00PM (USM @ TROY)
Caston Brown - Showdown Captain Mode,196406622;196406628;196406619;196406624;196406623;196406620;196406621;196406625;196406912;196406906;196406915;196406911;196406913;196406909;196406905;196406907;196406627;196406626;196406936;196406935,44380442,44380442,Caston Brown,Caston,Brown,1000,WR,USM,USM @ TROY,10/06/2026 08:00 PM,,USM @ TROY,Showdown Captain Mode,CFB,10/6,Showdown Captain Mode 10/6 8:00PM (USM @ TROY),"CFB Showdown $25K Tuesday Kickoff [$5K to 1st] (USM @ TROY);CFB Showdown $1.5K Coffin Corner [Single Entry] (USM @ TROY);CFB Showdown $2.6K Spread Option [2 Entry Max] (USM @ TROY);CFB Showdown $2.5K First Down (USM @ TROY);CFB Showdown $500 Snap (USM @ TROY);CFB Showdown $750 Blitz [2 Entry Max] (USM @ TROY);CFB Showdown $510 Tailgate [Single Entry] (USM @ TROY);CFB Showdown $500 Quarter Jukebox [Just $0.25!] (USM @ TROY);CFB Showdown Satellite to NFL $4,444 Fantasy Football MEGA Millionaire [Must Fill] (USM @ TROY);CFB Showdown $530 Winner Take All [Must Fill] (USM @ TROY)",196406622;196406628;196406619;196406624;196406623;196406620;196406621;196406625;196406912;196406906;196406915;196406911;196406913;196406909;196406905;196406907;196406627;196406626;196406936;196406935,Showdown Captain Mode 10/6 8:00PM (USM @ TROY)
Hayden Jackson - Showdown Captain Mode,196406622;196406628;196406619;196406624;196406623;196406620;196406621;196406625;196406912;196406906;196406915;196406911;196406913;196406909;196406905;196406907;196406627;196406626;196406936;196406935,44380443,44380443,Hayden Jackson,Hayden,Jackson,1000,WR,TROY,USM @ TROY,10/06/2026 08:00 PM,,USM @ TROY,Showdown Captain Mode,CFB,10/6,Showdown Captain Mode 10/6 8:00PM (USM @ TROY),"CFB Showdown $25K Tuesday Kickoff [$5K to 1st] (USM @ TROY);CFB Showdown $1.5K Coffin Corner [Single Entry] (USM @ TROY);CFB Showdown $2.6K Spread Option [2 Entry Max] (USM @ TROY);CFB Showdown $2.5K First Down (USM @ TROY);CFB Showdown $500 Snap (USM @ TROY);CFB Showdown $750 Blitz [2 Entry Max] (USM @ TROY);CFB Showdown $510 Tailgate [Single Entry] (USM @ TROY);CFB Showdown $500 Quarter Jukebox [Just $0.25!] (USM @ TROY);CFB Showdown Satellite to NFL $4,444 Fantasy Football MEGA Millionaire [Must Fill] (USM @ TROY);CFB Showdown $530 Winner Take All [Must Fill] (USM @ TROY)",196406622;196406628;196406619;196406624;196406623;196406620;196406621;196406625;196406912;196406906;196406915;196406911;196406913;196406909;196406905;196406907;196406627;196406626;196406936;196406935,Showdown Captain Mode 10/6 8:00PM (USM @ TROY)
Drew Bilderback - Showdown Captain Mode,196406622;196406628;196406619;196406624;196406623;196406620;196406621;196406625;196406912;196406906;196406915;196406911;196406913;196406909;196406905;196406907;196406627;196406626;196406936;196406935,44380444,44380444,Drew Bilderback,Drew,Bilderback,1000,WR,USM,USM @ TROY,10/06/2026 08:00 PM,,USM @ TROY,Showdown Captain Mode,CFB,10/6,Showdown Captain Mode 10/6 8:00PM (USM @ TROY),"CFB Showdown $25K Tuesday Kickoff [$5K to 1st] (USM @ TROY);CFB Showdown $1.5K Coffin Corner [Single Entry] (USM @ TROY);CFB Showdown $2.6K Spread Option [2 Entry Max] (USM @ TROY);CFB Showdown $2.5K First Down (USM @ TROY);CFB Showdown $500 Snap (USM @ TROY);CFB Showdown $750 Blitz [2 Entry Max] (USM @ TROY);CFB Showdown $510 Tailgate [Single Entry] (USM @ TROY);CFB Showdown $500 Quarter Jukebox [Just $0.25!] (USM @ TROY);CFB Showdown Satellite to NFL $4,444 Fantasy Football MEGA Millionaire [Must Fill] (USM @ TROY);CFB Showdown $530 Winner Take All [Must Fill] (USM @ TROY)",196406622;196406628;196406619;196406624;196406623;196406620;196406621;196406625;196406912;196406906;196406915;196406911;196406913;196406909;196406905;196406907;196406627;196406626;196406936;196406935,Showdown Captain Mode 10/6 8:00PM (USM @ TROY)
Kaden Saunders - Showdown Captain Mode,196406622;196406628;196406619;196406624;196406623;196406620;196406621;196406625;196406912;196406906;196406915;196406911;196406913;196406909;196406905;196406907;196406627;196406626;196406936;196406935,44380445,44380445,Kaden Saunders,Kaden,Saunders,1000,WR,USM,USM @ TROY,10/06/2026 08:00 PM,,USM @ TROY,Showdown Captain Mode,CFB,10/6,Showdown Captain Mode 10/6 8:00PM (USM @ TROY),"CFB Showdown $25K Tuesday Kickoff [$5K to 1st] (USM @ TROY);CFB Showdown $1.5K Coffin Corner [Single Entry] (USM @ TROY);CFB Showdown $2.6K Spread Option [2 Entry Max] (USM @ TROY);CFB Showdown $2.5K First Down (USM @ TROY);CFB Showdown $500 Snap (USM @ TROY);CFB Showdown $750 Blitz [2 Entry Max] (USM @ TROY);CFB Showdown $510 Tailgate [Single Entry] (USM @ TROY);CFB Showdown $500 Quarter Jukebox [Just $0.25!] (USM @ TROY);CFB Showdown Satellite to NFL $4,444 Fantasy Football MEGA Millionaire [Must Fill] (USM @ TROY);CFB Showdown $530 Winner Take All [Must Fill] (USM @ TROY)",196406622;196406628;196406619;196406624;196406623;196406620;196406621;196406625;196406912;196406906;196406915;196406911;196406913;196406909;196406905;196406907;196406627;196406626;196406936;196406935,Showdown Captain Mode 10/6 8:00PM (USM @ TROY)
Jacorey Whitted - Showdown Captain Mode,196406622;196406628;196406619;196406624;196406623;196406620;196406621;196406625;196406912;196406906;196406915;196406911;196406913;196406909;196406905;196406907;196406627;196406626;196406936;196406935,44380446,44380446,Jacorey Whitted,Jacorey,Whitted,1000,WR,TROY,USM @ TROY,10/06/2026 08:00 PM,,USM @ TROY,Showdown Captain Mode,CFB,10/6,Showdown Captain Mode 10/6 8:00PM (USM @ TROY),"CFB Showdown $25K Tuesday Kickoff [$5K to 1st] (USM @ TROY);CFB Showdown $1.5K Coffin Corner [Single Entry] (USM @ TROY);CFB Showdown $2.6K Spread Option [2 Entry Max] (USM @ TROY);CFB Showdown $2.5K First Down (USM @ TROY);CFB Showdown $500 Snap (USM @ TROY);CFB Showdown $750 Blitz [2 Entry Max] (USM @ TROY);CFB Showdown $510 Tailgate [Single Entry] (USM @ TROY);CFB Showdown $500 Quarter Jukebox [Just $0.25!] (USM @ TROY);CFB Showdown Satellite to NFL $4,444 Fantasy Football MEGA Millionaire [Must Fill] (USM @ TROY);CFB Showdown $530 Winner Take All [Must Fill] (USM @ TROY)",196406622;196406628;196406619;196406624;196406623;196406620;196406621;196406625;196406912;196406906;196406915;196406911;196406913;196406909;196406905;196406907;196406627;196406626;196406936;196406935,Showdown Captain Mode 10/6 8:00PM (USM @ TROY)
