Player,Position,Team,Opp,DPA Avg,FPTS Avg,PASS_TD Avg,PASS_YDS Avg,PASS_ATT Avg,PASS_CMP Avg,INT Avg,RUSH_TD Avg,RUSH_YDS Avg,RUSH_ATT Avg,REC_TD Avg,REC_YDS Avg,REC Avg,ANYTIME_TD Avg,SACK Avg,DraftKings,FanDuel,PrizePicks,Underdog,Fav,Spread,O/U,Match Title (Underdog),Game Short Title (Underdog),Venue Name (Underdog),Venue Type (Underdog),Broadcasts (Underdog),Player Salary,Player Image,Tournament,Game Start Time
Drew Mestemaker,QB,OKST,TLSA,,29.13,2.77,339.02,34.5,23.5,0.99,0.46,13.23,5.22,,,,0,,27.7338,27.7338,27.7338,27.7338,,,,,,,,,,,,
Arch Manning,QB,TEX,TXST,,26.84,2.42,263.01,27.78,21.02,0.71,0.57,27.76,7.53,,1,,0,,25.7864,25.7864,25.7864,25.7864,,,,,,,,,,,,
D'Wanye' Winfield,QB,UL,UL@USC,,26.01,1.28,221,,,0.66,1.1,53,,,,,0.63,,25.2,25.2,25.2,25.2,,,,,,,,,,,,
Kamario Taylor,QB,MSST,ULMON,,25.85,1.59,255.9133333,32.328,20.295,0.78,0.83,37.18444444,11.52666667,,,,0,,24.51497778,24.51497778,24.51497778,24.51497778,,,,,,,,,,,,
Devon Dampier,QB,UTAH,IDAHO,,25.77,1.73,214.28,24.5,15.27,0.53,0.65,61.31,12.57,,,,1.02,,24.9922,24.9922,24.9922,24.9922,,,,,,,,,,,,
Michael Hawkins Jr.,QB,WVU,COASTC,,25.63,0.6142857143,143.3,19.4875,16.5,0.56,1.2,86.675,19.62,,,,0,,23.49664286,23.49664286,23.49664286,23.49664286,,,,,,,,,,,,
Caden Creel,QB,JAXST,NDST,0,25.52,1.56,206.12,,,0.43,0.6,72.09,13.2,,,,0.5,0,24.8638,24.8638,24.8638,24.8638,,,,,,,,,,,,
Lunch Winfield,QB,LOUISIANALAFAYETTE,LAMAR,,25.28,0.66,163.5,,,0.54,1.03,92.228,12.57,,,,0.85,,24.0428,24.0428,24.0428,24.0428,,,,,,,,,,,,
Kevin Jennings,QB,SMU,FSU,,24.88,2.1375,296.0671429,33.61333333,24.94666667,0.6166666667,0.33,17.4725,5.63,,,,0.5,,23.50326905,23.50326905,23.50326905,23.50326905,,,,,,,,,,,,
Trinidad Chambliss,QB,MISS,LOU,,24.71,1.58,279.24,33.5,21.5,0.45,0.71,25.8,7.96,,1,,0,,23.9796,23.9796,23.9796,23.9796,,,,,,,,,,,,
Demond Williams Jr.,QB,WASH,WASHST,,24.42,1.39125,251.83,35.53833333,21.82,1.25,0.55,36.3975,12.17,,,,0,,21.32795,21.32795,21.32795,21.32795,,,,,,,,,,,,
Conner Weigman,QB,HOU,TB,,24.35,1.66125,228.8383333,26.27,18.32333333,0.54,0.71,39.07642857,10.61333333,,,,0,,23.42617619,23.42617619,23.42617619,23.42617619,,,,,,,,,,,,
JJ Kohl,QB,FIU,USF,,24.34,2.21,313.25,,,0.86,0.24,12.16,5.54,,,,0.14,,23.166,23.166,23.166,23.166,,,,,,,,,,,,
Dante Moore,QB,ORE,BOISE,,24.06,2.59,291.85,26.5,18.67,0.56,0.08,13.05,5.75,,,,0,,23.259,23.259,23.259,23.259,,,,,,,,,,,,
Avery Johnson,QB,KANSASSTATE,NICH,,24.01,1.75,214.84,24.04,15.77,0.6,0.63,43.61,7.97,,,,0.67,,23.1346,23.1346,23.1346,23.1346,,,,,,,,,,,,
Brad Jackson,QB,TXST,TEX,,23.93,1.52,217.84,,,0.55,1.06,33.94,11.2,,,,0.5,,23.9976,23.9976,23.9976,23.9976,,,,,,,,,,,,
Quinn Henicle,QB,OLDDOMINION,NOR,,23.78,1.06,172.47,,,0.53,1.13,51.64,10.32,,,,0.89,,22.5528,22.5528,22.5528,22.5528,,,,,,,,,,,,
Caden Veltkamp,QB,FAU,FLA,,23.45,2.19,302.8,,,1.04,0.36,2.29,6.12,,1,,0.5,,22.321,22.321,22.321,22.321,,,,,,,,,,,,
Lincoln Kienholz,QB,LOU,MISS,,23.93412381,1.662,250.2614286,29.5,17.5,0.6266666667,0.87,26.82333333,11.14,,,,0,,23.93412381,23.93412381,23.93412381,23.93412381,,,,,,,,,,,,
Braden Atkinson,QB,ORST,HOU,,24.641,2.915,330.5,29.5,16.5,1.02,0.13,0.01,2.69,,,,0,,24.641,24.641,24.641,24.641,,,,,,,,,,,,
Brock Glenn,QB,WESTERNKENTUCKY,NEVADA,,23.09,1.37,167.19,,,0.69,0.84,57.09,13.3,,,,0.03,,22.2266,22.2266,22.2266,22.2266,,,,,,,,,,,,
Katin Houser,QB,ILL,UAB,,24.09479683,2.001666667,270.2671429,30.4825,20.095,0.6233333333,0.7,17.00777778,7.35,,,,0.19,,24.09479683,24.09479683,24.09479683,24.09479683,,,,,,,,,,,,
Sam Leavitt,QB,LSU,CLEM,,22.77,1.63,269.31,32.5,21.33,0.45,0.43,26.38,6.05,,,,0,,22.0604,22.0604,22.0604,22.0604,,,,,,,,,,,,
Bishop Davenport,QB,SOUTHALABAMA,SELA,,22.69,1.58,217.86,,,0.41,0.81,27.64,9.55,,,,0.79,,22.2484,22.2484,22.2484,22.2484,,,,,,,,,,,,
Marcel Reed,QB,TXAM,MOSTU,,22.64,1.652857143,229.6077778,27.515,18.2825,0.6,0.46,31.071,8.613333333,,,,0,,21.06283968,21.06283968,21.06283968,21.06283968,,,,,,,,,,,,
Byrum Brown,QB,AUB,BAY,,22.55,1.205714286,219.1,33.679,20.8175,1.28,0.65,54.00421053,17.29,,,,0,,21.6072782,21.6072782,21.6072782,21.6072782,,,,,,,,,,,,
Marcus Stokes,QB,MEMP,UNLV,0,22.53,2,230.5,28.52,17.67,0.86,0.41,25.31,9.5,,,,0.26,0,21.351,21.351,21.351,21.351,,,,,,,,,,,,
Cale Hellums,QB,ARMY,BRYANT,,22.28,0.54,87.41,,,0.21,1.35,82.08,24.91,,3,,1.55,,22.0544,22.0544,22.0544,22.0544,,,,,,,,,,,,
Tayven Jackson,QB,UNT,IND,,21.45,1.4,247.97,33.5,22.5,0.76,0.39,34.58,8.05,,,,0,,20.5568,20.5568,20.5568,20.5568,,,,,,,,,,,,
Gunner Stockton,QB,UGA,TENNST,,21.44,1.996666667,237.43125,25.10333333,18.77,0.43,0.35,26.023125,7.22,,,,0.43,,21.75622917,21.75622917,21.75622917,21.75622917,,,,,,,,,,,,
Liam Szarka,QB,AIRFORCE,DUQ,,23.15,0.575,106.5,,,0.43,1.22,97,17.12,,,,1.52,,23.15,23.15,23.15,23.15,,,,,,,,,,,,
Hauss Hejny,QB,CSU,WYO,,21.15,1.83,232.96,32.5,19.33,0.77,0.35,29.46,9.04,,,,0.5,,20.9144,20.9144,20.9144,20.9144,,,,,,,,,,,,
Micah Alejado,QB,HAWAII,STNFRD,0,21.1,1.72,269.5,37.53,24.5,0.91,0.2,9.43,8.71,,,,0.19,0,18.893,18.893,18.893,18.893,,,,,,,,,,,,
Nick Poulos,QB,OHIO,NEB,,21.05,1.37,183.83,24.5,,0.83,0.54,60,13.43,,,,0.5,,21.2432,21.2432,21.2432,21.2432,,,,,,,,,,,,
Keelon Russell,QB,ALA,ECU,,20.95,1.57625,267.8028571,30.746,20.59666667,0.6133333333,0.26,27.13705882,8.05,,,,0,,20.67748683,20.67748683,20.67748683,20.67748683,,,,,,,,,,,,
Nick Minicucci,QB,DELAWARE,MERRIM,,20.93,1.4,253.73,32.96,18.78,0.57,0.51,11.24,7.54,,,,0.91,,19.3632,19.3632,19.3632,19.3632,,,,,,,,,,,,
Jacurri Brown,QB,RICE,HOUCHR,,20.9,0.71,132.05,,,0.26,0.62,84.02,19.51,,,,0.54,,19.984,19.984,19.984,19.984,,,,,,,,,,,,
Ashton Daniels,QB,FSU,NMEXST,0,20.82,1.261111111,208.2088889,24.74,16.63,0.82,0.57,35.802,11.25,,,,0.59,0,19.553,19.553,19.553,19.553,,,,,,,,,,,,
Noah Fifita,QB,ARIZONA,NOARI,,23.61746667,2.14625,278.5,30.9425,22.10666667,0.47,0.38,20.82466667,9.23,,,,0.28,,23.61746667,23.61746667,23.61746667,23.61746667,,,,,,,,,,,,
Gio Lopez,QB,WAKE,AKR,,23.29898889,1.664,267.4022222,27.83666667,19.99333333,0.46,0.57,29.869,9.815,,,,0.28,,23.29898889,23.29898889,23.29898889,23.29898889,,,,,,,,,,,,
Roman Gagliano,QB,MIDDLETENNST,MUR,,20.77,0.552,184.5,,,1,0.48,8.5,12,,,,0.44,,12.318,12.318,12.318,12.318,,,,,,,,,,,,
Jayden Maiava,QB,USC,SJST,,21.64664127,2.238888889,275.5771429,31.75666667,20.37333333,0.76,0.33,4.48,4.42,,,,0.6,,21.64664127,21.64664127,21.64664127,21.64664127,,,,,,,,,,,,
Angel H Flores,QB,CENTRALMICHIGAN,NM,,20.66,0.6,121.99,,,0.38,0.85,71.95,16.02,,,,0.5,,19.1946,19.1946,19.1946,19.1946,,,,,,,,,,,,
Josh Hoover,QB,IND,DEN,,22.34612738,2.616666667,247.5771429,26.9975,19.20333333,0.43,0.28,7.26375,5.21,,,,0,,22.34612738,22.34612738,22.34612738,22.34612738,,,,,,,,,,,,
Rickie Collins,QB,KENNESAWSTATE,WESTGA,,20.45,1.42,230.95,,,0.73,0.46,25.09,8.04,,,,0.41,,19.457,19.457,19.457,19.457,,,,,,,,,,,,
CJ Bailey,QB,NCST,UVA,,20.45,1.449,243.7188889,30.546,19.92,0.78,0.43,21.73647059,8.015,,,,0.25,,19.51840261,19.51840261,19.51840261,19.51840261,,,,,,,,,,,,
Alberto Mendoza,QB,GT,CU,,20.41,1.5,247.56,26.33,16.67,0.86,0.38,20.68,6.64,,,,0.31,,19.3904,19.3904,19.3904,19.3904,,,,,,,,,,,,
David McComb,QB,MIAOH,PITT,,20.32,1.42,229.36,27.5,14.5,0.79,0.45,26.16,7.96,,,,0,,19.3804,19.3804,19.3804,19.3804,,,,,,,,,,,,
Colton Joseph,QB,WIS,ND,,21.59052222,1.444,221.8055556,30.98,18.98,0.85,0.59,41.523,10.74,,1,,0.37,,21.59052222,21.59052222,21.59052222,21.59052222,,,,,,,,,,,,
Carlos Del Rio-Wilson,QB,MRSH,PSU,,19.98,1.44,177.5,30.5,17.5,0.56,0.5,36.19,12.36,,,,0.38,,18.919,18.919,18.919,18.919,,,,,,,,,,,,
Jackson Arnold,QB,UNLV,MEMP,0,19.95,1.22,203.8333333,28.86,,0.6333333333,0.54,31.50666667,7.84,,,,1,0,18.79066667,18.79066667,18.79066667,18.79066667,,,,,,,,,,,,
Camden Coleman,QB,JMU,LIB,,26.931,0.58,239.5,,,0.17,0.13,9.29,2.13,0.66,59.52,3.58,0.5,,26.931,25.141,26.931,26.931,,,,,,,,,,,,
Bryce Underwood,QB,MICH,WESTMI,,19.74,1.16625,193.5633333,26.5175,17.16333333,0.665,0.52,33.35222222,11.926,,,,0,,18.19775556,18.19775556,18.19775556,18.19775556,,,,,,,,,,,,
Malachi Singleton,QB,APPALACHIANSTATE,MAINE,,19.7,1.44,225.53,35.3,19.5,0.94,0.29,30.09,10.02,,,,0.32,,18.5902,18.5902,18.5902,18.5902,,,,,,,,,,,,
Kalieb Osborne,QB,UCONN,LAF,,19.66,1.24,204.9633333,30.8,16.765,0.87,0.53,32.59,11.865,,,,0.04,,18.72753333,18.72753333,18.72753333,18.72753333,,,,,,,,,,,,
LaNorris Sellers,QB,SCAR,KENT,,21.38515079,1.495714286,246.0142857,30.52833333,20.94,0.64,0.27,41.81722222,8.48,,4,,0,,21.38515079,21.38515079,21.38515079,21.38515079,,,,,,,,,,,,
Jaron-Keawe Sagapolutele,QB,CAL,UCLA,,19.52,1.481666667,263.93,36.84666667,21.53666667,1.03,0.31,0.52,4.92,,,,0,,17.36586667,17.36586667,17.36586667,17.36586667,,,,,,,,,,,,
Anthony Colandrea,QB,NEB,OHIO,,22.59056667,1.736666667,236.685,29.2625,19.72333333,0.76,0.51,38.765,9.95,,,,0,,22.59056667,22.59056667,22.59056667,22.59056667,,,,,,,,,,,,
Nathan Hayes,QB,NDST,JAXST,0,19.35,1.435,212.035,,,0.59,0.37,25.865,7.83,,,,0.15,0,18.4379,18.4379,18.4379,18.4379,,,,,,,,,,,,
Dylan Lonergan,QB,RUTG,MASS,,19.34,0.635,176.035,25.49,16.62,0.72,0,0,8.77,,,,0.5,,8.8614,8.8614,8.8614,8.8614,,,,,,,,,,,,
Broc Lowry,QB,WMU,MICH,,19.34,0.81,168,22.5,,0.2,0.79,51.78,15.46,,,,0.31,,19.678,19.678,19.678,19.678,,,,,,,,,,,,
Owen McCown,QB,UTSA,UTRGV,,19.29,2.08,253.77,,,0.55,0.13,6.25,4.5,,,,0.18,,19.3258,19.3258,19.3258,19.3258,,,,,,,,,,,,
Darian Mensah,QB,MIA,STNFRD,,19.25,2.043333333,254.7,29.44,22.29333333,0.53,0.15,3.85,3.63,,,,0.5,,19.11633333,19.11633333,19.11633333,19.11633333,,,,,,,,,,,,
Isaiah Marshall,QB,KANSAS,LIU,,20.92618571,1.665714286,209.5975,22.865,15.25666667,0.47,0.35,42.49428571,9.613333333,,,,0.03,,20.92618571,20.92618571,20.92618571,20.92618571,,,,,,,,,,,,
CJ Carr,QB,ND,WISC,,19.22,1.595555556,240.8333333,25.67,18.28,0.49,0.32,2.1,3.52,,,,0.5,,17.65555556,17.65555556,17.65555556,17.65555556,,,,,,,,,,,,
Will Hammond,QB,TEXASTECH,ABICHR,,18.88,1.644444444,235.875,28.44333333,20.16,0.6166666667,0.37,18.06466667,5.54,,,,0.41,,19.42257778,19.42257778,19.42257778,19.42257778,,,,,,,,,,,,
Bear Bachmeier,QB,BYU,UTAHTE,,18.88,1.28375,210.8457143,26.42,17.2375,0.6233333333,0.55,32.36736842,8.44,,,,0.75,,19.48223208,19.48223208,19.48223208,19.48223208,,,,,,,,,,,,
Deuce Bailey,QB,CCAR,WVU,,18.81,1.75,238.93,27.5,15.5,0.82,0.17,20.01,4.89,,,,0.5,,18.7582,18.7582,18.7582,18.7582,,,,,,,,,,,,
Goose Crowder,QB,TROY,SAMHOU,,18.8,1.81,218.78,,,0.77,0.22,12.5,5.86,,,,0.5,,17.7912,17.7912,17.7912,17.7912,,,,,,,,,,,,
Julian Sayin,QB,OSU,BALLST,,18.73,1.736666667,258.3971429,28.026,19.56666667,0.58,0.14,0.69,2.63,,,,0,,17.61155238,17.61155238,17.61155238,17.61155238,,,,,,,,,,,,
Maddux Madsen,QB,BSU,ORE,,18.59,1.872,234.494,28.31,15.37,0.7,0.34,6.94,4.96,,,,0.5,,18.90176,18.90176,18.90176,18.90176,,,,,,,,,,,,
Max Johnson,QB,GEORGIASOUTHERN,CHSOU,,19.6062,1.88,254.68,36.67,20,0.77,0.27,10.49,8.16,,,,0.28,,19.6062,19.6062,19.6062,19.6062,,,,,,,,,,,,
John Alan Richter,QB,TOL,MSU,,20.478,2.09,245.1,29.91,16.76,0.61,0.26,13.64,5.46,,,,0.5,,20.478,20.478,20.478,20.478,,,,,,,,,,,,
Luke Weaver,QB,SJST,USC,,18.35,1.5275,257.25,35.53,18.52,1.04,0.4,12.25,3.34,,,,0.17,,18.985,18.985,18.985,18.985,,,,,,,,,,,,
Mason Heintschel,QB,PITT,MIAOH,,18.33,1.85,243.88,32.25,22.5,0.8,0.29,7.55,8.54,,,,0,,18.8502,18.8502,18.8502,18.8502,,,,,,,,,,,,
Alonza Barnett III,QB,CENTRALFLORIDA,BC,,18.2,1.04,213,,,0.78,0.46,17.01,7.81,,,,0.67,,16.361,16.361,16.361,16.361,,,,,,,,,,,,
Nico Iamaleava,QB,UCLA,CAL,,18.13,1.02,184.34,28.67,18.5,0.56,0.41,40.33,9.18,,,,0,,17.3866,17.3866,17.3866,17.3866,,,,,,,,,,,,
Aaron Philo,QB,FLA,FLAATL,,18.04,1.461666667,214.7857143,23.62833333,16.2625,0.53,0.36,16.47444444,6.5,,,,0,,17.71553968,17.71553968,17.71553968,17.71553968,,,,,,,,,,,,
Noah Kim,QB,EMICH,SACST,0,18,1.5,227.94,32.5,16.5,0.81,0.54,10.61,6.86,,,,0.39,0,18.6086,18.6086,18.6086,18.6086,,,,,,,,,,,,
KJ Jackson,QB,ARKANSAS,NORTAL,,17.97,0.6183333333,202.5033333,30.91,18.5,0.77,0.29,13.29909091,12.14,,,,0.42,,12.87337576,12.87337576,12.87337576,12.87337576,,,,,,,,,,,,
Aidan Chiles,QB,NORTHWESTERN,SDAKST,,17.97,1.21,214.55,29.5,18.5,0.41,0.58,14.01,7.79,,,,0.55,,17.893,17.893,17.893,17.893,,,,,,,,,,,,
Malik Washington,QB,MARYLAND,HAMP,,17.95,1.193333333,229.5214286,39.12,22.555,1.28,0.35,3.5,9.8,,,,0.45,,15.12419048,15.12419048,15.12419048,15.12419048,,,,,,,,,,,,
Reese Poffenbarger,QB,AKR,WAKE,,17.88,1.65,215.22,,,0.77,0.18,12.61,8.09,,,,0.5,,16.7798,16.7798,16.7798,16.7798,,,,,,,,,,,,
DJ Lagway,QB,BAY,AUB,,17.87,1.453,232.4155556,33.625,22.05,1.23,0.15,3.83,5.55,,,,0,,15.16162222,15.16162222,15.16162222,15.16162222,,,,,,,,,,,,
JC French IV,QB,CIN,JAC,,17.79,1.1175,195.572,27.83666667,17.49,0.8,0.55,29.3,9.98,,,,0,,17.72288,17.72288,17.72288,17.72288,,,,,,,,,,,,
Michael Van Buren Jr.,QB,USF,FIU,,17.7,0.6333333333,188.7,,,0.6,0.29,14.86,4.99,,2,,0.26,,12.90733333,12.90733333,12.90733333,12.90733333,,,,,,,,,,,,
Faizon Brandon,QB,TENNESSEE,FURMAN,,19.19935088,1.40875,209.625,29.25,18.5125,0.6233333333,0.41,33.42684211,11.16333333,,,,0.48,,19.19935088,19.19935088,19.19935088,19.19935088,,,,,,,,,,,,
John Mateer,QB,OKLA,UTEP,,17.55,1.12,188.84,30.5,19.06,0.8,0.42,27.87,9.68,,,,0,,16.5406,16.5406,16.5406,16.5406,,,,,,,,,,,,
Jaden Craig,QB,TCU,UNC,,17.49,1.3025,226.19375,31.0225,19.655,0.87,0.19,4.71,4.21,,,,0.24,,14.99875,14.99875,14.99875,14.99875,,,,,,,,,,,,
Cameran Brown,QB,GEORGIASTATE,NCAT,,17.45,1.29,205.58,,,0.43,0.36,13.47,4.09,,,,0.4,,16.4602,16.4602,16.4602,16.4602,,,,,,,,,,,,
Mason McKenzie,QB,BC,CIN,,17.23,0.5771428571,178.6985714,29.84333333,16.975,1,0.29,54.32842105,17.51666667,,,,0,,15.62935639,15.62935639,15.62935639,15.62935639,,,,,,,,,,,,
Baylor Hayes,QB,TLSA,OKST,,17.09,1.35,232,31.5,17.5,0.47,0.21,19.01,9.23,,,,0,,17.371,17.371,17.371,17.371,,,,,,,,,,,,
Beau Pribula,QB,UVA,NCST,,17.08,1.474545455,208.9477778,27.816,17.67,0.82,0.28,20.89777778,8.945,,,,0.33,,17.20587071,17.20587071,17.20587071,17.20587071,,,,,,,,,,,,
Ryan Browne,QB,PURDUE,INST,,16.91,1.386666667,265.65,35.87666667,23.08,0.8,0.23,8.42,7,,,,0.4,,17.59466667,17.59466667,17.59466667,17.59466667,,,,,,,,,,,,
Dru DeShields,QB,KENT,SCAR,,16.9,1.35,197.66,,,0.48,0.46,12.46,5.46,,,,0,,16.8324,16.8324,16.8324,16.8324,,,,,,,,,,,,
Cutter Boley,QB,ARIZONASTATE,MORGST,,16.8,1.531,215.32,29.4975,18.6575,0.76,0.26,10.39272727,6.55,,,,0.34,,16.57607273,16.57607273,16.57607273,16.57607273,,,,,,,,,,,,
Rocco Becht,QB,PSU,MARSH,,16.71,1.35,210.79,23.5,15.5,0.57,0.36,5.8,6.08,,,,0,,16.0016,16.0016,16.0016,16.0016,,,,,,,,,,,,
Cibastian Broughton,QB,AKR,RMOR,,16.7,1.35,188.99,29.5,19.05,0.56,0.25,27.03,9.73,,,,0.03,,16.6026,16.6026,16.6026,16.6026,,,,,,,,,,,,
William Watson III,QB,MASS,RUT,,16.49,1.02,171.55,,,0.56,0.47,21.3,5.75,,,,0.34,,15.332,15.332,15.332,15.332,,,,,,,,,,,,
Trey Owens,QB,ARST,MEMP,,16.47,1.13,204.5,30.04,17.3,0.69,0.22,13.41,6.41,,,,0.5,,14.671,14.671,14.671,14.671,,,,,,,,,,,,
Keldric Luster,QB,BALLSTATE,OSU,,16.46,1.19,159.56,,,0.84,0.29,33.78,13.86,,,,0.05,,15.4204,15.4204,15.4204,15.4204,,,,,,,,,,,,
Jaylen Raynor,QB,IOWASTATE,SEMO,,18.17415043,1.462222222,196.995,26.0775,15.72,0.605,0.38,27.70461538,9.46,,,,0.44,,18.17415043,18.17415043,18.17415043,18.17415043,,,,,,,,,,,,
Jared Curtis,QB,VANDERBILT,APSU,,16.39,0.4866666667,167.9375,31.072,17.5,0.98,0.27,14.03,7.13,,,,0.37,,10.70716667,10.70716667,10.70716667,10.70716667,,,,,,,,,,,,
Tait Reynolds,QB,CLEM,LSU,,16.3,0.5825,183.3571429,26.5,16.22,0.84,0.55,14.07,12.23,,,,0.08,,13.53128571,13.53128571,13.53128571,13.53128571,,,,,,,,,,,,
Elijah Holmes,QB,BUFFALO,ALBANY,,16.19,1.35,198.66,,,0.96,0.21,14.43,9.14,,,,0.03,,15.0894,15.0894,15.0894,15.0894,,,,,,,,,,,,
Caden Pinnick,QB,WASHST,UW,,16.83227273,0.65,174.175,28.4,16.76,0.71,0.43,53.95272727,7.45,,,,0.19,,16.83227273,16.83227273,16.83227273,16.83227273,,,,,,,,,,,,
Carson Conklin,QB,SACST,MSVL,,15.91,1.69,234.76,,,0.9,0,0,5.21,,,,0.19,,15.2504,15.2504,15.2504,15.2504,,,,,,,,,,,,
Taron Dickens,QB,NIU,ILLST,,15.91,1.27,200,25.5,,0.76,0.21,14.11,5.06,,,,0.5,,14.991,14.991,14.991,14.991,,,,,,,,,,,,
Jayden Denegal,QB,SANDIEGOSTATE,PORST,,15.85,1.25,190.35,23.5,13.5,0.9,0.53,8.39,8.23,,,,0.44,,15.733,15.733,15.733,15.733,,,,,,,,,,,,
Ethan Grunkemeyer,QB,VIRGINIATECH,VMI,,15.79,1.71,220.38,25.28,16.98,0.69,0,0,5.78,,,,0.38,,14.9652,14.9652,14.9652,14.9652,,,,,,,,,,,,
Aidan Armenta,QB,ULM,MSST,,15.74,1.56,208.81,,,0.69,0.22,6.62,6.61,,,,0,,15.8844,15.8844,15.8844,15.8844,,,,,,,,,,,,
Austin Simmons,QB,MIZZ,ARKPB,,17.30525714,1.388,245.0314286,32.49,19.6,0.93,0.28,12.02,7.38,,,,0.5,,17.30525714,17.30525714,17.30525714,17.30525714,,,,,,,,,,,,
Mitch Griffis,QB,ECU,ALA,,15.54,1.52,186.38,,,0.55,0.15,9.71,3.35,,2,,0.5,,15.0562,15.0562,15.0562,15.0562,,,,,,,,,,,,
Kenny Minchey,QB,KENTUCKY,YSU,,15.42,1.29125,210.7,26.815,18.06333333,0.62,0.18,1.126666667,5.05,,,,0.29,,14.16566667,14.16566667,14.16566667,14.16566667,,,,,,,,,,,,
Tyler Hughes,QB,WYO,CSU,,15.27,0.92,177.36,,,0.73,0.3,28.5,8.8,,,,0.5,,14.6944,14.6944,14.6944,14.6944,,,,,,,,,,,,
Walker Eget,QB,DUKE,TULN,,15.11,1.42,204.59,29.5,19.5,0.56,0.08,5.87,4.14,,,,0.18,,14.3706,14.3706,14.3706,14.3706,,,,,,,,,,,,
McCae Hillstead,QB,UTAHSTATE,IDAST,,15.04,1.33,195.35,,,1.1,0.23,12.84,4.36,,,,0.24,,14.698,14.698,14.698,14.698,,,,,,,,,,,,
Jayden Mandal,QB,FRES,USC,,14.89,1.02,184.035,,,0.8,0.26,19.8,7.21,,,,0.5,,14.1814,14.1814,14.1814,14.1814,,,,,,,,,,,,
Cole Gonzales,QB,UNCCHARLOTTE,CIT,,14.86,1.04,174.75,,,1,0.4,9.45,6.81,,,,0.07,,13.495,13.495,13.495,13.495,,,,,,,,,,,,
Landyn Locke,QB,SHSU,TROY,,14.86,1.35,238.31,,,0.89,0,0,5.67,,,,0.24,,14.0424,14.0424,14.0424,14.0424,,,,,,,,,,,,
Davis Warren,QB,STNFRD,HAWAII,0,14.76,1.214444444,225.64125,32.91,20.405,0.64,0,0,4.67,,,,0.5,0,13.24342778,13.24342778,13.24342778,13.24342778,,,,,,,,,,,,
Caleb Heavner,QB,MIAOH,PITT,,14.73,1.1,173.99,,,0.95,0.18,20.26,6.38,,,,0.01,,13.5156,13.5156,13.5156,13.5156,,,,,,,,,,,,
Ryder Burton,QB,UAB,ILL,,14.7,1.19,191.56,31.5,17,0.74,0.27,5,6.04,,,,0.5,,13.8024,13.8024,13.8024,13.8024,,,,,,,,,,,,
Braxton Woodson,QB,NAVY,TOWSON,,14.45,0.51,93.53,,,0.36,0.56,46.24,13.2,,3,,1.28,,13.7052,13.7052,13.7052,13.7052,,,,,,,,,,,,
Jay Kastantin,QB,BOWLINGGREEN,TARLST,,14.3,0.98,146.03,25.93,,0.76,0.26,29.06,7.41,,,,0.36,,13.4672,13.4672,13.4672,13.4672,,,,,,,,,,,,
Blake Baker,QB,LOUISIANATECH,NWST,,14.16,0.94,169.73,,,0.48,0.28,19.54,6.31,,,,0.36,,13.7032,13.7032,13.7032,13.7032,,,,,,,,,,,,
Jaxon Smolik,QB,TEMPLE,URI,,14.15,1.17,160.9,,,0.55,0.17,16.76,4.96,,,,0.23,,13.262,13.262,13.262,13.262,,,,,,,,,,,,
Deshawn Purdie,QB,LIB,JMU,,14.09,1.31,192.28,25.5,14.5,0.61,0.26,6.43,5.71,,,,0.5,,14.5242,14.5242,14.5242,14.5242,,,,,,,,,,,,
Trey Hedden,QB,NMEXST,FSU,0,14.8512,1.33,205.78,33.56,16.5,0.96,0.11,16,4.79,,,,0.12,0,14.8512,14.8512,14.8512,14.8512,,,,,,,,,,,,
JC Evans,QB,JAMESMADISON,LIB,,13.95,1.12,137.19,,,0.53,0.21,25.05,4.94,,,,0.02,,13.2026,13.2026,13.2026,13.2026,,,,,,,,,,,,
Alessio Milivojevic,QB,MSU,TOL,,13.81,0.5625,176.865,28.07,16.73333333,0.82,0.15,11.5,3.33,,,,0,,10.5546,10.5546,10.5546,10.5546,,,,,,,,,,,,
Kadin Semonza,QB,TULANE,DUKE,,13.55,1.1,179.19,26.5,,0.69,0.23,5.11,7.14,,,,0.32,,12.7686,12.7686,12.7686,12.7686,,,,,,,,,,,,
Christopher Vizzina,QB,CLEM,LSU,,16.21,1.6,233,33.5,18.5,0.61,0.15,2,5.56,,,,0.5,,16.21,16.21,16.21,16.21,,,,,,,,,,,,
Steve Angeli,QB,SYRACUSE,UNH,,13.34,1.46,202.58,34.5,23.03,0.56,0,0,5.69,,,,0.16,,13.3832,13.3832,13.3832,13.3832,,,,,,,,,,,,
Ethan Hampton,QB,SOUTHERNMISS,ALC,,14.74,1.42,229,,,0.86,0.11,1,4.25,,,,0.17,,14.74,14.74,14.74,14.74,,,,,,,,,,,,
Drake Lindsey,QB,MINNESOTA,EASTIL,,13.03,0.6283333333,213.5333333,32.858,20.565,0.82,0,0,2.73,,,,0.17,,10.23466667,10.23466667,10.23466667,10.23466667,,,,,,,,,,,,
Landry Lyddy,QB,SOUTHERNMISS,AUB,,13,1.13,187.7,,,1.25,0.08,3.31,2.73,,,,0.01,,11.589,11.589,11.589,11.589,,,,,,,,,,,,
Skyler Locklear,QB,MOSU,TEXAM,,12.46,0.82,155.91,,,0.73,0.26,12.59,3.95,,,,0.46,,11.6054,11.6054,11.6054,11.6054,,,,,,,,,,,,
Carter Jones,QB,NEV,WESTKY,,12.29,1.08,168.64,,,0.91,0.1,6.13,3.6,,,,0.5,,11.3686,11.3686,11.3686,11.3686,,,,,,,,,,,,
Billy Edwards Jr.,QB,UNC,TCU,,12.14,0.4928571429,155.294,30.09,17.5,1.04,0.17,7.38,5.63,,,,0.11,,8.901188571,8.901188571,8.901188571,8.901188571,,,,,,,,,,,,
Toa Fa'avae,QB,NEWMEXICO,CMU,,11.59,0.83,143.44,,,0.39,0.2,11.48,4.24,,,,0.04,,11.0156,11.0156,11.0156,11.0156,,,,,,,,,,,,
Isaac Wilson,QB,COLO,GT,,11.3,0.9866666667,187.0714286,29.03,,0.56,0.1,4.47,2.59,,,,0.01,,11.91652381,11.91652381,11.91652381,11.91652381,,,,,,,,,,,,
Hank Brown,QB,IOWA,NIU,,11.23,0.53,167.875,28.814,18.5125,0.8,0.16,2,4.3,,,,0.41,,9.195,9.195,9.195,9.195,,,,,,,,,,,,
EJ Colson Jr.,QB,UTEP,OKLA,,11,1.1,123.59,,,0.77,0.11,8.86,3.92,,,,0.5,,10.1196,10.1196,10.1196,10.1196,,,,,,,,,,,,
Keyone Jenkins,QB,CENTRALFLORIDA,BC,,10.73,0.57,169.06,28.015,16.71666667,0.84,0.23,10.025,7.68,,,,0.01,,10.5849,10.5849,10.5849,10.5849,,,,,,,,,,,,
Conner Harrell,QB,UNCCHARLOTTE,CIT,,9.2,0.04,108.7,,,0.04,0.25,7.83,0.24,,,,0.44,,6.751,6.751,6.751,6.751,,,,,,,,,,,,
Jake Merklinger,QB,UCONN,LAF,,9.16,0.06,119.19,,,0.03,0.15,6.71,0.17,,,,0.27,,6.5486,6.5486,6.5486,6.5486,,,,,,,,,,,,
Maalik Murphy,QB,ORST,HOU,,8.92,0.04,135.15,,,0.04,0,0,0.08,,,,,,5.526,5.526,5.526,5.526,,,,,,,,,,,,
Austin Novosad,QB,BOWLINGGREEN,TARLST,,8.02,0.04,96.02,,,0.03,0.15,14.25,0.21,,,,0.26,,6.2958,6.2958,6.2958,6.2958,,,,,,,,,,,,
Julian Lewis,QB,COLO,GT,,7.98,0.04,114.14,29.5,18.5,0.03,0.15,2,0.21,,,,0.5,,5.7956,5.7956,5.7956,5.7956,,,,,,,,,,,,
Khristian Martin,QB,FRESNOSTATE,USC,,7.78,0.04,101.14,,,0.04,0.12,8.39,0.28,,,,0.21,,5.7246,5.7246,5.7246,5.7246,,,,,,,,,,,,
AJ Surace,QB,RUTG,MASS,,7.26,0.07,110.86,31.5,18.5,0.04,0.13,8,0.26,,,,0.3,,6.2544,6.2544,6.2544,6.2544,,,,,,,,,,,,
Will Wilson III,QB,NCST,RICH,,7.08,0.06,6.33,,,0.03,0.84,14.64,3.88,,,,0.61,,6.9672,6.9672,6.9672,6.9672,,,,,,,,,,,,
Tyler Mizzell,QB,BALLSTATE,OSU,,6.75,0.04,92.42,,,0.03,0.13,7.14,0.68,,,,0.5,,5.3208,5.3208,5.3208,5.3208,,,,,,,,,,,,
Zion Taylor,QB,WKU,NEVADA,,4.25,,,,,,0,0,0,0.17,20.3,1.19,0.49,,4.24,3.645,4.24,4.24,,,,,,,,,,,,
Hunter Najm,QB,BGSU,,,5.19,0.42,113.5,23.25,,1.03,0,0,,,,,0.15,,5.19,5.19,5.19,5.19,,,,,,,,,,,,
Ajani Sheppard,QB,TEMPLE,URI,,7.973,0.63,134.5,,,0.15,0.01,1.63,0.57,,,,0.01,,7.973,7.973,7.973,7.973,,,,,,,,,,,,
Khalil Wilkins,QB,MARSHALL,PSU,,3.08,0.03,6.31,,,0.02,0.14,19.63,4.67,,,,0.17,,3.1554,3.1554,3.1554,3.1554,,,,,,,,,,,,
Emory Williams,QB,EASTCAROLINA,ALA,,1.96,0.17,23.26,,,0.06,0.03,1.25,0.76,,,,0.02,,1.8554,1.8554,1.8554,1.8554,,,,,,,,,,,,
Jadyn Glasser,QB,CENTRALMICHIGAN,NM,,1.85,0.11,14.75,,,0.08,0.1,1.75,1.96,,,,0.86,,1.725,1.725,1.725,1.725,,,,,,,,,,,,
Austin Carlisle,QB,LOUISIANAMONROE,SELA,,1.75,0.11,11.96,,,0.08,0.06,5.25,0.91,,,,0.55,,1.7234,1.7234,1.7234,1.7234,,,,,,,,,,,,
Turner Helton,QB,GEORGIASOUTHERN,CHSOU,,1.63,0.18,22.92,,,0.07,0,0,,,,,,,1.5668,1.5668,1.5668,1.5668,,,,,,,,,,,,
Jackson Gutierrez,QB,NAVY,TOWSON,,12.4152,0.07,7.63,,,0.04,0.07,114.5,1.02,,,,0.07,,12.4152,12.4152,12.4152,12.4152,,,,,,,,,,,,
Keisean Henderson,QB,HOU,SOU,,1.44,0.08,7.58,,,0.03,0.07,4.25,0.59,,,,0.04,,1.4382,1.4382,1.4382,1.4382,,,,,,,,,,,,
Luke Moga,QB,UNM,CMU,,1.42,0.11,15.04,,,0.06,0.04,1.25,0.57,,,,0.01,,1.3466,1.3466,1.3466,1.3466,,,,,,,,,,,,
Jaxon Potter,QB,OLDDOMINION,NOR,,1.42,0.04,7.13,,,0.03,0.1,3.37,1.6,,,,0.1,,1.3522,1.3522,1.3522,1.3522,,,,,,,,,,,,
Ethan Vasko,QB,LIBERTY,JMU,,1.42,0.11,7.51,,,0.04,0.08,1.75,0.53,,,,0.03,,1.3554,1.3554,1.3554,1.3554,,,,,,,,,,,,
Rodney Tisdale Jr.,QB,WKU,NEVADA,,1.29,0.11,14.8,,,0.06,0.03,1.25,0.51,,,,0.5,,1.277,1.277,1.277,1.277,,,,,,,,,,,,
Tucker McDonald,QB,UCONN,LAF,,1.29,0.12,15.22,,,0.06,0.02,0.94,0.36,,,,0.02,,1.2428,1.2428,1.2428,1.2428,,,,,,,,,,,,
Bryson Luter,QB,ARMY,USF,,1.25,0.02,3.51,,,0.01,0.07,6.17,1.51,,,,0.07,,1.2474,1.2474,1.2474,1.2474,,,,,,,,,,,,
Trey Kukuk,QB,LOUISIANATECH,NWST,,1.23,0.04,6.46,20.27,,0.04,0.04,5.36,0.89,,,,0.09,,1.1544,1.1544,1.1544,1.1544,,,,,,,,,,,,
Alex Orji,QB,UNLV,HAWAII,,1.19,0.04,7.21,,,0.04,0.04,4.63,0.76,,,,0.06,,1.1114,1.1114,1.1114,1.1114,,,,,,,,,,,,
Byrd Ficklin,QB,UTAH,IDAHO,,1.19,0.08,7.97,,,0.03,0.04,3.59,0.65,,,,0.5,,1.2078,1.2078,1.2078,1.2078,,,,,,,,,,,,
Grant Wilson,QB,IND,UNT,,1.17,0.15,10.36,,,0.03,0.01,0.54,0.11,,,,0.01,,1.0984,1.0984,1.0984,1.0984,,,,,,,,,,,,
Adam Damante,QB,NMEXST,MERCYH,,1.17,0.11,15.36,,,0.06,0,0,0.3,,,,,,0.9944,0.9944,0.9944,0.9944,,,,,,,,,,,,
Weston Bryan,QB,GEORGIASOUTHERN,CHSOU,,1.15,0.04,6.5,,,0.03,0.07,2.91,0.78,,,,0.08,,1.101,1.101,1.101,1.101,,,,,,,,,,,,
John White,QB,SOUTHERNMISS,ALC,,1.06,0.1,13.82,,,0.1,0.01,0.34,0.2,,,,0.01,,0.9468,0.9468,0.9468,0.9468,,,,,,,,,,,,
Jaylen Henderson,QB,LIBERTY,JMU,,0.95,0.07,8.57,,,0.04,0.02,2.06,0.53,,,,0.02,,0.9088,0.9088,0.9088,0.9088,,,,,,,,,,,,
Gavin Parkhurst,QB,TEXASSTATE,TEX,,0.93,0.06,9.41,,,0.03,0.03,1.42,0.46,,,,0.03,,0.9084,0.9084,0.9084,0.9084,,,,,,,,,,,,
Air Noland,QB,MEMP,ARKST,,0.9,0.08,8.27,,,0.04,0.03,1.27,0.29,,,,0.05,,0.9178,0.9178,0.9178,0.9178,,,,,,,,,,,,
Husan Longstreet,QB,LSU,CLEM,,0.9,0.04,11.71,,,0.01,0.01,1.17,0.27,,,,0.01,,0.7954,0.7954,0.7954,0.7954,,,,,,,,,,,,
Scotty Fox,QB,WVU,COASTC,,0.81,0.04,7.21,,,0.03,0.03,2.25,0.89,,,,0.03,,0.8234,0.8234,0.8234,0.8234,,,,,,,,,,,,
Nate Rogers,QB,UAB,ILL,,0.8,0.04,6.63,,,0.03,0.03,1.6,0.34,,,,0.02,,0.7352,0.7352,0.7352,0.7352,,,,,,,,,,,,
Matt Vezza,QB,OHIO,NEB,,0.8,0.03,3.9,,,0.03,0.04,3.01,0.65,,,,0.06,,0.787,0.787,0.787,0.787,,,,,,,,,,,,
Tristan Ti'a,QB,AUB,BAY,,0.79,0.04,7.21,,,0.03,0.03,1.75,0.58,,,,0.03,,0.7734,0.7734,0.7734,0.7734,,,,,,,,,,,,
TJ Lateef,QB,NEB,OHIO,,0.77,0.06,7.62,,,0.02,0.02,1.38,0.35,,,,0.02,,0.7828,0.7828,0.7828,0.7828,,,,,,,,,,,,
Landon Graves,QB,LOUISIANAMONROE,MSST,,0.77,0.05,5.25,,,0.04,0.02,2.33,0.46,,,,0.02,,0.723,0.723,0.723,0.723,,,,,,,,,,,,
Jalen Macon,QB,NORTHERNILLINOIS,IOWA,,0.76,0.04,5.87,,,0.04,0.04,1.73,0.46,,,,0.46,,0.7678,0.7678,0.7678,0.7678,,,,,,,,,,,,
Luke Carney,QB,HOU,ORST,,0.75,0.06,6.91,,,0.03,0.02,1.17,0.35,,,,0.02,,0.7234,0.7234,0.7234,0.7234,,,,,,,,,,,,
Deuce Knight,QB,MISSISSIPPI,LOU,,0.73,0.04,7.59,,,0.03,0.03,1.27,0.32,,,,0.02,,0.7406,0.7406,0.7406,0.7406,,,,,,,,,,,,
Jared Hollins,QB,SOUTHALABAMA,SELA,,0.71,0.06,7.86,,,0.03,0.01,0.56,0.4,,,,0.01,,0.6404,0.6404,0.6404,0.6404,,,,,,,,,,,,
Daniel Beale,QB,LOUISIANALAFAYETTE,LAMAR,,0.7,0.04,5.76,,,0.06,0.04,1.52,1.53,,,,0.04,,0.7224,0.7224,0.7224,0.7224,,,,,,,,,,,,
Blake Hebert,QB,NOTREDAME,WISC,,0.7,0.07,8.43,,,0.03,0.01,0.45,0.13,,,,0.01,,0.6922,0.6922,0.6922,0.6922,,,,,,,,,,,,
Grady Adamson,QB,GT,CU,,0.7,0.04,6.53,,,0.03,0.03,1.52,0.39,,,,0.02,,0.7232,0.7232,0.7232,0.7232,,,,,,,,,,,,
Ty Hawkins,QB,SMU,FSU,,0.69,0.07,7.67,,,0.03,0.01,0.6,0.18,,,,0.01,,0.6768,0.6768,0.6768,0.6768,,,,,,,,,,,,
Tavien St. Clair,QB,OSU,BALLST,,0.69,0.08,7.81,,,0.03,0.01,0.21,0.11,,,,0.01,,0.6834,0.6834,0.6834,0.6834,,,,,,,,,,,,
Liam O'Brien,QB,CIN,BC,,0.69,0.06,7.13,,,0.03,0.01,0.98,0.21,,,,0.01,,0.6532,0.6532,0.6532,0.6532,,,,,,,,,,,,
KJ Lacey,QB,TEX,TXST,,0.69,0.06,7.97,,,0.03,0.01,0.53,0.19,,,,0.01,,0.6418,0.6418,0.6418,0.6418,,,,,,,,,,,,
Luke Kromenhoek,QB,SOUTHFLORIDA,FIU,,0.69,0.06,7.29,,,0.03,0.03,0.35,0.31,,,,0.01,,0.7166,0.7166,0.7166,0.7166,,,,,,,,,,,,
Ryan Puglisi,QB,GEORGIA,TENNST,,0.69,0.04,6.74,,,0.03,0.01,1.25,0.26,,,,0.01,,0.5846,0.5846,0.5846,0.5846,,,,,,,,,,,,
Daniel Rolovich,QB,SJST,EMICH,,0.69,0.04,7.71,,,0.04,0.01,1.31,0.56,,,,0.02,,0.6194,0.6194,0.6194,0.6194,,,,,,,,,,,,
James Laubstein,QB,NEWMEXICO,MERCYH,,0.69,0.04,6.51,,,0.03,0.03,0.69,0.28,,,,0.02,,0.6394,0.6394,0.6394,0.6394,,,,,,,,,,,,
Henry Hasselbeck,QB,APPALACHIANSTATE,MAINE,,0.68,0.04,7.22,,,0.04,0.01,1.52,0.45,,,,0.03,,0.6208,0.6208,0.6208,0.6208,,,,,,,,,,,,
Brady Hart,QB,TXAM,MOSTU,,0.68,0.07,7.17,,,0.04,0.01,0.74,0.17,,,,0.01,,0.6608,0.6608,0.6608,0.6608,,,,,,,,,,,,
Khamoni Robinson,QB,TOLEDO,MSU,,0.68,0.04,7.13,,,0.04,0.01,0.95,0.23,,,,0.01,,0.5602,0.5602,0.5602,0.5602,,,,,,,,,,,,
Dexter Williams II,QB,TLSA,OKST,,0.66,0.06,6.55,,,0.03,0.01,1.13,0.35,,,,0.01,,0.645,0.645,0.645,0.645,,,,,,,,,,,,
Brandon Tennison,QB,UTSA,UTRGV,,0.66,0.07,7.25,,,0.03,0.01,0.46,0.2,,,,0.01,,0.646,0.646,0.646,0.646,,,,,,,,,,,,
Ayden Pereira,QB,GEORGIASTATE,NCAT,,0.65,0.01,6.28,,,0.01,0.02,1.73,0.45,,,,0.02,,0.5742,0.5742,0.5742,0.5742,,,,,,,,,,,,
Dylan Raiola,QB,ORE,BOISE,,0.65,0.08,8.04,,,0.02,0,0,0.12,,,,,,0.6216,0.6216,0.6216,0.6216,,,,,,,,,,,,
Deuce Adams,QB,WISCONSIN,ND,,0.65,0.04,6.96,,,0.04,0.01,0.93,0.38,,,,0.01,,0.5514,0.5514,0.5514,0.5514,,,,,,,,,,,,
Luke Nickel,QB,MIA,STNFRD,,0.64,0.08,8.34,,,0.03,0,0.11,0.26,,,,,,0.6346,0.6346,0.6346,0.6346,,,,,,,,,,,,
Jason Wright,QB,BUFFALO,ALBANY,,6.285,0.04,149.5,,,0.04,0.01,1.25,0.33,,,,0.32,,6.285,6.285,6.285,6.285,,,,,,,,,,,,
JacQai Long,QB,KENTUCKY,YSU,,0.64,0.05,7.21,,,0.02,0.01,0.65,0.23,,,,0.01,,0.5934,0.5934,0.5934,0.5934,,,,,,,,,,,,
Karle Lacey,QB,TEX,TENN,,0.64,0.05,7.64,,,0.03,0.01,0.47,0.19,,,,0.01,,0.5826,0.5826,0.5826,0.5826,,,,,,,,,,,,
Jordan Magwood,QB,FLORIDAATLANTIC,FLA,,0.64,0.04,7.42,,,0.03,0.01,0.76,0.19,,,,0.01,,0.5628,0.5628,0.5628,0.5628,,,,,,,,,,,,
Carson Boyd,QB,ILL,UAB,,0.64,0.04,8.21,,,0.03,0.01,0.46,0.18,,,,0.01,,0.5644,0.5644,0.5644,0.5644,,,,,,,,,,,,
Cardell Williams,QB,MARYLAND,UCONN,,0.63,0.05,6.75,,,0.03,0.01,1.02,0.28,,,,0.01,,0.602,0.602,0.602,0.602,,,,,,,,,,,,
Whitt Newbauer,QB,OKLA,UTEP,,0.63,0.04,6.76,,,0.03,0.03,1.02,0.39,,,,0.02,,0.6824,0.6824,0.6824,0.6824,,,,,,,,,,,,
Blake Barnett,QB,KANSASSTATE,NICH,,0.63,0.04,7.38,,,0.03,0.01,0.81,0.29,,,,0.01,,0.5662,0.5662,0.5662,0.5662,,,,,,,,,,,,
Madden Iamaleava,QB,UCLA,CAL,,0.63,0.04,6.97,,,0.03,0.01,1.18,0.34,,,,0.01,,0.5868,0.5868,0.5868,0.5868,,,,,,,,,,,,
Alex Manske,QB,PSU,MARSH,,0.63,0.04,7.05,,,0.03,0.02,1.1,0.28,,,,0.02,,0.642,0.642,0.642,0.642,,,,,,,,,,,,
Tommy Carr,QB,MICH,OKLA,,0.63,0.06,7.54,,,0.02,0.01,0.36,0.21,,,,0.01,,0.6176,0.6176,0.6176,0.6176,,,,,,,,,,,,
K'saan Farrar,QB,COLORADOSTATE,WYO,,0.61,0.04,6.95,,,0.04,0.01,0.99,0.3,,,,0.01,,0.557,0.557,0.557,0.557,,,,,,,,,,,,
Kirk Francis,QB,TEXASTECH,ABICHR,,0.61,0.06,6.5,,,0.04,0.01,0.69,0.2,,,,0.07,,0.589,0.589,0.589,0.589,,,,,,,,,,,,
Ty Dieffenbach,QB,UCLA,SDSU,,0.61,0.04,6.87,,,0.03,0.01,1.15,0.34,,,,0.01,,0.5798,0.5798,0.5798,0.5798,,,,,,,,,,,,
Amari Odom,QB,SYRACUSE,UNH,,0.61,0.06,6.78,,,0.04,0.01,0.56,0.27,,,,0.01,,0.5872,0.5872,0.5872,0.5872,,,,,,,,,,,,
Zeon Chriss-Gremillion,QB,TULANE,DUKE,,0.61,0.04,7.42,,,0.04,0.01,0.53,0.28,,,,0.01,,0.5298,0.5298,0.5298,0.5298,,,,,,,,,,,,
Nicco Marchiol,QB,NORTHWESTERN,SDAKST,,0.61,0.04,6.95,,,0.02,0.01,0.96,0.34,,,,0.02,,0.574,0.574,0.574,0.574,,,,,,,,,,,,
Tucker Kilcrease,QB,TROY,SAMHOU,,0.6,0.04,6.31,,,0.03,0.01,0.78,0.35,,,,0.02,,0.5204,0.5204,0.5204,0.5204,,,,,,,,,,,,
Eli Holstein,QB,UVA,NOR,,0.59,0.06,7.54,,,0.03,0.01,0.34,0.17,,,,0.01,,0.6056,0.6056,0.6056,0.6056,,,,,,,,,,,,
Holden Geriner,QB,PITT,MIAOH,,0.58,0.04,7.51,,,0.03,0.01,0.67,0.23,,,,0.01,,0.5574,0.5574,0.5574,0.5574,,,,,,,,,,,,
Broderick Vehrs,QB,OKST,TLSA,,0.58,0.06,7.56,,,0.03,,0.08,0.09,,,,,,0.5204,0.5204,0.5204,0.5204,,,,,,,,,,,,
Cole Ballard,QB,KANSAS,LIU,,0.58,0.04,8.27,,,0.04,0.01,0.71,0.15,,,,0.18,,0.5818,0.5818,0.5818,0.5818,,,,,,,,,,,,
Landen Clark,QB,LSU,TXAM@LSU,,0.58,0.04,6.04,,,0.01,0.01,0.85,0.19,,,,0.26,,0.5366,0.5366,0.5366,0.5366,,,,,,,,,,,,
Brayden Roggow,QB,AKR,WAKE,,0.57,0.06,6.34,,,0.03,0.01,0.41,0.37,,,,0.01,,0.5646,0.5646,0.5646,0.5646,,,,,,,,,,,,
Nate Bennett,QB,BAY,AUB,,0.57,0.06,7.16,29.5,20.01,0.03,0.01,0.11,0.17,,,,0.01,,0.5674,0.5674,0.5674,0.5674,,,,,,,,,,,,
Peter Costelli,QB,MIDDLETENNST,MUR,,0.57,0.04,6.7,,,0.03,0.01,0.82,0.24,,,,0.01,,0.54,0.54,0.54,0.54,,,,,,,,,,,,
George MacIntyre,QB,TENNESSEE,FURMAN,,0.57,0.06,7.08,,,0.03,0.01,0.34,0.21,,,,0.03,,0.5872,0.5872,0.5872,0.5872,,,,,,,,,,,,
Zachary Waters,QB,FLORIDAINTERNATIONAL,USF,,0.57,0.05,7.01,,,0.02,0.01,0.28,0.2,,,,0.01,,0.5484,0.5484,0.5484,0.5484,,,,,,,,,,,,
Cutter Woods,QB,SCAR,KENT,,0.57,0.04,7.08,,,0.03,0.01,0.56,0.26,,,,0,,0.5292,0.5292,0.5292,0.5292,,,,,,,,,,,,
Jackson Brousseau,QB,CAL,UCLA,,0.57,0.04,6.88,,,0.02,0.02,0.41,0.39,,,,0.02,,0.5762,0.5762,0.5762,0.5762,,,,,,,,,,,,
Cam Fancher,QB,MSU,TOL,,0.56,0.04,6.44,,,0.04,0.01,0.8,0.25,,,,0.01,,0.5176,0.5176,0.5176,0.5176,,,,,,,,,,,,
Tramell Jones,QB,FLA,FLAATL,,0.56,0.04,7.76,,,0.03,0.01,0.41,0.17,,,,0.02,,0.5414,0.5414,0.5414,0.5414,,,,,,,,,,,,
Henry Belin IV,QB,MISSOURISTATE,TEXAM,,0.56,0.04,7.75,,,0.04,0.01,0.35,0.11,,,,0.09,,0.525,0.525,0.525,0.525,,,,,,,,,,,,
Jonas Williams,QB,USC,FRES,,0.56,0.04,8.09,,,0.03,0.01,0.4,0.18,,,,0.01,,0.5536,0.5536,0.5536,0.5536,,,,,,,,,,,,
Jackson Sharman,QB,SACST,MSVL,,0.56,0.06,7,,,0.04,0.01,0.34,0.3,,,,0.01,,0.574,0.574,0.574,0.574,,,,,,,,,,,,
Cash Herrera,QB,BOISESTATE,ORE,,0.56,0.06,7.22,,,0.03,0.01,0.11,0.23,,,,0.01,,0.5698,0.5698,0.5698,0.5698,,,,,,,,,,,,
Austin Mack,QB,ALA,ECU,,0.56,0.06,6.88,,,0.03,0.01,0.35,0.11,,,,0.01,,0.5802,0.5802,0.5802,0.5802,,,,,,,,,,,,
Zane Flores,QB,IOWASTATE,SEMO,,0.56,0.03,7.09,,,0.03,0.01,0.67,0.31,,,,0.01,,0.5006,0.5006,0.5006,0.5006,,,,,,,,,,,,
Treyson Bourguet,QB,BYU,UTAHTE,,0.55,0.04,6.31,,,0.04,0.01,1.13,0.25,,,,0.01,,0.5454,0.5454,0.5454,0.5454,,,,,,,,,,,,
AJ Hill,QB,ARKANSAS,NORTAL,,0.55,0.04,6.7,,,0.02,0.01,0.61,0.4,,,,0.01,,0.529,0.529,0.529,0.529,,,,,,,,,,,,
Sawyer Anderson,QB,ARIZONA,NOARI,,0.55,0.06,7.19,,,0.04,0,0.32,0.15,,,,,,0.5196,0.5196,0.5196,0.5196,,,,,,,,,,,,
Elijah Brown,QB,WASH,WASHST,,0.55,0.06,7.54,,,0.02,0,0,0.12,,,,0.05,,0.5216,0.5216,0.5216,0.5216,,,,,,,,,,,,
Davin Wydner,QB,LOU,MISS,,0.55,0.06,6.67,,,0.02,0.01,0.23,0.25,,,,0.01,,0.5698,0.5698,0.5698,0.5698,,,,,,,,,,,,
RJ Johnson,QB,MASSACHUSETTS,RUT,,0.54,0.04,6.39,,,0.03,0.01,0.51,0.21,,,,0.01,,0.4966,0.4966,0.4966,0.4966,,,,,,,,,,,,
Jace Stuckey,QB,EMICH,SJST,,0.53,0.04,7.09,,,0.03,0.01,0.21,0.15,,,,0.01,,0.4946,0.4946,0.4946,0.4946,,,,,,,,,,,,
Callum Wither,QB,KENTUCKY,ALA,,0.52,0.04,5.94,,,0.03,0.01,0.56,0.23,,,,0.01,,0.4836,0.4836,0.4836,0.4836,,,,,,,,,,,,
Bryce Baker,QB,VIRGINIATECH,VMI,,0.52,0.04,7.21,,,0.02,0.01,0.11,0.2,,,,0.01,,0.4994,0.4994,0.4994,0.4994,,,,,,,,,,,,
Max Shikenjanski,QB,MINNESOTA,EASTIL,,0.52,0.04,7.08,,,0.01,0,0,0.12,,,,,,0.4332,0.4332,0.4332,0.4332,,,,,,,,,,,,
Brady Davidson,QB,NORTHERNILLINOIS,IOWA,,0.52,0.04,6.13,,,0.04,0.01,0.28,0.34,,,,0.01,,0.4532,0.4532,0.4532,0.4532,,,,,,,,,,,,
Blaze Berlowitz,QB,VANDERBILT,APSU,,0.51,0.04,7.11,,,0.03,0.01,0.48,0.18,,,,0.02,,0.5224,0.5224,0.5224,0.5224,,,,,,,,,,,,
Grayson Wilson,QB,BC,CIN,,0.51,0.04,6.67,,,0.04,0.01,0.41,0.23,,,,0.02,,0.4878,0.4878,0.4878,0.4878,,,,,,,,,,,,
AJ Bianco,QB,NEVADA,WESTKY,,0.51,0.05,7.39,,,0.03,0,0,,,,,,,0.4656,0.4656,0.4656,0.4656,,,,,,,,,,,,
Landon Varnes,QB,KENNESAWSTATE,WESTGA,,0.51,0.04,7.12,,,0.03,0.01,0.2,0.24,,,,0.01,,0.4948,0.4948,0.4948,0.4948,,,,,,,,,,,,
Ari Patu,QB,DUKE,TULN,,0.5,0.05,7.3,,,0.03,0,0,,,,,,,0.462,0.462,0.462,0.462,,,,,,,,,,,,
Brayden Fowler-Nicolosi,QB,MICH,WESTMI,,0.49,0.03,7.29,,,0.02,0.01,0.21,0.21,,,,0.01,,0.4726,0.4726,0.4726,0.4726,,,,,,,,,,,,
Grady Brosterhous,QB,UTAHSTATE,IDAST,,0.49,0.04,6.49,,,0.04,0.01,0.49,0.18,,,,0.01,,0.4886,0.4886,0.4886,0.4886,,,,,,,,,,,,
Bjorn Jurgensen,QB,HAWAII,UNLV,,0.49,0.05,6.12,,,0.03,0,0.34,0.2,,,,,,0.4488,0.4488,0.4488,0.4488,,,,,,,,,,,,
Raymond Moore,QB,UTEP,OKLA,,0.48,0.04,5.34,,,0.04,0.01,0.81,0.24,,,,0.01,,0.4746,0.4746,0.4746,0.4746,,,,,,,,,,,,
AJ Swann,QB,MSST,ULMON,,0.48,0.04,7.08,,,0.03,0.01,0.01,0.22,,,,0.01,,0.4742,0.4742,0.4742,0.4742,,,,,,,,,,,,
Kevin Sperry,QB,FSU,SMU,,0.47,0.04,7.04,,,0.03,0.01,0.2,0.14,,,,0.01,,0.4916,0.4916,0.4916,0.4916,,,,,,,,,,,,
Braden Streeter,QB,DELAWARE,MERRIM,,0.47,0.04,5.88,,,0.03,0.01,0.29,0.31,,,,0.01,,0.4542,0.4542,0.4542,0.4542,,,,,,,,,,,,
Bennett Meredith,QB,PURDUE,INST,,0.47,0.03,6.71,,,0.02,0.01,0.37,0.14,,,,0.01,,0.4654,0.4654,0.4654,0.4654,,,,,,,,,,,,
Miles O'Neill,QB,UNC,EASTTN,,0.46,0.04,6.39,,,0.02,0.01,0.41,0.17,,,,0.01,,0.4966,0.4966,0.4966,0.4966,,,,,,,,,,,,
Ethan Crawford,QB,ARKANSASSTATE,MEMP,,0.46,0.04,6.56,,,0.04,0.02,0.33,0.11,,,,0.02,,0.5354,0.5354,0.5354,0.5354,,,,,,,,,,,,
Jeremy Hecklinski,QB,IOWA,NIU,,0.45,0.04,5.87,,,0.04,0.01,0.39,0.11,,,,0.5,,0.4538,0.4538,0.4538,0.4538,,,,,,,,,,,,
Adam Schobel,QB,TCU,GRAM,,0.45,0.04,6.36,,,0.04,0,0.03,0.09,,,,,,0.3774,0.3774,0.3774,0.3774,,,,,,,,,,,,
Dan Mahan,QB,DUKE,TULN,,0.45,0.04,5.96,,,0.03,,0.23,0.08,,,,,,0.3914,0.3914,0.3914,0.3914,,,,,,,,,,,,
Matt Zollers,QB,MISSOURI,ARKPB,,0.42,0.04,6.88,,,0.03,0,0,0.2,,,,,,0.4052,0.4052,0.4052,0.4052,,,,,,,,,,,,
Evan Medders,QB,AIRFORCE,NDST,,0.42,0.01,2.05,,,0.01,0.02,1.54,0.35,,,,0.02,,0.386,0.386,0.386,0.386,,,,,,,,,,,,
Mikey Keene,QB,ARIZONASTATE,MORGST,,0.41,0.04,6.33,,,0.03,0,0,0.13,,,,,,0.3832,0.3832,0.3832,0.3832,,,,,,,,,,,,
Luke Duncan,QB,NEVADA,WESTKY,,0.41,0.04,6.17,,,0.04,0,0,0.18,,,,0.14,,0.3668,0.3668,0.3668,0.3668,,,,,,,,,,,,
Michael Mitchell,QB,STNFRD,MIAFL,,0.41,0.04,6.21,,,0.04,0,0,0.16,,,,,,0.3684,0.3684,0.3684,0.3684,,,,,,,,,,,,
Tre Guerra,QB,COASTALCAROLINA,WVU,,0.41,0.03,6.16,,,0.03,0.01,0.33,0.21,,,,0.02,,0.4294,0.4294,0.4294,0.4294,,,,,,,,,,,,
Josh Johnson,QB,AIRFORCE,NDST,,0.41,0.01,2.17,,,0.01,0.02,1.44,0.35,,,,0.02,,0.3808,0.3808,0.3808,0.3808,,,,,,,,,,,,
Malachi Nelson,QB,SYRACUSE,UNH,,0.41,0.04,6.13,,,0.03,0,0,0.17,,,,,,0.3752,0.3752,0.3752,0.3752,,,,,,,,,,,,
Mason Drube,QB,WYOMING,CSU,,0.39,0.03,3.38,,,0.01,0.01,0.93,0.23,,,,0.02,,0.3982,0.3982,0.3982,0.3982,,,,,,,,,,,,
Evans Chuba,QB,PURDUE,WAKE,,0.35,0.02,5.87,,,0.03,0.01,0.21,0.14,,,,0.01,,0.3658,0.3658,0.3658,0.3658,,,,,,,,,,,,
Chris Jimerson,QB,UNT,IND,,0.35,0.01,1.96,,,0.01,0.01,1.35,0.27,,,,0.01,,0.3034,0.3034,0.3034,0.3034,,,,,,,,,,,,
Steele Pizzella,QB,WAKE,AKR,,0.35,0.03,6.17,,,0.03,0,0,0.12,,,,,,0.3368,0.3368,0.3368,0.3368,,,,,,,,,,,,
Trey Petty,QB,WESTERNMICHIGAN,MONM,,0.34,0.02,2.79,,,0,0.01,0.92,0.2,,,,0.01,,0.3436,0.3436,0.3436,0.3436,,,,,,,,,,,,
DJ Bailey,QB,SAMHOUSTON,TROY,,0.33,0.03,5.71,,,0.03,0,0,0.2,,,,,,0.3184,0.3184,0.3184,0.3184,,,,,,,,,,,,
Chaston Ditta,QB,UNT,IND,,0.33,0.01,2.77,,,0.01,0.01,0.99,0.27,,,,0.01,,0.2998,0.2998,0.2998,0.2998,,,,,,,,,,,,
Jack Moran,QB,JAXST,EASTKY,,0.3,0.03,3.24,,,0.01,0.01,0.41,0.23,,,,0.03,,0.3406,0.3406,0.3406,0.3406,,,,,,,,,,,,
Preston Brown,QB,NDST,AF,,0.29,0.02,2.58,,,0.01,0.01,0.41,0.18,,,,0.01,,0.2742,0.2742,0.2742,0.2742,,,,,,,,,,,,
Gael Ochoa,QB,RICE,ND,,0.24,0.01,1.67,,,0.01,0.01,0.69,0.25,,,,0.01,,0.2258,0.2258,0.2258,0.2258,,,,,,,,,,,,
Lucas Scheerhorn,QB,RICE,ND,,0.23,0.01,1.77,,,0.01,0.01,0.58,0.25,,,,0.01,,0.2188,0.2188,0.2188,0.2188,,,,,,,,,,,,
Julian Dugger,QB,WASHINGTONSTATE,UW,,0.21,0.01,2,,,0.01,0.01,0.55,0.15,,,,0.03,,0.225,0.225,0.225,0.225,,,,,,,,,,,,
Stone Saunders,QB,SANDIEGOSTATE,UCLA,,0.21,0.01,2.71,,,0.01,0.01,0.11,0.15,,,,0.01,,0.2094,0.2094,0.2094,0.2094,,,,,,,,,,,,
Aedan McCarthy,QB,MASSACHUSETTS,STONEH,,0.21,0.03,0.36,,,0.02,0.01,0.38,0.15,,,,0.01,,0.2124,0.2124,0.2124,0.2124,,,,,,,,,,,,
Nolan Good,QB,KENT,WOF,,0.18,0.01,2.4,,,0.02,0.01,0.11,0.16,,,,0.01,,0.187,0.187,0.187,0.187,,,,,,,,,,,,
Owen Eshelman,QB,WASHINGTONSTATE,UW,,0.17,0.01,2.17,,,0.01,0.01,0.17,0.08,,,,0.01,,0.1938,0.1938,0.1938,0.1938,,,,,,,,,,,,
Chase Jenkins,QB,KANSAS,LIU,,0.15,0.01,2.04,,,0.01,0,0.2,0.04,,,,,,0.1316,0.1316,0.1316,0.1316,,,,,,,,,,,,
Samaj Jones,QB,CIN,JAC,,0,,,,,,0,0,,,,,0,,0,0,0,0,,,,,,,,,,,,
Thomas Gotkowski,QB,MIAOH,PITT,,0,0,0,,,0,0,0,,,,,,,0,0,0,0,,,,,,,,,,,,
Jack Layne,QB,NEWMEXICO,CMU,,0,0,0,,,0,0,0,,,,,,,0,0,0,0,,,,,,,,,,,,
Gabe Downing,QB,PRST,,,0,,,,,,0,0,,,,,0.11,,0,0,0,0,,,,,,,,,,,,
Jaxon Dailey,QB,UNI,,,0,,,,,,0,0,,,,,0.16,,0,0,0,0,,,,,,,,,,,,
DJ Williams,QB,SIU,,,0,,,,,,0,0,,,,,0.22,,0,0,0,0,,,,,,,,,,,,
Thomas Castellanos,QB,TTU,,,0,,,,,,0,0,,,,,0.3,,0,0,0,0,,,,,,,,,,,,
Adam Parker,QB,SARK,,,0,,,,,,0,0,,,,,,,0,0,0,0,,,,,,,,,,,,
Kise Flannery,QB,HARV,,,0,,,,,,0,0,,,,,,,0,0,0,0,,,,,,,,,,,,
James Murphy,QB,BRWN,,,0,,,,,,0,0,,,,,,,0,0,0,0,,,,,,,,,,,,
Charlie Smith,QB,HARV,,,0,,,,,,0,0,,,,,,,0,0,0,0,,,,,,,,,,,,
Kaneal Sweetwyne,QB,COLO,,,0,,,,,,0,0,,,,,0.07,,0,0,0,0,,,,,,,,,,,,
Ryan Huff,QB,ODU,,,0,,,,,,0,0,,,,,,,0,0,0,0,,,,,,,,,,,,
Riley Trujillo,QB,DEL,,,0,,,,,,0,0,,,,,,,0,0,0,0,,,,,,,,,,,,
Patrick Duchien,QB,MTST,,,0,,,,,,0,0,,,,,,,0,0,0,0,,,,,,,,,,,,
Joshua Wood,QB,IDHO,,,0,,,,,,0,0,,,,,,,0,0,0,0,,,,,,,,,,,,
Nate Sheppard,RB,DUKE,TULN,,30.16,,,,,,1.35,135.91,23.99,0.29,28.41,3.74,1.66,,30.012,28.142,30.012,30.012,,,,,,,,,,,,
Jahiem White,RB,UNT,IND,,27.16,,,,,,1,112,0,0.46,32,4,0.5,,27.16,25.16,27.16,27.16,,,,,,,,,,,,
Jadan Baugh,RB,FLA,FLAATL,,24.5,,,,,,1.38,118.5111111,23.17,0.05,7.31875,1.6,1.97,,22.76298611,21.96298611,22.76298611,22.76298611,,,,,,,,,,,,
Cam Cook,RB,WVU,COASTC,,23.26,,,,,,0.96,115.8776471,25.22333333,0.08,8.073333333,1.81,2.33,,20.44509804,19.54009804,20.44509804,20.44509804,,,,,,,,,,,,
Caleb Hawkins,RB,OKST,TLSA,,23.23,,,,,,1.1,99.66,18.99,0.23,24.87,2.63,2.04,,23.063,21.748,23.063,23.063,,,,,,,,,,,,
LJ Martin,RB,BYU,UTAHTE,,22.92,,,,,,0.88,104.8311765,21.63,0.29,16.418,2.6,0.97,,21.74491765,20.44491765,21.74491765,21.74491765,,,,,,,,,,,,
Kendrick Raphael,RB,SMU,FSU,,22.37,,,,,,1.19,104.3876471,19.36,0.13,13.34,2.88,1.17,,22.57276471,21.13276471,22.57276471,22.57276471,,,,,,,,,,,,
Jamal Roberts,RB,MIZZ,ARKPB,,22.11,,,,,,1.06,93.736,21.94,0.02,10.49166667,2.95,2.05,,19.85276667,18.37776667,19.85276667,19.85276667,,,,,,,,,,,,
Justice Haynes,RB,GT,CU,,21.66,,,,,,1.08,101.68,17.99,0.08,17.71,2.55,1.43,,21.449,20.174,21.449,21.449,,,,,,,,,,,,
Wayne Knight,RB,UCLA,CAL,,20.61,,,,,,0.98,83.88,15,0.11,26.77,2.85,1.25,,20.455,19.03,20.455,20.455,,,,,,,,,,,,
Jai'Den Thomas,RB,UNLV,MEMP,0,20.39,,,,,,0.73,77.155,14,0.19,17.07,3.37,0.81,,18.3125,16.6275,18.3125,18.3125,,,,,,,,,,,,
Dilin Jones,RB,LSU,CLEM,,19.71,,,,,,1.35,90.63,18.01,0.03,8.59,1.4,0.95,,19.602,18.902,19.602,19.602,,,,,,,,,,,,
DeJuan Williams,RB,MARYLAND,HAMP,,19.27,,,,,,0.86,80.16,13,0.04,27.24,3.05,0.72,,19.19,17.665,19.19,19.19,,,,,,,,,,,,
Jalen Buckley,RB,WMU,MICH,,19.06,,,,,,1.18,82.0075,13,0.07,7.45,0.79,0.86,,17.23575,16.84075,17.23575,17.23575,,,,,,,,,,,,
Dylan Riley,RB,BSU,ORE,,20.76625,,,,,,0.81,122.1625,19.99,0.11,13.2,1.71,0.7,,20.76625,19.91125,20.76625,20.76625,,,,,,,,,,,,
Jaylin Carter,RB,MEMP,UNLV,0,18.57,,,,,,1.07,91.38888889,14,0.12,16.25,1.19,0.64,,19.09388889,18.49888889,19.09388889,19.09388889,,,,,,,,,,,,
George Pettaway,RB,JMU,LIB,,18.51,,,,,,1.07,79.6475,15,0.15,10.68,1.08,0.5,,17.43275,16.89275,17.43275,17.43275,,,,,,,,,,,,
Javen Jacobs,RB,UTAHSTATE,IDAST,,18.16,,,,,,0.6,79.09,13,0.18,30.54,3.05,0.74,,18.693,17.168,18.693,18.693,,,,,,,,,,,,
Duke Scott,RB,NCST,RICH,,18.02,,,,,,0.67,84.09,15,0.06,21.26,3.06,0.75,,17.975,16.445,17.975,17.975,,,,,,,,,,,,
Jamal Rule,RB,NEB,OHIO,,17.81,,,,,,0.87,74.88,12,0.14,19.1,2.35,0.5,,17.808,16.633,17.808,17.808,,,,,,,,,,,,
Fluff Bothwell,RB,MSST,ULMON,,17.76,,,,,,0.76,81.08631579,18.94666667,0.07,13.94,2.6225,1.67,,17.10513158,15.79388158,17.10513158,17.10513158,,,,,,,,,,,,
Adam Mohammed,RB,CAL,UCLA,,17.61,,,,,,0.8,64.84785714,19.01,0.14,24.10545455,2.33,1.05,,16.86533117,15.70033117,16.86533117,16.86533117,,,,,,,,,,,,
Turbo Richard,RB,IND,UNT,,20.62225,,,,,,1.04,113.4025,14,0.03,16.12,1.25,1.43,,20.62225,19.99725,20.62225,20.62225,,,,,,,,,,,,
Darius Taylor,RB,MINNESOTA,EASTIL,,17.55,,,,,,0.79,48.12652174,14.0375,0.04,16.88875,2.731666667,0.87,,14.21319384,12.84736051,14.21319384,14.21319384,,,,,,,,,,,,
DeVon Rice,RB,HAWAII,STNFRD,0,17.49,,,,,,0.73,64.06,14,0.31,23.24,3.06,0.19,,18.03,16.5,18.03,18.03,,,,,,,,,,,,
Antwan Raymond,RB,RUTG,MASS,,17.16,,,,,,0.75,61.01214286,15.67,0.16,20.79,1.67,1.69,,15.31021429,14.47521429,15.31021429,15.31021429,,,,,,,,,,,,
Steven Robinson,RB,SOUTHERNMISS,AUB,,17.09,,,,,,0.88,78.25,18,0.15,10.77,2.01,0.78,,17.092,16.087,17.092,17.092,,,,,,,,,,,,
Ja'Kyrian Turner,RB,PITT,MIAOH,,17.05,,,,,,0.6,75.4,15,0.1,20.93,3.25,1.48,,17.083,15.458,17.083,17.083,,,,,,,,,,,,
Scottre Humphrey,RB,UNM,CMU,,17.04,,,,,,1.25,66.99,14,0.08,14.06,0.94,0.5,,17.025,16.555,17.025,17.025,,,,,,,,,,,,
DJ Murray Jr.,RB,GAST,GAST@KENSAW,,16.98,,,,,,0.69,57,,0.28,22.99,3.13,0.72,,16.949,15.384,16.949,16.949,,,,,,,,,,,,
Torrance Burgess Jr.,RB,TXST,TEX,,16.95,,,,,,0.34,106.95,16.99,0.06,12.19,2.66,0.5,,16.974,15.644,16.974,16.974,,,,,,,,,,,,
Nate Frazier,RB,UGA,TENNST,,16.91,,,,,,0.91,71.912,14,0.08,14.95,1.58,1.3,,16.2062,15.4162,16.2062,16.2062,,,,,,,,,,,,
Evan Dickens,RB,BC,CIN,,16.66,,,,,,0.68,36.47263158,12,0.14,27.79,1.88,1,,13.22626316,12.28626316,13.22626316,13.22626316,,,,,,,,,,,,
J'Koby Williams,RB,TEXASTECH,ABICHR,,16.6,,,,,,0.63,55.75956522,12.752,0.09,21.42285714,2.38,0.61,,14.41824224,13.22824224,14.41824224,14.41824224,,,,,,,,,,,,
Roderick Robinson II,RB,UAB,ILL,,16.43,,,,,,0.68,74.77,14,0.17,17.16,1.96,0.5,,16.253,15.273,16.253,16.253,,,,,,,,,,,,
Will Henderson III,RB,UTSA,UTRGV,,16.15,,,,,,0.54,81.08,13,0.17,20.85,1.88,0.77,,16.333,15.393,16.333,16.333,,,,,,,,,,,,
Davian Jackson,RB,TEXASSTATE,TEX,,16.13,,,,,,0.57,58.78,12,0.29,24.84,2.54,0.1,,16.062,14.792,16.062,16.062,,,,,,,,,,,,
Quinton Jackson,RB,RICE,HOUCHR,,16.06,,,,,,0.95,62,15,0.26,18.99,0.43,0.69,,15.789,15.574,15.789,15.789,,,,,,,,,,,,
Aneyas Williams,RB,ND,WISC,,15.95,,,,,,0.87,73.387,13,0.1,17.34,1.4,1.49,,16.2927,15.5927,16.2927,16.2927,,,,,,,,,,,,
Yasin Willis,RB,KANSAS,LIU,,15.86,,,,,,1.12,76,10,0.04,8,0.89,0.86,,16.25,15.805,16.25,16.25,,,,,,,,,,,,
Ethan Ervin,RB,FAU,FLA,,15.84,,,,,,0.48,79.19,16.99,0.11,12.36,3.08,0.5,,15.775,14.235,15.775,15.775,,,,,,,,,,,,
James Jones,RB,NMEXST,FSU,0,15.75,,,,,,0.57,72.94,14,0.15,15.02,2.63,0.48,,15.746,14.431,15.746,15.746,,,,,,,,,,,,
Telly Johnson Jr.,RB,NIU,IOWA,,15.73,,,,,,0.69,74.3,14,0.1,11.02,2.33,0.5,,15.602,14.437,15.602,15.602,,,,,,,,,,,,
D.J. Crowther,RB,USF,FIU,,16.852,,,,,,0.84,78,14,0.06,18.62,1.79,0.65,,16.852,15.957,16.852,16.852,,,,,,,,,,,,
DeSean Bishop,RB,TENNESSEE,FURMAN,,16.88439035,,,,,,0.94,85.11473684,17.55,0.04,8.729166667,1.62,1.45,,16.88439035,16.07439035,16.88439035,16.88439035,,,,,,,,,,,,
Camryn Edwards,RB,MSU,TOL,,15.61,,,,,,0.68,74,17.01,0.08,24.99,1.42,1.33,,15.879,15.169,15.879,15.879,,,,,,,,,,,,
PJ Martin,RB,SOUTHALABAMA,SELA,,15.57,,,,,,0.9,74.84,16.99,0.05,11.52,1.73,0.93,,16.066,15.201,16.066,16.066,,,,,,,,,,,,
King Miller,RB,USC,SJST,,15.53,,,,,,0.87,71.3712,17.05875,0.02,7.8675,1.56,1.19,,14.82387,14.04387,14.82387,14.82387,,,,,,,,,,,,
Daniel Hill,RB,ALA,ECU,,15.5,,,,,,0.83,41.17736842,9.61,0.09,6.203333333,1.31,1.22,,11.56807018,10.91307018,11.56807018,11.56807018,,,,,,,,,,,,
Jeremy Payne,RB,TCU,UNC,,15.35,,,,,,0.46,69.99052632,16.45333333,0.1,9.5275,1.91,0.86,,13.22180263,12.26680263,13.22180263,13.22180263,,,,,,,,,,,,
Hollywood Smothers,RB,TEX,TXST,,15.11,,,,,,0.54,73.27,14,0.14,13.79,2.26,0.5,,15.046,13.916,15.046,15.046,,,,,,,,,,,,
Samuel Singleton Jr.,RB,FSU,NMEXST,0,15.11,,,,,,0.38,25.01,8.5,0.71,43,1.46,0.24,,14.801,14.071,14.801,14.801,,,,,,,,,,,,
Micah Ford,RB,STNFRD,HAWAII,0,15.08,,,,,,0.66,59.193,15,0.05,17.55,1.92,0.75,,13.8543,12.8943,13.8543,13.8543,,,,,,,,,,,,
Jabari Bates,RB,SJST,USC,,15.03,,,,,,0.47,82.156,19.99,0.07,10.61,0.82,0.4,,13.3366,12.9266,13.3366,13.3366,,,,,,,,,,,,
Lucky Sutton,RB,SANDIEGOSTATE,PORST,,15.02,,,,,,0.82,89.44,16.01,0.02,5.74,0.17,1.08,,14.728,14.643,14.728,14.728,,,,,,,,,,,,
Vic Listorti,RB,NAVY,TOWSON,,14.99,,,,,,0.52,96.1,7.5,0.08,12.55,0.54,0.87,,15.005,14.735,15.005,15.005,,,,,,,,,,,,
Jamauri McClure,RB,TULN,DUKE,,14.84,,,,,,0.45,90,14,0.13,16,0.95,0.5,,15.03,14.555,15.03,15.03,,,,,,,,,,,,
Wayshawn Parker,RB,UTAH,IDAHO,,14.82,,,,,,0.51,67.31,11,0.21,17.27,2.04,1.35,,14.818,13.798,14.818,14.818,,,,,,,,,,,,
Lanear McCrary Jr.,RB,GEORGIASTATE,NCAT,,14.71,,,,,,0.66,83.04,13,0.04,8.99,2.04,0.52,,15.443,14.423,15.443,15.443,,,,,,,,,,,,
Antonio Martin Jr.,RB,MIDDLETENNST,MUR,,14.66,,,,,,0.72,46.42538462,11.59,0.04,4.29,0.95,0.86,,10.58153846,10.10653846,10.58153846,10.58153846,,,,,,,,,,,,
Austyn Dendy,RB,BOWLINGGREEN,TARLST,,14.61,,,,,,0.72,70.47,14,0.16,14.16,1.02,1.05,,14.763,14.253,14.763,14.763,,,,,,,,,,,,
Duncan Brune,RB,OHIO,NEB,,14.6,,,,,,0.78,72.75,14,0.06,13.9,1.13,1.02,,14.835,14.27,14.835,14.835,,,,,,,,,,,,
Matthew Fuller,RB,SCAR,KENT,,14.56,,,,,,0.56,70.05,15,0.14,18.57,1.88,1.2,,14.942,14.002,14.942,14.942,,,,,,,,,,,,
Ajay Allen,RB,WKU,NEVADA,,14.55,,,,,,0.61,51.8,10,0.23,20.61,2.19,0.67,,14.471,13.376,14.471,14.471,,,,,,,,,,,,
Kewan Lacy,RB,MISS,LOU,,14.55,,,,,,1.02,64.05,14,0.03,7.54,1.23,1.77,,14.689,14.074,14.689,14.689,,,,,,,,,,,,
Kyson Brown,RB,ARIZONASTATE,MORGST,,14.43,,,,,,0.47,91.5885,19.47,0.07,6.7875,1.52,0.88,,14.5976,13.8376,14.5976,14.5976,,,,,,,,,,,,
CJ Baxter Jr.,RB,KENTUCKY,YSU,,14.39,,,,,,0.79,73.39875,15.4175,0.08,7.5,1.43,0.83,,14.739875,14.024875,14.739875,14.739875,,,,,,,,,,,,
Dawson Pendergrass,RB,BAY,AUB,,14.34,,,,,,0.65,59.59368421,14.8875,0.13,9.295,1.88,1.01,,13.44886842,12.50886842,13.44886842,13.44886842,,,,,,,,,,,,
Jeffrey Overton Jr.,RB,VIRGINIATECH,VMI,,14.28,,,,,,0.68,71.99,14.5,0.09,14.69,1.35,0.79,,14.638,13.963,14.638,14.638,,,,,,,,,,,,
Jayden Scott,RB,NCST,UVA,,14.15,,,,,,0.39,68.46,15.45666667,0.03,8.9275,1.63,0.13,,11.88875,11.07375,11.88875,11.88875,,,,,,,,,,,,
Rodney Fields Jr.,RB,KANSASSTATE,NICH,,14.09,,,,,,0.49,57.58,12,0.13,17.59,2.81,0.31,,14.047,12.642,14.047,14.047,,,,,,,,,,,,
Jordon Davison,RB,ORE,BOISE,,14.05,,,,,,1.04,63.7,11,0.04,3.79,0.65,1.33,,13.879,13.554,13.879,13.879,,,,,,,,,,,,
Dylan Edwards,RB,KANSAS,LIU,,16.89264706,,,,,,0.62,89.37647059,15.50166667,0.07,14,2.415,0.86,,16.89264706,15.68514706,16.89264706,16.89264706,,,,,,,,,,,,
Mark Fletcher Jr.,RB,MIA,STNFRD,,14.89569048,,,,,,0.78,79.92857143,13.95,0.05,5.828333333,1.34,1.49,,14.89569048,14.22569048,14.89569048,14.89569048,,,,,,,,,,,,
Aiden Flora,RB,IOWASTATE,SEMO,,14.65268627,,,,,,0.62,77.17352941,16.36,0.04,11.65333333,1.81,0.36,,14.65268627,13.74768627,14.65268627,14.65268627,,,,,,,,,,,,
Ashton Gray,RB,ECU,ALA,,13.46,,,,,,0.72,64.12,12,0.07,11.27,1.08,0.68,,13.359,12.819,13.359,13.359,,,,,,,,,,,,
Sire Gaines,RB,BSU,ORE,,13.44,,,,,,0.7,63.93,15,0.14,10.01,1.46,0.54,,13.894,13.164,13.894,13.894,,,,,,,,,,,,
Ousmane Kromah,RB,FSU,NMEXST,0,14.92845614,,,,,,0.63,83.58789474,16.99,0.06,7.796666667,1.65,0.47,,14.92845614,14.10345614,14.92845614,14.92845614,,,,,,,,,,,,
Cameron Dickey,RB,TEXASTECH,ABICHR,,13.35,,,,,,0.76,68.19888889,13.585,0.1,5.97,1.33,1.12,,13.90688889,13.24188889,13.90688889,13.90688889,,,,,,,,,,,,
Keveun Mason,RB,TEMPLE,URI,,13.34,,,,,,0.47,75.88,15,0.06,12.3,2,0.31,,13.998,12.998,13.998,13.998,,,,,,,,,,,,
Anthony Carrie,RB,FIU,USF,,13.34,,,,,,0.69,66.25,14,0.03,9.41,1.38,0.5,,13.266,12.576,13.266,13.266,,,,,,,,,,,,
Johnnie Daniels,RB,TULN,DUKE,,13.32,,,,,,0.52,43.97,9,0.1,18.55,3.24,0.5,,13.212,11.592,13.212,13.212,,,,,,,,,,,,
DJ Scott,RB,NDST,JAXST,0,14.426,,,,,,0.83,73,13,0.04,8.46,1.06,0.94,,14.426,13.896,14.426,14.426,,,,,,,,,,,,
Kam Davis,RB,LIB,JMU,,13.15,,,,,,0.53,75.96,13,0.1,8.76,1.46,0.5,,13.712,12.982,13.712,13.712,,,,,,,,,,,,
Jo'Nathan Silver,RB,DELAWARE,MERRIM,,13.1,,,,,,0.52,67.6,12,0.08,12.96,2.04,0.68,,13.696,12.676,13.696,13.696,,,,,,,,,,,,
Ca'Lil Valentine,RB,ILL,UAB,,13.06,,,,,,0.6,66.42882353,13.688,0.06,6.096666667,1.34,1.37,,12.55254902,11.88254902,12.55254902,12.55254902,,,,,,,,,,,,
Fame Ijeboi,RB,PURDUE,INST,,16.4325,,,,,,0.64,75.61166667,15.422,0.1,18.13333333,2.618,0.74,,16.4325,15.1235,16.4325,16.4325,,,,,,,,,,,,
Bo Jackson,RB,OSU,BALLST,,12.97,,,,,,0.48,68.49,14.62666667,0.04,13.625,1.99,1.65,,13.3215,12.3265,13.3215,13.3215,,,,,,,,,,,,
Ramone Green Jr.,RB,MOSU,TEXAM,,12.89,,,,,,0.64,51.98,12,0.08,11.84,2.17,0.5,,12.872,11.787,12.872,12.872,,,,,,,,,,,,
Ahmad Hardy,RB,MISSOURI,ARKPB,,12.81,,,,,,0.74,74.93,12,0.01,2.04,0.53,0.75,,12.727,12.462,12.727,12.727,,,,,,,,,,,,
Chauncey Bowens,RB,UGA,TENNST,,14.524,,,,,,0.67,53.06,9,0.18,28.08,1.31,0.97,,14.524,13.869,14.524,14.524,,,,,,,,,,,,
Rayshon Luke,RB,FRES,USC,,12.78,,,,,,0.35,52.39,11,0.18,18.6,3.08,0.66,,13.359,11.819,13.359,13.359,,,,,,,,,,,,
Jayden Limar,RB,WASH,WASHST,,12.73,,,,,,0.72,47.64,10,0.07,14.32,1.63,0.59,,12.566,11.751,12.566,12.566,,,,,,,,,,,,
Kenyon Clay,RB,ARST,MEMP,,12.7,,,,,,0.5,39.92,12,0.25,23.7,2.37,0.5,,13.232,12.047,13.232,13.232,,,,,,,,,,,,
Godspower Nwawuihe,RB,ARMY,BRYANT,,12.67,,,,,,0.54,83.73,12,0.17,3.61,0.04,0.72,,13.034,13.014,13.034,13.034,,,,,,,,,,,,
Jaziun Patterson,RB,MSU,EMICH,,13.67475,,,,,,0.66,63.7275,17.2875,0.04,7.72,2.33,0.5,,13.67475,12.50975,13.67475,13.67475,,,,,,,,,,,,
Jordan Gant,RB,AKR,WAKE,,12.6,,,,,,0.64,64.98,13,0.03,12.65,0.6,0.96,,12.383,12.083,12.383,12.383,,,,,,,,,,,,
Shavane Anderson Jr.,RB,SYR,CAL,,12.53,,,,,,0.86,64.05,10,0.02,3.89,0.8,0.33,,12.874,12.474,12.874,12.874,,,,,,,,,,,,
Devin Roche,RB,OLDDOMINION,NOR,,12.5,,,,,,0.4,79.38,12,0.06,11.04,0.66,0.68,,12.462,12.132,12.462,12.462,,,,,,,,,,,,
Ty Clark III,RB,WAKE,CLARKIII,,14.79825,,,,,,0.55,71.7325,12,0.09,18.45,1.94,1.43,,14.79825,13.82825,14.79825,14.79825,,,,,,,,,,,,
Kamari Moulton,RB,IOWA,NIU,,12.44,,,,,,0.56,54.36285714,14.012,0.01,11.03428571,1.92,1.43,,11.87971429,10.91971429,11.87971429,11.87971429,,,,,,,,,,,,
Jaquari Lewis,RB,APPALACHIANSTATE,MAINE,,12.43,,,,,,0.69,59.61,13,0.01,7.75,1.46,0.95,,12.396,11.666,12.396,12.396,,,,,,,,,,,,
Brandon Hood,RB,SOUTHERNMISS,ALC,,12.32,,,,,,0.66,65,9,0.04,10,1.14,0.48,,12.84,12.27,12.84,12.84,,,,,,,,,,,,
Dominic Kelley,RB,NEV,WESTKY,,12.32,,,,,,0.61,69.56,13,0.04,5.89,0.71,0.42,,12.155,11.8,12.155,12.155,,,,,,,,,,,,
Isaac Brown,RB,LOU,MISS,,12.22,,,,,,0.52,68.54571429,13.145,0.01,8.9825,1.27,1.31,,12.20282143,11.56782143,12.20282143,12.20282143,,,,,,,,,,,,
DeKalon Taylor,RB,COLO,GT,,12.16,,,,,,0.46,26.78,8.25,0.1,14,1.5,0.76,,8.938,8.188,8.938,8.938,,,,,,,,,,,,
Marcellous Hawkins Jr.,RB,VIRGINIATECH,VMI,,12.15,,,,,,0.61,65.27,12,0.02,9.36,1.27,0.8,,12.513,11.878,12.513,12.513,,,,,,,,,,,,
Connor Walendzak,RB,TOL,MSU,,12.14,,,,,,0.76,54.36,12,0.14,6.12,0.94,0.5,,12.388,11.918,12.388,12.388,,,,,,,,,,,,
Braylon McReynolds,RB,UAB,ILL,,12.13,,,,,,0.47,51.45,10,0.08,16.11,1.88,0.13,,11.936,10.996,11.936,11.936,,,,,,,,,,,,
Mel Brown,RB,CSU,WYO,,12.09,,,,,,0.59,52.79,9,0.11,12.6,0.94,0.5,,11.679,11.209,11.679,11.679,,,,,,,,,,,,
Rueben Owens II,RB,TXAM,MOSTU,,12.894375,,,,,,0.5,77.61,16.18333333,0.02,11.13375,0.9,1.82,,12.894375,12.444375,12.894375,12.894375,,,,,,,,,,,,
Carson Hansen,RB,PSU,MARSH,,12.08,,,,,,0.55,67.73,11,0.01,9.86,1.27,1.45,,12.389,11.754,12.389,12.389,,,,,,,,,,,,
Lee Beebe Jr.,RB,IND,UNT,,13.75425,,,,,,0.6,96.4025,16,0.01,2.44,0.21,0.5,,13.75425,13.64925,13.75425,13.75425,,,,,,,,,,,,
Samuel Brown V,RB,TEMPLE,URI,,11.96,,,,,,0.47,52.99,13,0.16,15.98,1.92,0.86,,12.597,11.637,12.597,12.597,,,,,,,,,,,,
Dierre Hill Jr.,RB,ORE,BOISE,,11.95,,,,,,0.56,58.09,10,0.1,8.93,1.19,1.12,,11.852,11.257,11.852,11.852,,,,,,,,,,,,
Kam Thomas,RB,UTEP,OKLA,,11.92,,,,,,0.29,29.99,0,0.34,26.99,2.38,0.5,,11.858,10.668,11.858,11.858,,,,,,,,,,,,
Duke Watson,RB,CENTRALFLORIDA,BC,,11.92,,,,,,0.46,57.9,13.58666667,0.05,9.57,1.98,0.54,,11.787,10.797,11.787,11.787,,,,,,,,,,,,
Leonard Farrow,RB,FAU,FLA,,11.89,,,,,,0.33,51.36,10,0.08,15.68,2.63,0.5,,11.794,10.479,11.794,11.794,,,,,,,,,,,,
Khobie Martin,RB,IND,UNT,,11.84,,,,,,0.76,65.88,11,0.01,2.74,0.27,0.5,,11.752,11.617,11.752,11.752,,,,,,,,,,,,
Owen Allen,RB,AIRFORCE,DUQ,,11.82,,,,,,0.37,87.43,12,0.06,5.69,0.06,0.71,,11.952,11.922,11.952,11.952,,,,,,,,,,,,
Keenan Phillips,RB,SOUTHALABAMA,SELA,,11.78,,,,,,0.43,67.72,12,0.05,11.56,0.83,0.73,,11.638,11.223,11.638,11.638,,,,,,,,,,,,
Jekail Middlebrook,RB,UVA,NCST,,11.74,,,,,,0.37,61.24666667,11.89666667,0.15,7.796666667,1.58,0.66,,11.60433333,10.81433333,11.60433333,11.60433333,,,,,,,,,,,,
Gi'Bran Payne,RB,CIN,BC,,11.72,,,,,,0.37,69.23235294,13.58666667,0.04,9.09,1.5,0.5,,11.79223529,11.04223529,11.79223529,11.79223529,,,,,,,,,,,,
Nolan James Jr.,RB,ND,WISC,,11.71,,,,,,0.5,56.12904762,9,0.19,16.11,1.06,0.5,,12.42390476,11.89390476,12.42390476,12.42390476,,,,,,,,,,,,
David Mbadinga,RB,GEORGIASOUTHERN,CHSOU,,11.67,,,,,,0.39,62.57,10,0.04,16.88,1.27,0.22,,11.795,11.16,11.795,11.795,,,,,,,,,,,,
Damon Ferguson Jr.,RB,PITT,BUCK,,11.64,,,,,,0.29,37.53,9,0.15,22.99,2.85,0.5,,11.542,10.117,11.542,11.542,,,,,,,,,,,,
Abu Sama III,RB,WIS,ND,,11.63,,,,,,0.47,43.046,14,0.03,9.35,1.46,0.7,,9.6996,8.9696,9.6996,9.6996,,,,,,,,,,,,
Kiefer Sibley,RB,UNM,CMU,,11.59,,,,,,0.41,50.78,9,0.09,14.58,2.05,0.37,,11.586,10.561,11.586,11.586,,,,,,,,,,,,
Manny Covey,RB,MEMP,ARKST,,11.54,,,,,,0.43,50.63,10,0.15,13.5,1.6,0.5,,11.493,10.693,11.493,11.493,,,,,,,,,,,,
Brendon Haygood,RB,UNT,IND,,11.48,,,,,,0.57,52.58,10.5,0.08,7.59,1.38,0.5,,11.297,10.607,11.297,11.297,,,,,,,,,,,,
Javion Kinnard,RB,SANDIEGOSTATE,PORST,,11.46,,,,,,0.36,65.85,12,0.08,11.68,0.94,0.19,,11.333,10.863,11.333,11.333,,,,,,,,,,,,
Jambres Dubar,RB,MISSOURISTATE,TEXAM,,11.34,,,,,,0.55,51.97,12,0.07,9.14,1.54,0.39,,11.371,10.601,11.371,11.371,,,,,,,,,,,,
Terrance Shelton Jr.,RB,BUFFALO,ALBANY,,11.28,,,,,,0.53,55.39,11,0.03,10.6,1.63,0.68,,11.589,10.774,11.589,11.589,,,,,,,,,,,,
Amareon Blue,RB,EMICH,SJST,,11.21,,,,,,0.39,49.36,11,0.1,14.96,1.92,0.5,,11.292,10.332,11.292,11.292,,,,,,,,,,,,
Jordan Marshall,RB,MICH,WESTMI,,11.19,,,,,,0.52,48.44913043,11.30333333,0.05,3.5,1.02,1.86,,9.634913043,9.124913043,9.634913043,9.634913043,,,,,,,,,,,,
Jo'Shon Barbie,RB,MRSH,PSU,,11.19,,,,,,0.52,57.8,12,0.05,8.8,1.02,0.72,,11.1,10.59,11.1,11.1,,,,,,,,,,,,
Mekhi Nelson,RB,NEB,OHIO,,12.8708,,,,,,0.36,74.308,14.128,0.13,8.5,1.65,0.5,,12.8708,12.0458,12.8708,12.8708,,,,,,,,,,,,
Gideon Davidson,RB,CLEM,LSU,,11.19,,,,,,0.44,58.022,16,0.03,6.78,1.21,0.75,,10.5102,9.9052,10.5102,10.5102,,,,,,,,,,,,
Makhi Hughes,RB,HOU,ORST,,12.67991209,,,,,,0.38,73.15142857,15.3725,0.09,10.14769231,1.53,1.54,,12.67991209,11.91491209,12.67991209,12.67991209,,,,,,,,,,,,
Christian Washington,RB,SANDIEGOSTATE,PORST,,11.14,,,,,,0.35,69,1,0.03,13,0.06,0.35,,10.54,10.51,10.54,10.54,,,,,,,,,,,,
Damian Henderson II,RB,COLO,GT,,11.02,,,,,,0.41,58,7.5,0.01,18.01,0.57,0.66,,10.691,10.406,10.691,10.691,,,,,,,,,,,,
Damari Alston,RB,TLSA,OKST,,11,,,,,,0.6,51.28,11,0.03,9.04,1.1,0.88,,10.912,10.362,10.912,10.912,,,,,,,,,,,,
La'Vell Wright,RB,PITT,MIAOH,,10.91,,,,,,0.47,41.7,9,0.07,12.76,2.23,0.6,,10.916,9.801,10.916,10.916,,,,,,,,,,,,
Raleek Brown,RB,TEX,TXST,,10.89,,,,,,0.41,51.66,10,0.1,10.41,1.63,1.43,,10.897,10.082,10.897,10.897,,,,,,,,,,,,
Joe Jackson,RB,KANSASSTATE,NICH,,10.79,,,,,,0.46,45.91,9,0.11,13.41,1.4,1.01,,10.752,10.052,10.752,10.752,,,,,,,,,,,,
AJ Newberry,RB,ORST,HOU,,10.78,,,,,,0.49,48.66,8.5,0.07,15.49,0.97,0.5,,10.745,10.26,10.745,10.745,,,,,,,,,,,,
Victor Rosa,RB,OHIO,NEB,,10.73,,,,,,0.78,43.92,9,0.04,7.64,0.76,0.5,,10.836,10.456,10.836,10.836,,,,,,,,,,,,
Elijah Faulkner,RB,MASSACHUSETTS,RUT,,10.68,,,,,,0.36,55.34,12,0.22,8.74,1.42,0.06,,11.308,10.598,11.308,11.308,,,,,,,,,,,,
Aidan Laughery,RB,ILL,UAB,,10.68,,,,,,0.43,63.07125,9.566666667,0.06,3.903333333,1,1.18,,10.63745833,10.13745833,10.63745833,10.63745833,,,,,,,,,,,,
Jaylin Lucas,RB,TULN,DUKE,,10.64,,,,,,0.29,47.55,7,0.07,15.57,2.19,0.64,,10.662,9.567,10.662,10.662,,,,,,,,,,,,
Steven Blanco,RB,LOUISIANALAFAYETTE,LAMAR,,10.61,,,,,,0.57,48.22,7,0.09,10.34,0.98,0.63,,10.796,10.306,10.796,10.796,,,,,,,,,,,,
Markell Holman,RB,WYO,CSU,,10.54,,,,,,0.52,49.02,11,0.03,10.66,1.38,0.5,,10.648,9.958,10.648,10.648,,,,,,,,,,,,
Cole Tabb,RB,CIN,BC,,10.54,,,,,,0.53,45.79230769,7.5,0.07,8.11,1.29,0.5,,10.28023077,9.635230769,10.28023077,10.28023077,,,,,,,,,,,,
Savion Hiter,RB,MICH,WESTMI,,10.51,,,,,,0.55,48.85571429,9.834,0.05,7.9275,1.46,0.5,,10.73832143,10.00832143,10.73832143,10.73832143,,,,,,,,,,,,
TJ Horton,RB,BALL,OSU,,10.45,,,,,,0.39,49.78,8,0.16,8.14,1.54,0.5,,10.632,9.862,10.632,10.632,,,,,,,,,,,,
Cam'ron Barfield,RB,HAWAII,STNFRD,0,10.37,,,,,,0.36,35.38,6,0.23,18.21,1.67,0.78,,10.569,9.734,10.569,10.569,,,,,,,,,,,,
Bryson Roland,RB,ULM,MSST,,10.34,,,,,,0.29,60.72,11,0.07,8.7,1.27,0.5,,10.372,9.737,10.372,10.372,,,,,,,,,,,,
Jeremiah Cobb,RB,AUB,BAY,,10.34,,,,,,0.42,48.40473684,9.8775,0.04,8.732222222,1.67,1.33,,10.14369591,9.308695906,10.14369591,10.14369591,,,,,,,,,,,,
Davion Gause,RB,NCST,UVA,0,10.27,,,,,,0.44,26.63428571,6.36,0.1,20.66,1.56,0.75,,9.529428571,8.749428571,9.529428571,9.529428571,,,,,,,,,,,,
Sedrick Alexander,RB,VANDERBILT,APSU,,10.25,,,,,,0.42,27.57333333,9.013333333,0.11,7.7075,0.66,1.07,,7.368083333,7.038083333,7.368083333,7.368083333,,,,,,,,,,,,
Qwantavius Wiggins,RB,GAST,NIU,,10.23,,,,,,0.43,37.5,8,0.04,17.09,1.83,0.11,,10.109,9.194,10.109,10.109,,,,,,,,,,,,
Keyjuan Brown,RB,LOU,MISS,,10.21,,,,,,0.45,64.85388889,11.52666667,0.01,6.31,0.8,0.5,,10.67638889,10.27638889,10.67638889,10.67638889,,,,,,,,,,,,
Vaughn Blue,RB,CMU,NM,,10.17,,,,,,0.27,44.89,9,0.21,18.71,0.83,0.37,,10.07,9.655,10.07,10.07,,,,,,,,,,,,
Peyton Jones,RB,LIB,JMU,,10.14,,,,,,0.56,55.28,11,0.04,5.17,0.45,0.5,,10.095,9.87,10.095,10.095,,,,,,,,,,,,
Anthony Woods,RB,UCLA,CAL,,10.14,,,,,,0.44,47.75,9,0.08,8.73,1.37,0.69,,10.138,9.453,10.138,10.138,,,,,,,,,,,,
Bryson Donelson,RB,FRES,USC,,10.95445455,,,,,,0.61,51.22454545,10,0.03,5.52,1.44,0.5,,10.95445455,10.23445455,10.95445455,10.95445455,,,,,,,,,,,,
Samuel Harris,RB,WYO,CSU,,10.12,,,,,,0.39,54.47,11,0.04,10.67,1.13,0.5,,10.224,9.659,10.224,10.224,,,,,,,,,,,,
Re'Shaun Sanford II,RB,HOU,ORST,,10.09,,,,,,0.57,38,0,0.01,19.99,1,0.11,,10.279,9.779,10.279,10.279,,,,,,,,,,,,
Darrell Smith,RB,LOUISIANALAFAYETTE,LAMAR,,10.09,,,,,,0.35,41.19,9,0.14,12.27,1.71,0.46,,9.996,9.141,9.996,9.996,,,,,,,,,,,,
Jevon Edwards,RB,CCAR,WVU,,10.02,,,,,,0.44,53.36,11,0.03,9.28,1.56,0.52,,10.644,9.864,10.644,10.644,,,,,,,,,,,,
Dominic Lee-Knicely,RB,CSTCAR,LIB@CSTCAR,,10.01,,,,,,0.63,43.87,5.5,0.04,7.56,0.81,0.74,,9.973,9.568,9.973,9.973,,,,,,,,,,,,
Dennis Murray Jr.,RB,GEORGIASTATE,NCAT,,9.99,,,,,,0.36,30.66,7,0.23,20.03,1.75,0.28,,10.359,9.484,10.359,10.359,,,,,,,,,,,,
CJ Miller,RB,TOL,MSU,,9.95,,,,,,0.54,43.94,9,0.11,7.51,0.85,0.5,,9.895,9.47,9.895,9.895,,,,,,,,,,,,
Rodney Nelson,RB,MIAOH,PITT,,9.92,,,,,,0.48,46.76,7.5,0.15,8.58,0.64,0.5,,9.954,9.634,9.954,9.954,,,,,,,,,,,,
Kirby Vorhees,RB,WASHST,UW,,9.85,,,,,,0.41,49.95454545,10,0.03,10.8,1.15,0.5,,9.865454545,9.290454545,9.865454545,9.865454545,,,,,,,,,,,,
Lloyd Avant,RB,OKLA,UTEP,,9.79,,,,,,0.4,46.75,11.5,0.04,8.32,1.67,0.5,,9.817,8.982,9.817,9.817,,,,,,,,,,,,
Samari Howard,RB,ARMY,BRYANT,,9.71,,,,,,0.19,31.83,5,0.13,20.84,2.5,0.31,,9.687,8.437,9.687,9.687,,,,,,,,,,,,
Kedrick Reescano,RB,ARIZONA,NOARI,,9.66,,,,,,0.66,35.77125,8.735,0.02,5.11,0.42,1.14,,8.588125,8.378125,8.588125,8.588125,,,,,,,,,,,,
Quaid Carr,RB,WASH,WASHST,,9.63,,,,,,0.52,39.72,8,0.04,9.88,1.24,1.26,,9.56,8.94,9.56,9.56,,,,,,,,,,,,
D'Shawntae Jones,RB,MIAOH,PITT,,9.62,,,,,,0.64,44.69,7,0.05,6.68,0.18,0.47,,9.457,9.367,9.457,9.457,,,,,,,,,,,,
James Peoples,RB,PSU,MARSH,,9.62,,,,,,0.6,47.87,11,0.01,5.8,0.69,0.5,,9.717,9.372,9.717,9.717,,,,,,,,,,,,
Cornell Hatcher Jr.,RB,ORST,HOU,,9.53,,,,,,0.55,42.39,4.5,0.06,11.16,0.21,0.77,,9.225,9.12,9.225,9.225,,,,,,,,,,,,
Jason Patterson,RB,KENTUCKY,YSU,,9.53,,,,,,0.35,53.054,10.59,0.04,2.796666667,0.91,0.18,,8.835066667,8.380066667,8.835066667,8.835066667,,,,,,,,,,,,
Michael Barrow,RB,NAVY,FLAATL,,9.5,,,,,,0.27,37.68181818,7.5,0.1,15.59,2.17,0.2,,9.717181818,8.632181818,9.717181818,9.717181818,,,,,,,,,,,,
Myles Mitchell,RB,NDST,JAXST,0,9.5,,,,,,0.58,42.25,11,0.06,8.13,0.88,0.23,,9.758,9.318,9.758,9.758,,,,,,,,,,,,
Gavin Griffin,RB,TROY,SAMHOU,,9.46,,,,,,0.46,57.64,14,0.01,3.81,0.35,0.47,,9.315,9.14,9.315,9.315,,,,,,,,,,,,
Durell Robinson,RB,CSU,WYO,,9.43,,,,,,0.44,44.11,11,0.08,10.02,0.94,0.5,,9.473,9.003,9.473,9.473,,,,,,,,,,,,
EJ Crowell,RB,ALA,ECU,,9.4,,,,,,0.52,35.81,6,0.04,13.67,1.75,0.5,,10.058,9.183,10.058,10.058,,,,,,,,,,,,
Caleb Komolafe,RB,NORTHWESTERN,SDAKST,,9.32,,,,,,0.42,48.41,10,0.06,8.96,0.61,1.13,,9.227,8.922,9.227,9.227,,,,,,,,,,,,
Waymond Jordan,RB,USC,SJST,,9.3,,,,,,0.44,41.44944444,9.286666667,0.01,5.5625,1.23,0.85,,8.631194444,8.016194444,8.631194444,8.631194444,,,,,,,,,,,,
Benjamin Hall,RB,UNC,TCU,,9.25,,,,,,0.32,33.0875,12,0.1,8.72,1.1,0.31,,7.80075,7.25075,7.80075,7.80075,,,,,,,,,,,,
Tavorus Jones,RB,UTEP,OKLA,,9.24,,,,,,0.29,56.24,11,0.05,6.53,1.33,0.5,,9.647,8.982,9.647,9.647,,,,,,,,,,,,
Sutton Smith,RB,ARKANSAS,NORTAL,,9.08,,,,,,0.39,39.05,7,0.04,14.78,1.33,0.57,,9.293,8.628,9.293,9.293,,,,,,,,,,,,
Jalen Bonds,RB,BALLSTATE,OSU,,9.03,,,,,,0.27,40.35,8,0.14,15.5,1.27,0.5,,9.315,8.68,9.315,9.315,,,,,,,,,,,,
Khamani Alexander,RB,UNCCHARLOTTE,CIT,,9,,,,,,0.41,40.10818182,11,0.03,7,1.13,0.21,,8.480818182,7.915818182,8.480818182,8.480818182,,,,,,,,,,,,
Trey Cornist,RB,UCONN,LAF,,8.91,,,,,,0.28,49.8,6,0.12,7.52,0.67,0.82,,8.802,8.467,8.802,8.802,,,,,,,,,,,,
Nick Herman,RB,JMU,LIB,,8.86,,,,,,0.46,47.09,8,0.04,4.83,0.59,0.5,,8.782,8.487,8.782,8.782,,,,,,,,,,,,
Deuce Lawrence,RB,WAKE,AKRON@WAKE,,9.621,,,,,,0.39,47.08,9.9925,0.04,7.73,1.56,0.5,,9.621,8.841,9.621,9.621,,,,,,,,,,,,
Ja'Kobi Jackson,RB,OSU,BALLST,,8.68,,,,,,0.68,38.54,8.5,0.04,3.46,0.45,0.56,,8.97,8.745,8.97,8.97,,,,,,,,,,,,
Dramekco Green,RB,SMU,FSU,,10.23675,,,,,,0.37,41.5975,10,0.06,17.67,1.73,0.5,,10.23675,9.37175,10.23675,10.23675,,,,,,,,,,,,
Kenji Christian,RB,UCONN,LAF,,8.54,,,,,,0.35,37.37,10,0.07,8.09,0.8,0.52,,7.866,7.466,7.866,7.866,,,,,,,,,,,,
Iverson Howard,RB,MARYLAND,HAMP,,10.53106667,,,,,,0.5,37.47066667,11.12,0.01,12.04,2.52,0.14,,10.53106667,9.271066667,10.53106667,10.53106667,,,,,,,,,,,,
Jason Collins Jr.,RB,USF,FIU,,8.46,,,,,,0.41,45.23,8,0.03,5.42,0.81,0.4,,8.515,8.11,8.515,8.515,,,,,,,,,,,,
Jaheim Merriweather,RB,TROY,IND,,8.45,,,,,,0.47,42.2,10,0.01,4.71,0.67,0.4,,8.241,7.906,8.241,8.241,,,,,,,,,,,,
Braydon Bennett,RB,EMICH,SACST,0,8.29,,,,,,0.31,44.12,7,0.04,10.49,1.19,0.57,,8.751,8.156,8.751,8.751,,,,,,,,,,,,
Caden Knighten,RB,BAY,AUB,,8.26,,,,,,0.25,46.54,11,0.05,9.74,1.46,0.54,,8.888,8.158,8.888,8.888,,,,,,,,,,,,
Herschel Turner,RB,NEV,WESTKY,,8.25,,,,,,0.29,45.56,9,0.06,7.71,0.92,0.5,,8.347,7.887,8.347,8.347,,,,,,,,,,,,
Tariq Thomas,RB,FRES,FRESNO@USC,,8.23,,,,,,0.48,50,,0.01,2,,0.5,,8.14,8.14,8.14,8.14,,,,,,,,,,,,
Sione I Moa,RB,BYU,UTAHTE,,8.16,,,,,,0.39,38.7,7,0.01,8.27,1.03,0.4,,8.127,7.612,8.127,8.127,,,,,,,,,,,,
Darrion Dupree,RB,WIS,ND,,9.3812,,,,,,0.51,49.832,6,0.02,5.28,0.69,0.5,,9.3812,9.0362,9.3812,9.3812,,,,,,,,,,,,
Latrelle Murrell,RB,KENNESAWSTATE,WESTGA,,8.14,,,,,,0.32,32.23,6,0.11,11.39,1.17,0.72,,8.112,7.527,8.112,8.112,,,,,,,,,,,,
Micah Welch,RB,COLO,GT,,8.11,,,,,,0.43,35.99,10,0.01,3.76,0.79,0.5,,7.405,7.01,7.405,7.405,,,,,,,,,,,,
Alton McCaskill IV,RB,SHSU,TROY,,8.07,,,,,,0.23,48.36,12,0.04,5.63,0.88,0.5,,7.899,7.459,7.899,7.899,,,,,,,,,,,,
Jamarion Morrow,RB,TXAM,MOSTU,,8.05,,,,,,0.48,36.05,8,0.06,7.42,0.56,0.5,,8.147,7.867,8.147,8.147,,,,,,,,,,,,
Ju'Juan Johnson,RB,SYRACUSE,UNH,,8.02,,,,,,0.38,37.28,11,0.04,8.13,1.56,0.58,,8.621,7.841,8.621,8.621,,,,,,,,,,,,
Jayden Brown,RB,COLOST,WYO@COLOST,,8,,,,,,0.2,23.99,,0.1,17.99,2,0.33,,7.998,6.998,7.998,7.998,,,,,,,,,,,,
Landan Brown,RB,SHSU,TROY,,7.97,,,,,,0.29,30.14,6,0.02,12.07,1.9,0.5,,7.981,7.031,7.981,7.981,,,,,,,,,,,,
Ismail Mahdi,RB,ARIZONA,NOARI,,7.95,,,,,,0.28,48.78571429,8,0.06,5.42,0.82,0.42,,8.280571429,7.870571429,8.280571429,8.280571429,,,,,,,,,,,,
Brandon High Jr.,RB,UTSA,UTRGV,,7.94,,,,,,0.39,37.89,8.5,0.04,7.69,1.08,0.63,,8.218,7.678,8.218,8.218,,,,,,,,,,,,
Maxwell Woods,RB,WASHST,UW,,7.85,,,,,,0.21,40.03,7.5,0.03,13.6,1.13,0.5,,7.933,7.368,7.933,7.933,,,,,,,,,,,,
Jaden Miller,RB,LOUISIANATECH,NWST,,7.83,,,,,,0.42,30.39,7,0.03,9.43,1.1,0.81,,7.782,7.232,7.782,7.782,,,,,,,,,,,,
Curtis Kimmons,RB,MASSACHUSETTS,SHEART,,7.76,,,,,,0.45,39.89,7.5,0.02,3.67,0.56,0.43,,7.736,7.456,7.736,7.736,,,,,,,,,,,,
Dashun Reeder,RB,UCONN,LAF,,7.72,,,,,,0.56,40,5,0.01,3,0.49,0.27,,8.21,7.965,8.21,8.21,,,,,,,,,,,,
Cameron Pettaway,RB,IOWASTATE,SEMO,,7.72,,,,,,0.42,36.66,4,0.05,7.94,0.27,0.37,,7.55,7.415,7.55,7.55,,,,,,,,,,,,
MK Young,RB,VANDERBILT,APSU,,7.71,,,,,,0.35,34.59,8,0.04,7.88,1.1,0.45,,7.687,7.137,7.687,7.687,,,,,,,,,,,,
TJ Thomas Jr.,RB,MINNESOTA,EASTIL,,7.58,,,,,,0.23,27.7705,9,0.01,9.645,1.88,0.09,,7.06155,6.12155,7.06155,7.06155,,,,,,,,,,,,
Demon June,RB,UNC,TCU,,7.56,,,,,,0.4,34.51,7.5,0.04,9.35,0.55,0.51,,7.576,7.301,7.576,7.576,,,,,,,,,,,,
CJ Campbell Jr.,RB,DUKE,TULN,,7.53,,,,,,0.39,37.8,8,0.03,5.54,0.67,0.5,,7.524,7.189,7.524,7.524,,,,,,,,,,,,
Demarius Robinson,RB,ARIZST,ARIZST@TXAM,,7.47,,,,,,0.56,21.99,,0.01,13,1.13,0.13,,8.049,7.484,8.049,8.049,,,,,,,,,,,,
Sean Patrick,RB,AKR,WAKE,,7.47,,,,,,0.16,28.46,8,0.1,18.4,1.71,0.5,,7.956,7.101,7.956,7.956,,,,,,,,,,,,
Jaylon Coleman,RB,LIB,JMU,,7.46,,,,,,0.25,31.75,3,0.07,15.18,0.73,0.5,,7.343,6.978,7.343,7.343,,,,,,,,,,,,
TJ Engleman Jr.,RB,ECU,ALA,,7.41,,,,,,0.33,40.97,7,0.04,5.79,0.41,0.35,,7.306,7.101,7.306,7.306,,,,,,,,,,,,
Trey Cooley,RB,WASH,WASHST,,7.4,,,,,,0.44,39,7,0.02,3.28,0.6,0.5,,7.588,7.288,7.588,7.588,,,,,,,,,,,,
Chance Williams,RB,UNCCHARLOTTE,CIT,,7.35,,,,,,0.3,38,10,0.04,8,1.35,0.16,,7.99,7.315,7.99,7.99,,,,,,,,,,,,
Jamar Curtis,RB,SACST,MSVL,,7.33,,,,,,0.33,35.41,8,0.04,5.67,0.99,1.09,,7.318,6.823,7.318,7.318,,,,,,,,,,,,
Braylen Russell,RB,ARKANSAS,NORTAL,,7.29,,,,,,0.38,9.835,3.31,0.01,6.1,1.08,0.65,,5.0135,4.4735,5.0135,5.0135,,,,,,,,,,,,
Dante Dowdell,RB,GEORGIA,TENNST,,7.29,,,,,,0.41,43,5,0.01,3,0.86,0.25,,7.98,7.55,7.98,7.98,,,,,,,,,,,,
Duke Clark,RB,FLA,FLAATL,,8.332857143,,,,,,0.35,37.51857143,7.633333333,0.09,6.71,1.27,0.5,,8.332857143,7.697857143,8.332857143,8.332857143,,,,,,,,,,,,
Boogie Woods III,RB,KENNESAWSTATE,WESTGA,,7.21,,,,,,0.24,31.98,7,0.1,7.97,1.06,0.37,,7.095,6.565,7.095,7.095,,,,,,,,,,,,
Isaiah Mozee,RB,NEB,OHIO,,7.21,,,,,,0.19,33.23,8,0.03,13.58,1.79,0.5,,7.791,6.896,7.791,7.791,,,,,,,,,,,,
TJ Washington Jr.,RB,NMEXST,MERCYH,,7.21,,,,,,0.32,26.29,6,0.03,11.79,1.33,0.24,,7.238,6.573,7.238,7.238,,,,,,,,,,,,
Jaquail Smith,RB,COLO,WEB,,7.2,,,,,,0.28,41.39,9,0.03,4.97,0.77,0.48,,7.266,6.881,7.266,7.266,,,,,,,,,,,,
Solomon Baggett,RB,ARKANSASSTATE,MEMP,,7.19,,,,,,0.3,32.99,7,0.04,9.36,1.38,0.18,,7.655,6.965,7.655,7.655,,,,,,,,,,,,
Jalen Likely,RB,JAXST,NDST,0,7.16,,,,,,0.35,37.83,7,0.01,4.72,0.58,0.08,,6.995,6.705,6.995,6.995,,,,,,,,,,,,
Jordan Washington,RB,MASSACHUSETTS,RUT,,7.11,,,,,,0.23,29.11,6,0.06,12.39,1.71,0.43,,7.6,6.745,7.6,7.6,,,,,,,,,,,,
Trequan Jones,RB,TLSA,OKST,,7.05,,,,,,0.34,39.56,7.5,0.01,3.25,0.56,0.04,,6.941,6.661,6.941,6.941,,,,,,,,,,,,
A'Marion Peterson,RB,UTSA,UTRGV,,7.03,,,,,,0.58,24.44,5,0.02,4.88,0.46,0.35,,6.992,6.762,6.992,6.992,,,,,,,,,,,,
Anthony Reagan Jr.,RB,ULL,USC,,7,,,,,,0.32,33.84,8,0.04,5.86,0.88,0.18,,7.01,6.57,7.01,7.01,,,,,,,,,,,,
Cyncir Bowers,RB,CONN,MD,,6.96,,,,,,0.32,31.09,7.3,0.06,7.29,0.86,0.3,,6.978,6.548,6.978,6.978,,,,,,,,,,,,
Viron Ellison Jr.,RB,DELAWARE,MERRIM,,6.93,,,,,,0.32,27.39,4,0.11,9.52,0.49,0.44,,6.761,6.516,6.761,6.761,,,,,,,,,,,,
Tyvonn Byars,RB,RICE,HOUCHR,,6.93,,,,,,0.33,44.87,10,0.02,2.03,0.08,0.21,,6.87,6.83,6.87,6.87,,,,,,,,,,,,
Michael Allen,RB,ECU,ALA,,6.89,,,,,,0.42,31.32,6,0.03,4.54,0.53,0.5,,6.816,6.551,6.816,6.816,,,,,,,,,,,,
Devonte Lyons,RB,FIU,USF,,6.88,,,,,,0.32,37.77,9,0.01,4.92,0.59,0.5,,6.839,6.544,6.839,6.839,,,,,,,,,,,,
Quintrevion Wisner,RB,FSU,NMEXST,0,6.8,,,,,,0.27,34.41,7,0.02,7.43,1.12,0.92,,7.044,6.484,7.044,7.044,,,,,,,,,,,,
Daune Morris,RB,TENNESSEE,FURMAN,,6.79,,,,,,0.32,38.85,10,0.02,3.91,0.65,0.56,,6.966,6.641,6.966,6.966,,,,,,,,,,,,
Trae'shawn Brown,RB,ALA,FSU,,6.75,,,,,,0.41,27.69333333,5.735,0.04,0.5,0.74,0.31,,6.259333333,5.889333333,6.259333333,6.259333333,,,,,,,,,,,,
Jariel Cobb,RB,UNCCHARLOTTE,CIT,,6.75,,,,,,0.31,36.08,1,0.08,6.45,0.15,0.26,,6.743,6.668,6.743,6.743,,,,,,,,,,,,
Brandon White,RB,KENT,SCAR,,6.72,,,,,,0.29,39.2,10,0.04,4.91,0.43,0.5,,6.821,6.606,6.821,6.821,,,,,,,,,,,,
Jamarian Samuel,RB,GEORGIASOUTHERN,CHSOU,,6.71,,,,,,0.4,33.05,4,0.01,4.4,0.54,0.42,,6.745,6.475,6.745,6.745,,,,,,,,,,,,
Kanye Udoh,RB,LIB,JMU,,6.68,,,,,,0.38,30.13,2,0.04,8.11,0.08,0.5,,6.424,6.384,6.424,6.424,,,,,,,,,,,,
Brock Townsend,RB,CMU,NM,,6.66,,,,,,0.35,29.03,2,0.16,4.05,0.28,0.5,,6.648,6.508,6.648,6.648,,,,,,,,,,,,
Rocco Conti,RB,AIRFORCE,DUQ,,7.477,,,,,,0.26,44.5,9,0.03,5.97,0.69,0.27,,7.477,7.132,7.477,7.477,,,,,,,,,,,,
Xavier Brown,RB,UVA,NOR,,6.61,,,,,,0.27,30.06,6,0.11,8.25,0.49,0.63,,6.601,6.356,6.601,6.601,,,,,,,,,,,,
Jordan Lovett,RB,TROY,SAMHOU,,6.61,,,,,,0.29,32.67,8,0.03,5.63,0.91,0.5,,6.66,6.205,6.66,6.66,,,,,,,,,,,,
Joey Mattord,RB,EMICH,SACST,0,6.59,,,,,,0.22,31.3,6,0.04,9.53,1.15,0.29,,6.793,6.218,6.793,6.793,,,,,,,,,,,,
Dominic Knicely,RB,COASTALCAROLINA,WVU,,6.56,,,,,,0.33,30.46,5.5,0.04,5.06,0.8,0.5,,6.572,6.172,6.572,6.572,,,,,,,,,,,,
CharMar Brown,RB,MIA,STNFRD,,6.54,,,,,,0.43,28.01,6,0.01,6,0.92,0.5,,6.961,6.501,6.961,6.961,,,,,,,,,,,,
Trae'von Dunbar,RB,SOUTHALABAMA,SELA,,6.52,,,,,,0.46,27.94,6,0.02,3.7,0.74,0.21,,6.784,6.414,6.784,6.784,,,,,,,,,,,,
Davion Kerr,RB,SYRACUSE,UNH,,6.5,,,,,,0.36,33,5,0.03,3,1.1,0.24,,7.04,6.49,7.04,7.04,,,,,,,,,,,,
Charles Robinson,RB,NAVY,TOWSON,,6.48,,,,,,0.4,17.01,1,0.13,11.8,0.48,0.52,,6.541,6.301,6.541,6.541,,,,,,,,,,,,
Joseph Himon II,RB,NORTHWESTERN,SDAKST,,6.47,,,,,,0.14,23.73,4,0.25,9.81,1.19,0.22,,6.884,6.289,6.884,6.884,,,,,,,,,,,,
Elijah Davis,RB,VATECH,ODU@VATECH,,6.44,,,,,,0.33,38,,0.01,5,,0.4,,6.34,6.34,6.34,6.34,,,,,,,,,,,,
Kanye Roberts,RB,APPALACHIANSTATE,MAINE,,6.43,,,,,,0.21,36,0,0.08,7,0,0.24,,6.04,6.04,6.04,6.04,,,,,,,,,,,,
JJ Garner,RB,LOUISIANALAFAYETTE,LAMAR,,6.33,,,,,,0.3,26.7,5,0.04,6.83,0.83,0.46,,6.223,5.808,6.223,6.223,,,,,,,,,,,,
Carter Vargas,RB,CAL,UCLA,,6.33,,,,,,0.23,24.76,6,0.08,9.41,0.93,0.5,,6.207,5.742,6.207,6.207,,,,,,,,,,,,
Makhilyn Young,RB,VANDY,DE@VANDY,,6.31,,,,,,0.11,17.99,8.45,0.06,17.99,2.38,0.42,,6.998,5.808,6.998,6.998,,,,,,,,,,,,
Jay Harris,RB,KANSASSTATE,NICH,,6.29,,,,,,0.36,24.2,5,0.04,7.46,0.69,0.45,,6.256,5.911,6.256,6.256,,,,,,,,,,,,
D'Andre Hardeman Jr.,RB,RICE,HOUCHR,,6.29,,,,,,0.3,37.63,10,0.03,3.28,0.11,0.24,,6.181,6.126,6.181,6.181,,,,,,,,,,,,
Javian Mallory,RB,MIA,FLAAM,,6.25,,,,,,0.36,35.25,7.1,0.01,1.88,0.26,0.48,,6.193,6.063,6.193,6.193,,,,,,,,,,,,
Derrick Jameson,RB,UTAHSTATE,BOISE,,6.17,,,,,,0.26,28.34,5,0.06,7.13,0.69,0.33,,6.157,5.812,6.157,6.157,,,,,,,,,,,,
Ahmad Miller,RB,SYRACUSE,UNH,,6.13,,,,,,0.34,38.70333333,8,0.01,1.54,0.3,0.66,,6.424333333,6.274333333,6.424333333,6.424333333,,,,,,,,,,,,
Girard Pringle Jr.,RB,MIA,MIAMI@STNFRD,,6.13,,,,,,0.29,19.01,0,0.11,8,1,0.5,,6.101,5.601,6.101,6.101,,,,,,,,,,,,
Landen Chambers,RB,CENTRALFLORIDA,BC,,6.12,,,,,,0.29,35.63,6,0.03,3.61,0.53,0.15,,6.374,6.109,6.374,6.374,,,,,,,,,,,,
Lolo Mataele,RB,WESTERNMICHIGAN,MONM,,6.09,,,,,,0.35,29.44,6,0.01,1.96,0.74,0.28,,6.04,5.67,6.04,6.04,,,,,,,,,,,,
Brian Bonner Jr.,RB,WASH,USU,,6.05,,,,,,0.29,33.02,7,0.01,3.94,0.47,0.32,,5.966,5.731,5.966,5.966,,,,,,,,,,,,
Antonio Harris,RB,PURDUE,INST,,6.04,,,,,,0.32,21.88,2,0.04,10.62,0.51,0.33,,5.92,5.665,5.92,5.92,,,,,,,,,,,,
Andrew Burnette,RB,LT,BAY,,6.01,,,,,,0.41,31.52,6.6,0.06,0.69,0.21,0.23,,6.251,6.146,6.251,6.251,,,,,,,,,,,,
Ashten Emory,RB,CAL,UCLA,,9.0755,,,,,,0.29,56.395,4,0.02,6.36,0.94,0.5,,9.0755,8.6055,9.0755,9.0755,,,,,,,,,,,,
Jabree Coleman,RB,SCAR,ALA,,5.94,,,,,,0.28,24.23,4.3,0.03,6.04,1.01,0.16,,5.897,5.392,5.897,5.897,,,,,,,,,,,,
Gavin Sawchuk,RB,NORTHWESTERN,SDAKST,,5.93,,,,,,0.25,32.84,8.5,0.03,5.74,0.55,0.39,,6.088,5.813,6.088,6.088,,,,,,,,,,,,
Tylik Hill,RB,SYR,CAL,,5.93,,,,,,0.21,34.63,3,0.03,5.73,0.47,0.44,,5.946,5.711,5.946,5.946,,,,,,,,,,,,
Terrence Brown,RB,MIDDLETENNST,KU,,5.93,,,,,,0.18,18.34,4,0.08,9.38,1.61,0.26,,5.942,5.137,5.942,5.942,,,,,,,,,,,,
Sedrick Irvin,RB,STNFRD,HAWAII,0,5.88,,,,,,0.21,31.05,8,0.02,6.45,1.15,0.28,,6.28,5.705,6.28,6.28,,,,,,,,,,,,
Jaivian Thomas,RB,UCLA,CAL,,5.83,,,,,,0.32,29.91,7,0.03,3.34,0.42,0.5,,5.845,5.635,5.845,5.845,,,,,,,,,,,,
Messiah Burch,RB,BUFFALO,ALBANY,,7.81325,,,,,,0.22,48.4925,9,0.02,4.84,1.04,0.23,,7.81325,7.29325,7.81325,7.81325,,,,,,,,,,,,
Carson Smith,RB,ARMY,BRYANT,,5.8,,,,,,0.29,39,8.29,0,0.23,0.05,0.09,,5.713,5.688,5.713,5.713,,,,,,,,,,,,
Jaylon Glover,RB,UNLV,MEMP,0,5.75,,,,,,0.22,23.4025,5,0.03,5.97,0.76,0.16,,5.19725,4.81725,5.19725,5.19725,,,,,,,,,,,,
Isaiah Ene,RB,SACST,FRES,,5.75,,,,,,0.4,30.46,7,0.11,0.9,0.15,0.51,,6.346,6.271,6.346,6.346,,,,,,,,,,,,
Xai'Shaun Edwards,RB,MISSOURI,ARKPB,,5.66,,,,,,0.26,35.36,7,0.01,2.06,0.34,0.29,,5.702,5.532,5.702,5.702,,,,,,,,,,,,
Makhi Frazier,RB,MISS,LOU,,5.66,,,,,,0.28,26.93,7,0.01,4.38,0.91,0.5,,5.781,5.326,5.781,5.781,,,,,,,,,,,,
Jayden Jackson,RB,IOWASTATE,SEMO,,5.65,,,,,,0.32,30.65,7,0.02,2.72,0.25,0.34,,5.627,5.502,5.627,5.627,,,,,,,,,,,,
Jonaz Walton,RB,NOTREDAME,WISC,,5.65,,,,,,0.37,30.43,4.5,0.01,1.57,0.08,0.22,,5.56,5.52,5.56,5.56,,,,,,,,,,,,
Stacy Gage,RB,LSU,TEXAM,,5.64,,,,,,0.29,25.13,5.2,0.01,4.64,0.8,0.44,,5.577,5.177,5.577,5.577,,,,,,,,,,,,
Terrance Gibbs,RB,GEORGIASOUTHERN,CHSOU,,5.63,,,,,,0.38,20.86,4,0.01,7.12,0.51,0.41,,5.648,5.393,5.648,5.648,,,,,,,,,,,,
Malachi Hosley,RB,GT,CU,,5.62,,,,,,0.26,27.87,5,0.04,5.58,0.66,0.66,,5.805,5.475,5.805,5.805,,,,,,,,,,,,
Daelen Alexander,RB,CCAR,WVU,,6.404,,,,,,0.36,34.64,8,0.13,,,0.5,,6.404,6.404,6.404,6.404,,,,,,,,,,,,
Xavier Williams,RB,IOWA,NIU,,5.57,,,,,,0.35,23.64,4,0.07,4.05,0.32,0.62,,5.609,5.449,5.609,5.609,,,,,,,,,,,,
Bo MacCormack III,RB,BC,CIN,,5.53,,,,,,0.24,25.68,6,0.07,4.91,0.59,0.5,,5.509,5.214,5.509,5.509,,,,,,,,,,,,
Jayden Clerveaux,RB,CMU,COLG,,5.53,,,,,,0.15,38.66,7,0.01,2.71,0.3,0.17,,5.397,5.247,5.397,5.397,,,,,,,,,,,,
Quinton Martin Jr.,RB,PSU,MARSH,,5.52,,,,,,0.23,33.64,6.5,0.01,2.47,0.69,0.5,,5.741,5.396,5.741,5.741,,,,,,,,,,,,
Le'Kamren Meadows,RB,WESTERNKENTUCKY,NEVADA,,5.51,,,,,,0.2,25.74,5,0.06,5.92,0.86,0.27,,5.586,5.156,5.586,5.586,,,,,,,,,,,,
Cam Settles,RB,ARKANSAS,NORTAL,,6.524888889,,,,,,0.21,27.05888889,7,0.02,8.09,1.63,0.36,,6.524888889,5.709888889,6.524888889,6.524888889,,,,,,,,,,,,
Javin Gordon,RB,TENNESSEE,FURMAN,,5.5,,,,,,0.23,26.65,7,0.03,8.14,0.41,0.44,,5.449,5.244,5.449,5.449,,,,,,,,,,,,
Quinten Joyner,RB,TEXASTECH,ABICHR,,5.5,,,,,,0.28,28.37,6,0.04,4.38,0.55,0.71,,5.745,5.47,5.745,5.745,,,,,,,,,,,,
Kemper Hodges,RB,AIRFORCE,NDST,,5.5,,,,,,0.34,34.25,7,0,0.11,0.01,0.26,,5.486,5.481,5.486,5.486,,,,,,,,,,,,
Julius Gillick,RB,FRESNOSTATE,SACST,,5.49,,,,,,0.34,25.16,6,0.01,4.34,0.38,0.32,,5.43,5.24,5.43,5.43,,,,,,,,,,,,
Khristian Lando,RB,JAXST,NDST,0,5.38,,,,,,0.29,22.41,5,0.01,5.72,0.71,0.57,,5.323,4.968,5.323,5.323,,,,,,,,,,,,
Quincy Craig,RB,ARIZONA,NOARI,,5.33,,,,,,0.14,19.58,4,0.06,11.84,1.35,0.88,,5.692,5.017,5.692,5.692,,,,,,,,,,,,
Elijah Porter,RB,NIU,IOWA,,5.25,,,,,,0.21,19.05,4,0.06,6.13,1.23,0.5,,5.368,4.753,5.368,5.368,,,,,,,,,,,,
Justus Savage,RB,JAXST,NDST,0,5.2,,,,,,0.29,24.01,0,0.01,7,0,0.19,,4.901,4.901,4.901,4.901,,,,,,,,,,,,
Zylan Perry,RB,CIN,BC,,5.18,,,,,,0.16,29.51,1,0.04,6.4,0.11,0.5,,4.901,4.846,4.901,4.901,,,,,,,,,,,,
Maurice Turner,RB,TULN,DUKE,,5.12,,,,,,0.17,19.95,4,0.05,10.46,0.79,0.58,,5.151,4.756,5.151,5.151,,,,,,,,,,,,
Jamarice Wilder,RB,SOUTHERNMISS,ALC,,5.05,,,,,,0.24,26.39,6,0.01,3.12,0.58,0.29,,5.031,4.741,5.031,5.031,,,,,,,,,,,,
Clay Thevenin,RB,RUTG,MASS,,5.03,,,,,,0.17,26.13,6,0.01,6.86,0.59,0.5,,4.969,4.674,4.969,4.969,,,,,,,,,,,,
Solomon Beebe,RB,UVA,NCST,0,5.01,,,,,,0.41,0,0,0.05,10,1.25,0.46,,5.01,4.385,5.01,5.01,,,,,,,,,,,,
Jake Rendina,RB,ARMY,BRYANT,,5,,,,,,0.3,31.23,4,0.01,0.51,0,0.19,,5.034,5.034,5.034,5.034,,,,,,,,,,,,
Bryson Washington,RB,AUB,BAY,,5,,,,,,0.22,30.86,5.5,0.01,2.29,0.32,0.5,,5.015,4.855,5.015,5.015,,,,,,,,,,,,
Chris Johnson Jr.,RB,CLEM,LSU,,4.96,,,,,,0.24,22.34,5,0.03,6.58,0.56,0.46,,5.072,4.792,5.072,5.072,,,,,,,,,,,,
Derrick McFall,RB,SMU,FSU,,4.93,,,,,,0.13,11.73,2,0.16,13.23,0.8,0.5,,5.036,4.636,5.036,5.036,,,,,,,,,,,,
Mason King,RB,KENT,SCAR,,4.88,,,,,,0.15,31.99,9,0.01,3.09,0.41,0.5,,4.878,4.673,4.878,4.878,,,,,,,,,,,,
Ezell Jolly,RB,ARKANSASSTATE,WESTGA,,4.76,,,,,,0.17,18.23,4.3,0.03,5.59,1.17,0.22,,4.752,4.167,4.752,4.752,,,,,,,,,,,,
Bryson Kuzdzal,RB,MICH,WESTMI,,4.76,,,,,,0.26,25.21,3,0.01,3.17,0.27,0.5,,4.728,4.593,4.728,4.728,,,,,,,,,,,,
Nakai Amachree,RB,BOWLINGGREEN,TARLST,,4.72,,,,,,0.19,21.12,7,0.03,6.69,0.69,0.2,,4.791,4.446,4.791,4.791,,,,,,,,,,,,
James McNeil Jr.,RB,BUFFALO,ALBANY,,4.66,,,,,,0.21,23.27,7,0.01,6.24,0.43,0.25,,4.701,4.486,4.701,4.701,,,,,,,,,,,,
Ja'Quez Cross,RB,ARKANSASSTATE,APP,,4.58,,,,,,0.17,23.8,5,0.01,5.12,0.68,0.29,,4.652,4.312,4.652,4.652,,,,,,,,,,,,
Sawyer Seidl,RB,WAKE,AKR,,4.55,,,,,,0.13,27.99,5,0.03,7,0.7,0.18,,5.159,4.809,5.159,5.159,,,,,,,,,,,,
TJ Lester,RB,MRSH,MIDDTN,,4.54,,,,,,0.18,19.02,4.5,0.04,6.46,0.57,0.5,,4.438,4.153,4.438,4.438,,,,,,,,,,,,
Jon Denman,RB,TCU,UNC,,4.54,,,,,,0.29,21.17,5,0.01,3.57,0.4,0.48,,4.674,4.474,4.674,4.674,,,,,,,,,,,,
Lamar Sperling,RB,UTEP,OKLA,,4.5,,,,,,0.17,22.1,3,0.04,6.06,0.23,0.5,,4.306,4.191,4.306,4.306,,,,,,,,,,,,
Dallan Hayden,RB,MEMP,UNLV,0,4.48,,,,,,0.14,30.09,2,0.02,2.76,0.13,0.78,,4.375,4.31,4.375,4.375,,,,,,,,,,,,
Omar Mabson II,RB,AUB,BAY,,4.43,,,,,,0.21,23.37,4,0.03,4.78,0.15,0.5,,4.405,4.33,4.405,4.405,,,,,,,,,,,,
Seth Cromwell,RB,JMU,LIB,,4.39,,,,,,0.28,22.09,4,0.03,1.58,0.27,0.5,,4.497,4.362,4.497,4.497,,,,,,,,,,,,
Daniel Bray,RB,UTAH,IDAHO,,4.39,,,,,,0.11,21.23,3,0.04,5.63,0.81,0.77,,4.396,3.991,4.396,4.396,,,,,,,,,,,,
Hunter Smith,RB,TEMPLE,URI,,4.38,,,,,,0.22,23.83,1,0.01,3.98,0.08,0.33,,4.241,4.201,4.241,4.241,,,,,,,,,,,,
DJ Taylor,RB,MIDDLETENNST,MUR,,4.37,,,,,,0.23,24.2,2,0.01,3.01,0.17,0.28,,4.331,4.246,4.331,4.331,,,,,,,,,,,,
A.J. Turner,RB,MINNESOTA,EASTIL,,4.34,,,,,,0.17,28.99,0,0.01,2,0,0.13,,4.179,4.179,4.179,4.179,,,,,,,,,,,,
Kaden Shields-Dutton,RB,FAU,FLA,,4.33,,,,,,0.2,15.39,3,0.04,5.66,0.81,0.52,,4.355,3.95,4.355,4.355,,,,,,,,,,,,
Amari Latimer II,RB,WVU,COASTC,,4.33,,,,,,0.19,20.27,4,0.03,5.51,0.65,0.5,,4.548,4.223,4.548,4.548,,,,,,,,,,,,
Evan Pryor,RB,FLA,FLAATL,,4.22,,,,,,0.16,14.76,4,0.08,7.75,0.86,0.5,,4.551,4.121,4.551,4.551,,,,,,,,,,,,
Breezy Dubar,RB,MOST,MOST@SMU,,4.21,,,,,,0.15,24,,0.02,4,,0.17,,3.82,3.82,3.82,3.82,,,,,,,,,,,,
Jordan Anderson,RB,ILL,UAB,,4.16,,,,,,0.18,8.54,2,0.12,16.67,0.27,0.33,,4.591,4.456,4.591,4.591,,,,,,,,,,,,
Terrell Washington Jr.,RB,NMEXST,FSU,0,4.14,,,,,,0.15,16.99,0,0.07,8,1,0.14,,4.819,4.319,4.819,4.819,,,,,,,,,,,,
Maurki James,RB,OLDDOMINION,NOR,,4.14,,,,,,0.19,20.57,4,0.02,4.23,0.46,0.4,,4.2,3.97,4.2,4.2,,,,,,,,,,,,
Corey Smith,RB,TOLEDO,MSU,,4.13,,,,,,0.27,18.37,2,0.01,4.02,0.11,0.31,,4.029,3.974,4.029,4.029,,,,,,,,,,,,
Justin Williams-Thomas,RB,MASSACHUSETTS,RUT,,4.1,,,,,,0.11,19.68,1,0.04,9.84,0.08,0.55,,3.932,3.892,3.932,3.932,,,,,,,,,,,,
Tre Page III,RB,OKST,TLSA,,4.08,,,,,,0.18,24.98,5,0.01,1.77,0.17,0.5,,3.985,3.9,3.985,3.985,,,,,,,,,,,,
Josiah Lucas,RB,SANDIEGOSTATE,TXST,,4.05,,,,,,0.17,25.87,6.1,0.02,0.08,0.33,0.19,,4.065,3.9,4.065,4.065,,,,,,,,,,,,
Harry Dalton III,RB,MARYLAND,HAMP,,4.04,,,,,,0.27,18.01,8,0.01,4,0.74,0.32,,4.621,4.251,4.621,4.621,,,,,,,,,,,,
Sterling Joseph,RB,FIU,USF,,4.04,,,,,,0.17,17.59,4,0.01,3.35,0.84,0.21,,4.014,3.594,4.014,4.014,,,,,,,,,,,,
Bryan Jackson II,RB,WIS,ND,,4.02,,,,,,0.26,20.27,5,0.01,2.09,0.29,0.5,,4.146,4.001,4.146,4.146,,,,,,,,,,,,
Steve Chavez-Soto,RB,UTAH,IDAHO,,4,,,,,,0.2,21.52,4,0.03,3,0.27,0.25,,4.102,3.967,4.102,4.102,,,,,,,,,,,,
Marquis Gillis,RB,ARIZONASTATE,MORGST,,3.98,,,,,,0.18,20.84,4,0.01,2.74,0.46,0.37,,3.958,3.728,3.958,3.958,,,,,,,,,,,,
Kenny Thomas,RB,LOUISIANATECH,NWST,,3.96,,,,,,0.21,23.99,7,0.01,2,0.51,0.42,,4.429,4.174,4.429,4.429,,,,,,,,,,,,
Jaden Allen-Hendrix,RB,CCAR,WVU,,3.95,,,,,,0.15,15.52,3,0.03,7.88,0.52,0.27,,3.94,3.68,3.94,3.94,,,,,,,,,,,,
Dwight Phillips Jr.,RB,UGA,TENNST,,3.95,,,,,,0.14,31.0575,4,0.01,1.5,0.32,0.5,,4.47575,4.31575,4.47575,4.47575,,,,,,,,,,,,
Donovan Delaney Jr.,RB,KENT,SCAR,,4.68,,,,,,0.24,24.6,6,0.13,,,0.5,,4.68,4.68,4.68,4.68,,,,,,,,,,,,
Zach Mundell,RB,ARMY,USF,,3.9,,,,,,0.11,14.09,2,0.08,7.33,0.61,0.22,,3.892,3.587,3.892,3.892,,,,,,,,,,,,
Peyton Lewis,RB,UVA,NCST,,3.9,,,,,,0.32,14.3,2,0.01,2.85,0.26,0.41,,3.955,3.825,3.955,3.955,,,,,,,,,,,,
Jaylen Jenkins,RB,TXST,TEX,,3.89,,,,,,0.17,19.02,4,0.01,4.36,0.64,0.5,,4.058,3.738,4.058,4.058,,,,,,,,,,,,
Cincere Rhaney,RB,SACST,MSVL,,3.88,,,,,,0.27,16.99,1,0.02,3,0.02,0.06,,3.759,3.749,3.759,3.759,,,,,,,,,,,,
Ayo Adeyi,RB,OKST,TLSA,,3.88,,,,,,0.15,24.93,5,0.01,1.52,0.21,0.5,,3.815,3.71,3.815,3.815,,,,,,,,,,,,
Xay Davis,RB,UVA,,,3.87,,,,,,0.34,18.5,,0,,,0.34,,3.89,3.89,3.89,3.89,,,,,,,,,,,,
Jerrick Gibson,RB,PURDUE,INST,,3.87,,,,,,0.2,17.71,3,0.02,3.7,0.56,0.24,,4.021,3.741,4.021,4.021,,,,,,,,,,,,
DJ Butler,RB,HOU,ORST,,3.85,,,,,,0.12,24.09,2,0.01,3.94,0.29,0.19,,3.873,3.728,3.873,3.873,,,,,,,,,,,,
Sesi Vailahi,RB,UTAHSTATE,IDAST,,3.85,,,,,,0.17,18.39,1,0.04,5.31,0.08,0.43,,3.71,3.67,3.71,3.71,,,,,,,,,,,,
Triston Morgan,RB,KENNESAWSTATE,WESTGA,,3.81,,,,,,0.17,22.96,4,0.04,1.52,0.2,0.39,,3.908,3.808,3.908,3.908,,,,,,,,,,,,
Xavier Robinson,RB,OKLA,UTEP,,3.8,,,,,,0.14,17.7,4,0.03,3.81,0.64,1,,3.811,3.491,3.811,3.811,,,,,,,,,,,,
Trey Hall,RB,OLDDOMINION,NOR,,3.79,,,,,,0.17,19.78,4,0.03,3.94,0.29,0.26,,3.862,3.717,3.862,3.862,,,,,,,,,,,,
Kolin Wilson,RB,MSST,ULMON,,3.77,,,,,,0.13,18.02,4.5,0.04,4.41,0.64,0.23,,3.903,3.583,3.903,3.903,,,,,,,,,,,,
Preston Rex,RB,BYU,UTAHTE,,3.77,,,,,,0.17,12.82,3,0,6.92,0.77,0.04,,3.764,3.379,3.764,3.764,,,,,,,,,,,,
Marquise Davis,RB,LOU,MISS,,3.71,,,,,,0.23,19.73,3,0.04,1.13,0.2,0.16,,3.906,3.806,3.906,3.906,,,,,,,,,,,,
Jawarn Howell,RB,SCAR,KENT,,3.68,,,,,,0.22,17.81,2,0.01,3.18,0.35,0.5,,3.829,3.654,3.829,3.829,,,,,,,,,,,,
Trelain Maddox,RB,GT,TENN,,3.67,,,,,,0.15,18.71,4,0.01,2.81,0.6,0.5,,3.712,3.412,3.712,3.712,,,,,,,,,,,,
Ke'Marion Baldwin,RB,BOWLINGGREEN,TARLST,,3.66,,,,,,0.14,19.17,4,0.03,3.8,0.42,0.52,,3.737,3.527,3.737,3.737,,,,,,,,,,,,
Jalen Dupree,RB,KANSAS,LIU,,3.66,,,,,,0.23,17.61,4,0.01,1.85,0.27,0.06,,3.656,3.521,3.656,3.656,,,,,,,,,,,,
CJ Phillip,RB,LOUISIANAMONROE,FLAATL,,3.63,,,,,,0.15,14.27,3.5,0.04,5.24,0.46,0.12,,3.551,3.321,3.551,3.551,,,,,,,,,,,,
Ja'Vin Simpkins,RB,UAB,ILL,,3.62,,,,,,0.1,15.5,3,0.03,5.54,0.69,0.29,,3.574,3.229,3.574,3.574,,,,,,,,,,,,
Marvis Parrish,RB,MSU,TOL,,3.58,,,,,,0.13,15.95,4,0.01,3.81,0.78,0.5,,3.596,3.206,3.596,3.596,,,,,,,,,,,,
Isaiah Bryant,RB,NAVY,TOWSON,,3.57,,,,,,0.27,11.29,2,0.03,3.69,0.53,0.38,,3.828,3.563,3.828,3.828,,,,,,,,,,,,
Savion Hart,RB,GEORGIASTATE,NCAT,,3.57,,,,,,0.21,11.99,1,0.03,5.53,0.24,0.77,,3.432,3.312,3.432,3.432,,,,,,,,,,,,
Hunter Hopperton,RB,KENT,BALLST@KENTST,,3.55,,,,,,0.03,3,0,0.08,12.07,1.94,0.03,,4.107,3.137,4.107,4.107,,,,,,,,,,,,
Isaiah West,RB,OSU,BALLST,,3.55,,,,,,0.14,18.13,3.5,0.01,4.06,0.53,0.5,,3.649,3.384,3.649,3.649,,,,,,,,,,,,
Nick Osho,RB,UNT,NTEXAS@IND,,3.51,,,,,,0.18,19.2,5,0.01,1.62,0.21,0.5,,3.432,3.327,3.432,3.432,,,,,,,,,,,,
Sitani Mikaele,RB,HAWAII,NMEXST,,3.48,,,,,,0.14,12.54,3,0.04,5.62,0.6,0.16,,3.496,3.196,3.496,3.496,,,,,,,,,,,,
Michael Turner,RB,BAY,AUB,,3.47,,,,,,0.19,18.26,4,0.01,2.13,0.29,0.5,,3.529,3.384,3.529,3.529,,,,,,,,,,,,
Nyeoti Punni,RB,NDST,FORD,,3.42,,,,,,0.2,19.69,4,0.01,1.15,0.15,0.47,,3.494,3.419,3.494,3.494,,,,,,,,,,,,
Cam Wallace,RB,PSU,WISC,,3.38,,,,,,0.2,14.34,3.5,0.01,2.74,0.47,0.29,,3.438,3.203,3.438,3.438,,,,,,,,,,,,
Cedric Kouemi,RB,JAXST,EASTKY,,3.38,,,,,,0.17,18.23,4,0,2.13,0.28,0.05,,3.336,3.196,3.336,3.336,,,,,,,,,,,,
AC Walters,RB,TROY,SAMST@TROY,,3.37,,,,,,0.2,15,,0.03,3,,0.23,,3.18,3.18,3.18,3.18,,,,,,,,,,,,
Nino Hill,RB,BUFF,WESTMI,,3.36,,,,,,0.2,15.6,4.5,0.01,2.34,0.31,0.21,,3.364,3.209,3.364,3.364,,,,,,,,,,,,
Brandon Tullis,RB,MSU,TOL,,3.35,,,,,,0.14,15.06,2,0.02,4.55,0.45,0.5,,3.371,3.146,3.371,3.371,,,,,,,,,,,,
Jovantae Barnes,RB,KENTUCKY,YSU,,3.31,,,,,,0.13,14.77,3,0.02,4.84,0.53,0.46,,3.391,3.126,3.391,3.391,,,,,,,,,,,,
Bill Davis,RB,VIRGINIATECH,VMI,,3.29,,,,,,0.15,18.88,4,0.01,2.33,0.29,0.2,,3.371,3.226,3.371,3.371,,,,,,,,,,,,
L.J. Phillips Jr.,RB,IOWA,NIU,,3.24,,,,,,0.19,15.25,2,0.02,3.51,0.17,0.85,,3.306,3.221,3.306,3.306,,,,,,,,,,,,
Rashad Robinson,RB,UAB,,,7.05,,,,,,0.41,37.5,,0.14,,,0.54,,7.05,7.05,7.05,7.05,,,,,,,,,,,,
Gage LaDue,RB,AIRFORCE,DUQ,,3.23,,,,,,0.17,19.99,8,0.01,0.99,0.02,0.36,,3.198,3.188,3.198,3.198,,,,,,,,,,,,
Judah Price,RB,MRSHL,MRSHL@PSU,,3.23,,,,,,0.14,19.99,0,0.03,2,0,0.09,,3.219,3.219,3.219,3.219,,,,,,,,,,,,
Treyaun Webb,RB,APPALACHIANSTATE,MAINE,,3.21,,,,,,0.23,14,0,0,3,0,0.22,,3.08,3.08,3.08,3.08,,,,,,,,,,,,
Jaylen McGill,RB,UNC,EASTTN,,3.2,,,,,,0.14,18.4,4,0.01,2.8,0.27,0.4,,3.29,3.155,3.29,3.29,,,,,,,,,,,,
Jayden Ford,RB,FIU,FIU@SFLA,,3.15,,,,,,0.17,16.99,,0.01,3,,0.18,,3.079,3.079,3.079,3.079,,,,,,,,,,,,
Keith Adams,RB,GEORGIASTATE,NCAT,,3.15,,,,,,0.21,18.91,4,0,,,0.21,,3.151,3.151,3.151,3.151,,,,,,,,,,,,
Wesley Yarbrough,RB,ARIZONA,NOARI,,3.15,,,,,,0.21,18.91,4,0,,,0.21,,3.151,3.151,3.151,3.151,,,,,,,,,,,,
KJ Edwards,RB,TXAM,ASU,,3.09,,,,,,0.11,20.16,4,0.01,1.13,0.23,0.12,,3.079,2.964,3.079,3.079,,,,,,,,,,,,
D.J. McKinney,RB,TLSA,OKST,,3.06,,,,,,0.1,13.98,3,0.01,3.83,0.58,0.5,,3.021,2.731,3.021,3.021,,,,,,,,,,,,
Dylone Brooks,RB,LOUISIANATECH,NWST,,3.06,,,,,,0.21,13.41,3,0.01,1.71,0.28,0.73,,3.112,2.972,3.112,3.112,,,,,,,,,,,,
Stroman Bridges,RB,ARMY,BRYANT,,3.03,,,,,,0.04,9.76,2,0.08,7.22,0.59,0.12,,3.008,2.713,3.008,3.008,,,,,,,,,,,,
Malachi James,RB,EMICH,SJST,,3.02,,,,,,0.2,18.35,4,0,,,0.2,,3.035,3.035,3.035,3.035,,,,,,,,,,,,
Terrell Mitchell,RB,RUTG,,,3,,,,,,0.38,,,0.13,,,0.5,,3.06,3.06,3.06,3.06,,,,,,,,,,,,
Javari Barnett,RB,ILL,,,3,,,,,,0.38,,,0.13,,,0.5,,3.06,3.06,3.06,3.06,,,,,,,,,,,,
Shahn Alston,RB,USC,,,5.01,,,,,,0.38,19.5,,0.13,,,0.5,,5.01,5.01,5.01,5.01,,,,,,,,,,,,
Jayreon Campbell,RB,IND,,,3,,,,,,0.38,,,0.13,,,0.5,,3.06,3.06,3.06,3.06,,,,,,,,,,,,
Sean Cuono,RB,IND,,,3,,,,,,0.38,,,0.13,,,0.5,,3.06,3.06,3.06,3.06,,,,,,,,,,,,
Kayden Luke,FB,WVU,,,3,,,,,,0.38,,,0.13,,,0.5,,,,,,,,,,,,,,,,,
Legend Bey,RB,OSU,TEX,,3,,,,,,0.38,0,0,0.13,0,0,0.5,,3.06,3.06,3.06,3.06,,,,,,,,,,,,
Isaiah Augustave,RB,SCAR,,,3,,,,,,0.38,,,0.13,,,0.5,,3.06,3.06,3.06,3.06,,,,,,,,,,,,
Neil Salvage III,RB,SCAR,,,3,,,,,,0.38,,,0.13,,,0.5,,3.06,3.06,3.06,3.06,,,,,,,,,,,,
Tradarian Ball,RB,ORE,,,3,,,,,,0.38,,,0.13,,,0.5,,3.06,3.06,3.06,3.06,,,,,,,,,,,,
Brandon Smith,RB,ORE,,,5.01,,,,,,0.38,19.5,,0.13,,,0.5,,5.01,5.01,5.01,5.01,,,,,,,,,,,,
Malichi Greaves,RB,CSU,,,3,,,,,,0.38,,,0.13,,,0.5,,3.06,3.06,3.06,3.06,,,,,,,,,,,,
Jaden McGill,RB,WKU,,,3,,,,,,0.38,,,0.13,,,0.5,,3.06,3.06,3.06,3.06,,,,,,,,,,,,
Bam McReynolds,RB,UAB,,,6.01,,,,,,0.38,29.5,,0.13,,,0.5,,6.01,6.01,6.01,6.01,,,,,,,,,,,,
Jakorion Caffey,RB,KENT,SCAR,,2.96,,,,,,0.14,16.84,5,0.01,1.44,0.29,0.5,,3.018,2.873,3.018,3.018,,,,,,,,,,,,
Viliami Teu,RB,SJST,USC,0,2.93,,,,,,0.17,15.81,3,0.01,1.39,0.14,0.12,,2.94,2.87,2.94,2.94,,,,,,,,,,,,
Harlem Berry,RB,LSU,CLEM,,2.91,,,,,,0.17,16.23,3,0.01,1.08,0.11,0.5,,2.921,2.866,2.921,2.921,,,,,,,,,,,,
Kaderris Roberts,RB,DELAWARE,MERRIM,,2.88,,,,,,0.1,12.48,3,0.03,5.2,0.41,0.08,,2.958,2.753,2.958,2.958,,,,,,,,,,,,
JT Lindsey,RB,MISSISSIPPI,CHAR,,2.88,,,,,,0.14,14.98,4,0.01,2.27,0.38,0.35,,3.005,2.815,3.005,3.005,,,,,,,,,,,,
Zion Johnson,RB,CIN,BC,,2.8,,,,,,0.13,14.81,2,0.01,2.1,0.29,0.5,,2.821,2.676,2.821,2.821,,,,,,,,,,,,
Noah Vaughn,RB,UVA,WVU@UVA,,2.79,,,,,,0.15,16,,0.01,2,,0.17,,2.76,2.76,2.76,2.76,,,,,,,,,,,,
Cole Cabana,RB,WMU,MICH,,2.75,,,,,,0.18,11.26,2,0.03,1.81,0.18,0.14,,2.747,2.657,2.747,2.747,,,,,,,,,,,,
Alvon Isaac,RB,SOUTHFLORIDA,FIU,,2.74,,,,,,0.17,13.44,1,0.01,2.45,0.13,0.68,,2.799,2.734,2.799,2.799,,,,,,,,,,,,
Kory Amachree,RB,KANSAS,LIU,,2.71,,,,,,0.14,14,2,0.01,3,0.09,0.11,,2.69,2.645,2.69,2.69,,,,,,,,,,,,
Ky Woods,RB,NEVADA,WESTKY,,2.67,,,,,,0.04,10.73,2,0.04,4.55,0.71,0.09,,2.718,2.363,2.718,2.718,,,,,,,,,,,,
Riley Wormley,RB,USC,FRES,,2.65,,,,,,0.15,12.38,3,0.01,1.42,0.21,0.5,,2.55,2.445,2.55,2.55,,,,,,,,,,,,
J'Marion Burnette,RB,APPALACHIANSTATE,MAINE,,2.62,,,,,,0.14,13.48,3,0,2.33,0.23,0.14,,2.651,2.536,2.651,2.651,,,,,,,,,,,,
Taeo Todd,RB,GASO,HOU,,2.6,,,,,,0.13,12.05,3,0.01,3.17,0.3,0.11,,2.662,2.512,2.662,2.662,,,,,,,,,,,,
Dijon Stanley,RB,NMEXST,FSU,0,2.55,,,,,,0.08,13.09,3,0.01,3,0.36,0.27,,2.509,2.329,2.509,2.509,,,,,,,,,,,,
Jamezell Lassiter,RB,VANDERBILT,APSU,,2.51,,,,,,0.11,12.84,3,0.01,2.25,0.34,0.2,,2.569,2.399,2.569,2.569,,,,,,,,,,,,
Juelz Goff,RB,BSU,ORE,,2.49,,,,,,0.13,11.03,2,0.01,2.72,0.3,0.5,,2.515,2.365,2.515,2.515,,,,,,,,,,,,
Grant Washington,RB,MINNESOTA,EASTIL,,2.42,,,,,,0.08,9.56,2,0.01,3.71,0.49,0.09,,2.357,2.112,2.357,2.357,,,,,,,,,,,,
Chad Alexander,RB,GT,CU,,2.41,,,,,,0.15,11,2,0.01,2,0.31,0.12,,2.57,2.415,2.57,2.57,,,,,,,,,,,,
Jarvis Green,RB,CLEM,CAL,,2.38,,,,,,0.08,14.29,3.9,0.01,2.17,0.18,0.14,,2.366,2.276,2.366,2.366,,,,,,,,,,,,
Leo Pulalasi,RB,WASHST,UW,,2.36,,,,,,0.08,11.8,3,0.01,3.04,0.34,0.5,,2.364,2.194,2.364,2.364,,,,,,,,,,,,
Kalib Hicks,RB,WKU,NEVADA,,2.34,,,,,,0.14,8.71,2,0.03,2.15,0.34,0.55,,2.446,2.276,2.446,2.446,,,,,,,,,,,,
Lucas Farrington,RB,JVST,,,2.34,,,,,,0.29,,,0.1,,,0.39,,2.34,2.34,2.34,2.34,,,,,,,,,,,,
Liam Willson,RB,MD,NEB,,2.34,,,,,,0.1,15.23,4.7,0,0.81,0.11,0.1,,2.314,2.259,2.314,2.314,,,,,,,,,,,,
Richard Young,RB,COLO,GT,,2.3,,,,,,0.07,16,9,0.04,2,0.54,0.5,,3,2.73,3,3,,,,,,,,,,,,
Trav Moore,RB,CENTRALMICHIGAN,NM,,2.29,,,,,,0.13,12,6,0,2,0.06,0.12,,2.24,2.21,2.24,2.24,,,,,,,,,,,,
Cameron Mathews,RB,UNM,CMU,,2.23,,,,,,0.08,9.82,2,0.03,3.33,0.24,0.52,,2.215,2.095,2.215,2.215,,,,,,,,,,,,
Da'Jaun Riggs,RB,ORE,BOISE,,2.23,,,,,,0.08,10.63,2,0.01,2.6,0.34,0.26,,2.203,2.033,2.203,2.203,,,,,,,,,,,,
King Davis,RB,MISSOURISTATE,TEXAM,,2.19,,,,,,0.08,11.45,3,0.01,1.56,0.32,0.13,,2.161,2.001,2.161,2.161,,,,,,,,,,,,
Nathan McNeil,RB,IOWA,NIU,,2.18,,,,,,0.12,11.13,3,0.01,2.11,0.24,0.5,,2.344,2.224,2.344,2.344,,,,,,,,,,,,
Corey Reddick,RB,ARKST,KENSAW@ARKST,,2.15,,,,,,0.1,11,,0.01,3,,0.11,,2.06,2.06,2.06,2.06,,,,,,,,,,,,
Xavier Gayten,RB,MSST,ULMON,,2.11,,,,,,0.11,8.57,1,0.01,2.92,0.14,0.5,,2.009,1.939,2.009,2.009,,,,,,,,,,,,
Carsyn Baker,RB,TXAM,,,2.1,,,,,,0.26,,,0.09,,,0.35,,2.1,2.1,2.1,2.1,,,,,,,,,,,,
Bo Walker,RB,UGA,,,2.1,,,,,,0.26,,,0.09,,,0.35,,2.1,2.1,2.1,2.1,,,,,,,,,,,,
Tre Garrison,RB,ORST,,,2.1,,,,,,0.26,,,0.09,,,0.35,,2.1,2.1,2.1,2.1,,,,,,,,,,,,
Ja'shon Benjamin,RB,RUTG,MASS,,2.08,,,,,,0.1,12.19,1,0.01,1.21,0.08,0.21,,2.08,2.04,2.08,2.08,,,,,,,,,,,,
Jordan Lyle,RB,MIA,STNFRD,,2.05,,,,,,0.12,9.72,2,0.13,1.91,0.13,0.5,,2.793,2.728,2.793,2.793,,,,,,,,,,,,
Marquese Williams,RB,AKR,WAKE,,2.01,,,,,,0.1,10.14,2,0.01,2.31,0.17,0.5,,2.075,1.99,2.075,2.075,,,,,,,,,,,,
Cade Yacamelli,RB,MIAOH,PITT,,2,,,,,,0.1,10.64,2,0.01,1.47,0.08,0.5,,1.951,1.911,1.951,1.951,,,,,,,,,,,,
Darrien Jones,RB,UNLV,MEMP,0,1.99,,,,,,0.09,9.93,2,0.01,2.6,0.11,0.14,,1.963,1.908,1.963,1.963,,,,,,,,,,,,
Chase Garnett,RB,USF,,,1.98,,,,,,0.25,,,0.08,,,0.33,,1.98,1.98,1.98,1.98,,,,,,,,,,,,
Messiah Mickens,RB,VT,,,1.98,,,,,,0.25,,,0.08,,,0.33,,1.98,1.98,1.98,1.98,,,,,,,,,,,,
Hunter Barnes,RB,TENN,,,1.98,,,,,,0.25,,,0.08,,,0.33,,1.98,1.98,1.98,1.98,,,,,,,,,,,,
Noah White,RB,UTAHSTATE,IDAST,,1.96,,,,,,0.06,5.82,1,0.04,6.32,0.13,0.12,,1.944,1.879,1.944,1.944,,,,,,,,,,,,
Taji Atkins,RB,TEXASSTATE,TEX,,1.92,,,,,,0.1,9.84,1,0.01,1.49,0.14,0.11,,1.933,1.863,1.933,1.933,,,,,,,,,,,,
Tory Blaylock,RB,OKLA,UTEP,,1.92,,,,,,0.08,10.7,3,0.01,1.21,0.23,0.5,,1.961,1.846,1.961,1.961,,,,,,,,,,,,
Oliver Lundberg,RB,COLORADOSTATE,WYO,,1.9,,,,,,0.07,7.2,2,0.03,2.63,0.41,0.09,,1.993,1.788,1.993,1.993,,,,,,,,,,,,
Timothy Carter,RB,ARKANSASSTATE,WESTGA,,1.88,,,,,,0.11,7.17,2,0.01,1.71,0.28,0.25,,1.888,1.748,1.888,1.888,,,,,,,,,,,,
Ansu Sanoe,RB,WASH,MINN,,1.81,,,,,,0.15,7.06,2,0.07,0.83,0.11,0.3,,2.219,2.164,2.219,2.219,,,,,,,,,,,,
Jae Lamar,RB,UGA,,,1.8,,,,,,0.22,,,0.07,,,0.3,,1.74,1.74,1.74,1.74,,,,,,,,,,,,
Robert Briggs Jr.,RB,SOUTHERNMISS,ALC,,1.75,,,,,,0.06,9.79,2,0.01,1.71,0.28,0.44,,1.85,1.71,1.85,1.85,,,,,,,,,,,,
Justin Cook,RB,PITT,,,1.74,,,,,,0.22,,,0.07,,,0.29,,1.74,1.74,1.74,1.74,,,,,,,,,,,,
Elias Brown,RB,SACST,FRES,,1.73,,,,,,0.08,8.68,2,0.01,1.38,0.21,0.16,,1.756,1.651,1.756,1.756,,,,,,,,,,,,
Isaiah Carlson,RB,SJST,EMICH,,1.73,,,,,,0.11,9.16,2,0.01,0.34,0.08,0.37,,1.75,1.71,1.75,1.75,,,,,,,,,,,,
Joe Pitchford,RB,TCU,,,1.68,,,,,,0.21,,,0.07,,,0.28,,1.68,1.68,1.68,1.68,,,,,,,,,,,,
Jake Reichle,RB,ORST,,,1.68,,,,,,0.21,,,0.07,,,0.28,,1.68,1.68,1.68,1.68,,,,,,,,,,,,
AK Dear,RB,ALA,ECU,,1.67,,,,,,0.1,7.58,2,0,1.31,0.17,0.1,,1.659,1.574,1.659,1.659,,,,,,,,,,,,
Christian Clark,RB,SCAR,KENT,,1.65,,,,,,0.07,8.95,2,0.01,1.29,0.24,0.5,,1.744,1.624,1.744,1.744,,,,,,,,,,,,
Derrek Cooper,RB,TEX,TXST,,1.63,,,,,,0.08,8.02,2,0.01,1.02,0.18,0.5,,1.624,1.534,1.624,1.624,,,,,,,,,,,,
Autavius Ison,RB,TOL,,,1.62,,,,,,0.2,,,0.07,,,0.27,,1.62,1.62,1.62,1.62,,,,,,,,,,,,
Synkwan Smith,RB,PITT,MIAOH,,1.58,,,,,,0.04,4.42,1,0.01,3.83,0.48,0.15,,1.605,1.365,1.605,1.605,,,,,,,,,,,,
Antwan Roberts Jr.,RB,ARIZONA,NOARI,,1.57,,,,,,0.1,9.46,2,0,,,0.1,,1.546,1.546,1.546,1.546,,,,,,,,,,,,
Cedric Ross,RB,CSU,,,1.56,,,,,,0.2,,,0.07,,,0.26,,1.62,1.62,1.62,1.62,,,,,,,,,,,,
KD Daniels,RB,WAKE,AKR,,1.53,,,,,,0.07,7.99,1,0.01,1.82,0.1,0.59,,1.561,1.511,1.561,1.561,,,,,,,,,,,,
Simeon Price,RB,ORE,BOISE,,1.52,,,,,,0.08,6.39,1,0.01,1.17,0.2,0.5,,1.496,1.396,1.496,1.496,,,,,,,,,,,,
Devaughn Eka,RB,BYU,,,1.5,,,,,,0.19,,,0.06,,,0.25,,1.5,1.5,1.5,1.5,,,,,,,,,,,,
Nick Woodford,RB,CMU,,,1.5,,,,,,0.19,,,0.06,,,0.25,,1.5,1.5,1.5,1.5,,,,,,,,,,,,
Travis Wood,RB,AIRFORCE,DUQ,,1.49,,,,,,0.09,9.16,2,0,0.18,0.02,0.09,,1.494,1.484,1.494,1.494,,,,,,,,,,,,
Malae Fonoti,RB,MIZZ,,,1.44,,,,,,0.18,,,0.06,,,0.24,,1.44,1.44,1.44,1.44,,,,,,,,,,,,
Ofa Mataele,RB,WMU,,,1.44,,,,,,0.18,,,0.06,,,0.24,,1.44,1.44,1.44,1.44,,,,,,,,,,,,
Nick Peal,RB,UGA,,,1.38,,,,,,0.17,,,0.06,,,0.23,,1.38,1.38,1.38,1.38,,,,,,,,,,,,
Terrance Brown,RB,MIDDLETENNST,MUR,,1.38,,,,,,0.04,4.21,1,0.03,2.06,0.35,0.14,,1.397,1.222,1.397,1.397,,,,,,,,,,,,
Terron Kellman,RB,LIB,,,1.32,,,,,,0.17,,,0.06,,,0.22,,1.38,1.38,1.38,1.38,,,,,,,,,,,,
Barry Kpeenu,RB,NDST,,,1.32,,,,,,0.17,,,0.06,,,0.22,,1.38,1.38,1.38,1.38,,,,,,,,,,,,
Braeden Jackson,RB,IOWA,,,1.32,,,,,,0.17,,,0.06,,,0.22,,1.38,1.38,1.38,1.38,,,,,,,,,,,,
Brady Tillman III,RB,FAU,,,1.32,,,,,,0.17,,,0.06,,,0.22,,1.38,1.38,1.38,1.38,,,,,,,,,,,,
Jacob Williams,RB,NAVY,FLAATL,,1.27,,,,,,0.06,4.87,1,0.01,1.88,0.2,0.23,,1.295,1.195,1.295,1.295,,,,,,,,,,,,
Kwinten Ives,RB,NEB,OHIO,,1.27,,,,,,0.08,5.83,1,0.01,1.02,0.11,0.5,,1.335,1.28,1.335,1.335,,,,,,,,,,,,
Arnold Barnes III,RB,ISU,,,1.26,,,,,,0.16,,,0.05,,,0.21,,1.26,1.26,1.26,1.26,,,,,,,,,,,,
Irving Brown,RB,OHIO,,,1.26,,,,,,0.16,,,0.05,,,0.21,,1.26,1.26,1.26,1.26,,,,,,,,,,,,
David Eziomume,RB,CLEM,LSU,,1.23,,,,,,0.11,4.72,1,0.01,0.23,0.06,0.5,,1.275,1.245,1.275,1.275,,,,,,,,,,,,
Christian Rhodes,RB,SMU,,,1.2,,,,,,0.15,,,0.05,,,0.2,,1.2,1.2,1.2,1.2,,,,,,,,,,,,
Daniel Swinney,RB,SACST,,,1.2,,,,,,0.15,,,0.05,,,0.2,,1.2,1.2,1.2,1.2,,,,,,,,,,,,
Niko Castillo,RB,MINN,,,1.14,,,,,,0.14,,,0.05,,,0.19,,1.14,1.14,1.14,1.14,,,,,,,,,,,,
Agyeman Addae,RB,UCF,,,1.14,,,,,,0.14,,,0.05,,,0.19,,1.14,1.14,1.14,1.14,,,,,,,,,,,,
Gemari Sands,RB,FSU,,,1.14,,,,,,0.14,,,0.05,,,0.19,,1.14,1.14,1.14,1.14,,,,,,,,,,,,
Nolan Ray,RB,BC,CIN,,1.13,,,,,,0.04,3.77,1,0.01,1.42,0.27,0.49,,1.089,0.954,1.089,1.089,,,,,,,,,,,,
Martavious Boswell,RB,WVU,COASTC,,1.13,,,,,,0.04,4.58,1,0.01,2.42,0.21,0.1,,1.21,1.105,1.21,1.21,,,,,,,,,,,,
Marquise Collins,RB,UAB,ILL,,1.1,,,,,,0.06,5.17,1,0.01,0.79,0.13,0.27,,1.146,1.081,1.146,1.146,,,,,,,,,,,,
Cortez LeGrant,RB,NDST,FORD,,1.09,,,,,,0.06,5.08,1,0,0.83,0.09,0.06,,1.041,0.996,1.041,1.041,,,,,,,,,,,,
Anthony League,RB,CAL,,,1.08,,,,,,0.14,,,0.04,,,0.18,,1.08,1.08,1.08,1.08,,,,,,,,,,,,
J.J. Hill,RB,MSST,,,1.08,,,,,,0.14,,,0.04,,,0.18,,1.08,1.08,1.08,1.08,,,,,,,,,,,,
Deshaun Buchanan,RB,UNM,,,1.08,,,,,,0.14,,,0.04,,,0.18,,1.08,1.08,1.08,1.08,,,,,,,,,,,,
Kedren Young,RB,ND,RICE,,1.06,,,,,,0.06,4.41,1,0.01,1.15,0.15,0.5,,1.126,1.051,1.126,1.126,,,,,,,,,,,,
Kevin Riley,RB,ALA,ECU,,1.06,,,,,,0.04,3.69,1,0.01,2.08,0.24,0.97,,1.117,0.997,1.117,1.117,,,,,,,,,,,,
Jason Brown Jr.,RB,ARIZONASTATE,MORGST,,1.04,,,,,,0.04,4.83,1,0.01,1.63,0.14,0.2,,1.086,1.016,1.086,1.086,,,,,,,,,,,,
Landon Walker,RB,TCU,GRAM,,1.04,,,,,,0.08,4.97,1,0.01,0.46,0.1,0.18,,1.183,1.133,1.183,1.183,,,,,,,,,,,,
Nykahi Davenport,RB,AUB,BAY,,1.02,,,,,,0.07,5.2,1,0.1,0.59,0.07,0.17,,1.669,1.634,1.669,1.669,,,,,,,,,,,,
Cardae Mack,RB,ASU,,,1.02,,,,,,0.13,,,0.04,,,0.17,,1.02,1.02,1.02,1.02,,,,,,,,,,,,
Anthony Quinn Jr.,RB,MRSH,,,1.02,,,,,,0.13,,,0.04,,,0.17,,1.02,1.02,1.02,1.02,,,,,,,,,,,,
Jordin Thomas,RB,SDSU,,,1.02,,,,,,0.13,,,0.04,,,0.17,,1.02,1.02,1.02,1.02,,,,,,,,,,,,
Braxton Jennings,RB,LOU,,,1.02,,,,,,0.13,,,0.04,,,0.17,,1.02,1.02,1.02,1.02,,,,,,,,,,,,
Tyler Mason,RB,VT,,,1.02,,,,,,0.13,,,0.04,,,0.17,,1.02,1.02,1.02,1.02,,,,,,,,,,,,
Ryken Moon,RB,WASH,USU,,1,,,,,,0.04,4.42,1,0.14,0.33,0.04,0.18,,1.595,1.575,1.595,1.595,,,,,,,,,,,,
Donald Chaney,RB,LOUISIANAMONROE,MSST,,1,,,,,,0.04,5.87,1,0.03,0.6,0.08,0.5,,1.147,1.107,1.147,1.147,,,,,,,,,,,,
Seth Davis,RB,TLSA,OKST,,1,,,,,,0.04,5.28,1,0.05,0.8,0.14,0.09,,1.288,1.218,1.288,1.288,,,,,,,,,,,,
Caden Durham,RB,LSU,CLEM,,0.97,,,,,,0.07,4.51,1,0.01,0.51,0.08,0.5,,1.062,1.022,1.062,1.062,,,,,,,,,,,,
Kourdey Glass,RB,ORST,HOU,,0.96,,,,,,0.04,4.59,1,0.01,1.4,0.17,0.07,,1.069,0.984,1.069,1.069,,,,,,,,,,,,
James Simon,RB,TEX,,,0.96,,,,,,0.12,,,0.04,,,0.16,,0.96,0.96,0.96,0.96,,,,,,,,,,,,
Trashon Dye,RB,JMU,,,0.96,,,,,,0.12,,,0.04,,,0.16,,0.96,0.96,0.96,0.96,,,,,,,,,,,,
Josiah McLaurin,RB,MARSHALL,PSU,,0.96,,,,,,0.05,4.88,1,0.01,0.67,0.05,0.06,,0.965,0.94,0.965,0.965,,,,,,,,,,,,
Julian Walker,RB,LOUISIANAMONROE,MSST,,0.95,,,,,,0.04,6.26,1,0.02,0.56,0.08,0.14,,1.122,1.082,1.122,1.122,,,,,,,,,,,,
Ja'Varien Salter,RB,ODU,VATECH,,0.93,,,,,,0.04,5.09,1,0.01,0.48,0.08,0.26,,0.937,0.897,0.937,0.937,,,,,,,,,,,,
Davion Godley,RB,SACST,MSVL,,0.92,,,,,,0.05,4.28,1,0,0.7,0.1,0.05,,0.898,0.848,0.898,0.898,,,,,,,,,,,,
Skyler Jackson,RB,ORST,HOU,,0.91,,,,,,0.03,4.39,1,0.01,0.98,0.15,0.06,,0.927,0.852,0.927,0.927,,,,,,,,,,,,
Martels Carter Jr.,RB,UK,,,0.9,,,,,,0.11,,,0.04,,,0.15,,0.9,0.9,0.9,0.9,,,,,,,,,,,,
London Montgomery,RB,FLA,,,0.9,,,,,,0.11,,,0.04,,,0.15,,0.9,0.9,0.9,0.9,,,,,,,,,,,,
Chandler Chapman,RB,SIU,,,0.9,,,,,,0.11,,,0.04,,,0.15,,0.9,0.9,0.9,0.9,,,,,,,,,,,,
KD Jones,RB,OKST,,,0.9,,,,,,0.11,,,0.04,,,0.15,,0.9,0.9,0.9,0.9,,,,,,,,,,,,
Jaylin Brown,RB,PITT,,,0.9,,,,,,0.11,,,0.04,,,0.15,,0.9,0.9,0.9,0.9,,,,,,,,,,,,
Diore Hubbard,RB,WYOMING,CSU,,0.89,,,,,,0.04,4.33,1,0.01,0.85,0.13,0.1,,0.948,0.883,0.948,0.948,,,,,,,,,,,,
Joshua Dye,RB,MISS,LOU,,0.86,,,,,,0.06,3.71,1,0.09,0.7,0.15,0.15,,1.491,1.416,1.491,1.491,,,,,,,,,,,,
Romelo Ware,RB,NORTHERNILLINOIS,IOWA,,0.85,,,,,,0.04,4.54,1,0.01,0.58,0.08,0.5,,0.892,0.852,0.892,0.892,,,,,,,,,,,,
Jasper Parker,RB,ARK,,,0.84,,,,,,0.11,,,0.04,,,0.14,,0.9,0.9,0.9,0.9,,,,,,,,,,,,
Chancellor Sparks,RB,MIAOH,,,0.84,,,,,,0.11,,,0.04,,,0.14,,0.9,0.9,0.9,0.9,,,,,,,,,,,,
Delon Thompson,RB,PRST,,,0.84,,,,,,0.11,,,0.04,,,0.14,,0.9,0.9,0.9,0.9,,,,,,,,,,,,
Trevon Kinchen,RB,ULM,,,0.84,,,,,,0.11,,,0.04,,,0.14,,0.9,0.9,0.9,0.9,,,,,,,,,,,,
CJ Givers,RB,DUKE,TULN,,0.83,,,,,,0.04,4.79,1,0.06,0.2,0.03,0.1,,1.129,1.114,1.129,1.129,,,,,,,,,,,,
Kaden Winkfield,RB,SAMHOUSTON,TROY,,0.8,,,,,,0.01,4.12,1,0.01,0.84,0.18,0.08,,0.796,0.706,0.796,0.796,,,,,,,,,,,,
Braylon Toliver,RB,NDST,FORD,,0.79,,,,,,0.05,4.73,1,0,,,0.05,,0.773,0.773,0.773,0.773,,,,,,,,,,,,
AJ Green Jr.,RB,WESTERNMICHIGAN,MICH,,0.79,,,,,,0.04,3.92,1,0.06,0.39,0.1,0.1,,1.131,1.081,1.131,1.131,,,,,,,,,,,,
Micah Johnson,RB,KU,MIZZOU,,2.714333333,,,,,,0.1,19.34333333,4.01,0.03,0,0,0.13,,2.714333333,2.714333333,2.714333333,2.714333333,,,,,,,,,,,,
Connor Lair,RB,MOSU,,,0.78,,,,,,0.1,,,0.03,,,0.13,,0.78,0.78,0.78,0.78,,,,,,,,,,,,
Breyahn Townsend,RB,CCAR,,,0.78,,,,,,0.1,,,0.03,,,0.13,,0.78,0.78,0.78,0.78,,,,,,,,,,,,
Amante Martin,RB,TCU,,,0.78,,,,,,0.1,,,0.03,,,0.13,,0.78,0.78,0.78,0.78,,,,,,,,,,,,
Nico Hamilton,RB,WYO,CSU,,0.77,,,,,,0.03,4.14,1,0.01,1.13,0.13,0.5,,0.897,0.832,0.897,0.897,,,,,,,,,,,,
Matthew Outten,RB,SYRACUSE,CAL,,0.76,,,,,,0.04,4.04,1,0.01,0.9,0.07,0.24,,0.864,0.829,0.864,0.864,,,,,,,,,,,,
Deandre Desinor,RB,NCST,UNC,,0.74,,,,,,0.04,4.34,1,0.01,0.52,0.1,0.07,,0.886,0.836,0.886,0.886,,,,,,,,,,,,
Zane Smith,RB,HOU,,,0.72,,,,,,0.09,,,0.03,,,0.12,,0.72,0.72,0.72,0.72,,,,,,,,,,,,
Leo Kemp,FB,BGSU,,,0.72,,,,,,0.09,,,0.03,,,0.12,,,,,,,,,,,,,,,,,
Brooklen Davis,RB,MTU,,,0.72,,,,,,0.09,,,0.03,,,0.12,,0.72,0.72,0.72,0.72,,,,,,,,,,,,
Ryelan Morris,RB,BAY,,,0.72,,,,,,0.09,,,0.03,,,0.12,,0.72,0.72,0.72,0.72,,,,,,,,,,,,
Kaleb Jackson,RB,LSU,OKLA,,0.71,,,,,,0.04,3.67,1,0,0.78,0.1,0.04,,0.785,0.735,0.785,0.785,,,,,,,,,,,,
Austin Clemons,RB,MIDDLETENNST,MUR,,0.7,,,,,,0.04,3.92,1,0.1,0.21,0.04,0.14,,1.293,1.273,1.293,1.293,,,,,,,,,,,,
Jalen Rashad Turner,RB,AIRFORCE,NDST,,0.69,,,,,,0.04,4.63,1,0,0.08,0.01,0.03,,0.721,0.716,0.721,0.721,,,,,,,,,,,,
Easton Miller,RB,ISU,IOWA,,0.69,,,,,,0.04,3.8,1,0.01,0.39,0.06,0.08,,0.779,0.749,0.779,0.779,,,,,,,,,,,,
Bryce Burgess,RB,TROY,SAMHOU,,0.67,,,,,,0.04,4,1,0.01,0.18,0.04,0.37,,0.758,0.738,0.758,0.758,,,,,,,,,,,,
Tae Meadows,RB,AUB,,,0.66,,,,,,0.08,,,0.03,,,0.11,,0.66,0.66,0.66,0.66,,,,,,,,,,,,
Christian Collins,RB,UNI,,,0.66,,,,,,0.08,,,0.03,,,0.11,,0.66,0.66,0.66,0.66,,,,,,,,,,,,
Monterrio Elston Jr.,RB,KSU,,,0.66,,,,,,0.08,,,0.03,,,0.11,,0.66,0.66,0.66,0.66,,,,,,,,,,,,
Champ Hampton,RB,STNFRD,,,0.66,,,,,,0.08,,,0.03,,,0.11,,0.66,0.66,0.66,0.66,,,,,,,,,,,,
Anthony Favrow,RB,MIZZ,,,0.66,,,,,,0.08,,,0.03,,,0.11,,0.66,0.66,0.66,0.66,,,,,,,,,,,,
Chris Davis Jr.,RB,STNFRD,HAWAII,0,0.64,,,,,,0.03,3.8,1,0.01,0.63,0.08,0.12,,0.763,0.723,0.763,0.763,,,,,,,,,,,,
Tuna Altahir,RB,STNFRD,HAWAII,0,0.64,,,,,,0.01,3.77,1,0.02,0.63,0.07,0.26,,0.69,0.655,0.69,0.69,,,,,,,,,,,,
Darrion Bowers,RB,UNM,,,0.6,,,,,,0.08,,,0.03,,,0.1,,0.66,0.66,0.66,0.66,,,,,,,,,,,,
Lem Wash,RB,SIU,,,0.54,,,,,,0.07,,,0.02,,,0.09,,0.54,0.54,0.54,0.54,,,,,,,,,,,,
Brady Mott,RB,ARMY,USF,,0.51,,,,,,0.02,3.56,1,0,0,0,0.02,,0.476,0.476,0.476,0.476,,,,,,,,,,,,
Jerrian Parker Jr.,RB,SHSU,,,0.48,,,,,,0.06,,,0.02,,,0.08,,0.48,0.48,0.48,0.48,,,,,,,,,,,,
Janerious Jackson,RB,NEV,WESTKY,,0.46,,,,,,0.04,2.25,0.51,0.01,0.26,0.03,0.6,,0.581,0.566,0.581,0.581,,,,,,,,,,,,
Xavier Ford,RB,MINN,,,0.42,,,,,,0.05,,,0.02,,,0.07,,0.42,0.42,0.42,0.42,,,,,,,,,,,,
Bryce Hicks,RB,COLO,,,0.42,,,,,,0.05,,,0.02,,,0.07,,0.42,0.42,0.42,0.42,,,,,,,,,,,,
Jamarion Wilcox,RB,MARSHALL,PSU,,0,,,,,,0,0,0,0,0,0,,,0,0,0,0,,,,,,,,,,,,
Taevion Swint,RB,CENTRALFLORIDA,BC,,1.86,,,,,,0.23,0,0,0.08,0,0,0.31,,1.86,1.86,1.86,1.86,,,,,,,,,,,,
Henry Rutledge,RB,UNCCHARLOTTE,CIT,,0.96,,,,,,0.12,0,0,0.04,0,0,0.16,,0.96,0.96,0.96,0.96,,,,,,,,,,,,
Mike Taylor Jr.,RB,OHIO,NEB,,1.14,,,,,,0.14,0,0,0.05,0,0,0.19,,1.14,1.14,1.14,1.14,,,,,,,,,,,,
Johnny Thompson Jr.,RB,BALLSTATE,OSU,,0.9,,,,,,0.11,0,0,0.04,0,0,0.15,,0.9,0.9,0.9,0.9,,,,,,,,,,,,
Brandon Ramirez,RB,FRESNOSTATE,USC,,0,,,,,,,,,,,,,,0,0,0,0,,,,,,,,,,,,
Tiger Riden,RB,TXAM,MOSTU,,0,,,,,,,,,,,,,,0,0,0,0,,,,,,,,,,,,
Devin Spencer,RB,ARKANSASSTATE,MEMP,,0,,,,,,,,,,,,,,0,0,0,0,,,,,,,,,,,,
Tate Carney,RB,WAKE,DUKE,,0,,,,,,,,,,,,,,0,0,0,0,,,,,,,,,,,,
Iverson Celestine,RB,SOUTHALABAMA,TXST,,0,,,,,,,,,,,,,,0,0,0,0,,,,,,,,,,,,
Kaden Cloud,RB,AIRFORCE,CSU,,0,,,,,,,,,,,,,,0,0,0,0,,,,,,,,,,,,
Jeremiah Coney,RB,VIRGINIATECH,UVA,,0,,,,,,,,,,,,,,0,0,0,0,,,,,,,,,,,,
Marquis Crosby,RB,ORST,WASHST,,0,,,,,,,,,,,,,,0,0,0,0,,,,,,,,,,,,
Jovesa Damuni,RB,BYU,UCF,,0,,,,,,,,,,,,,,0,0,0,0,,,,,,,,,,,,
Derrick Davis,RB,PITT,MIAFL,,0,,,,,,,,,,,,,,0,0,0,0,,,,,,,,,,,,
Bryce Duke,RB,UTAH,KU,,0,,,,,,,,,,,,,,0,0,0,0,,,,,,,,,,,,
Tye Edwards,RB,WVU,TTU,,0,,,,,,,,,,,,,,0,0,0,0,,,,,,,,,,,,
John Emery,RB,UTSA,ARMY,,0,,,,,,,,,,,,,,0,0,0,0,,,,,,,,,,,,
Tim Gans,RB,NMEXST,MIDDTN,,0,,,,,,,,,,,,,,0,0,0,0,,,,,,,,,,,,
Julian Gray,RB,LIBERTY,KENNST,,0,,,,,,,,,,,,,,0,0,0,0,,,,,,,,,,,,
Ayden Harris,RB,KENT,NIU,,0,,,,,,,,,,,,,,0,0,0,0,,,,,,,,,,,,
Tre' Hartwell,RB,WESTERNMICHIGAN,EMICH,,0,,,,,,,,,,,,,,0,0,0,0,,,,,,,,,,,,
Ashton Hayes,RB,NEVADA,UNLV,,0,,,,,,,,,,,,,,0,0,0,0,,,,,,,,,,,,
Jay Haynes,RB,CLEM,SCAR,,0,,,,,,,,,,,,,,0,0,0,0,,,,,,,,,,,,
Elijah Jackson,RB,BALLSTATE,MIAOH,,0,,,,,,,,,,,,,,0,0,0,0,,,,,,,,,,,,
James Jointer,RB,EMICH,WESTMI,,0,,,,,,,,,,,,,,0,0,0,0,,,,,,,,,,,,
Josh Joyner,RB,MISSOURISTATE,LATECH,,0,,,,,,,,,,,,,,0,0,0,0,,,,,,,,,,,,
Khalifa Keith,RB,APPALACHIANSTATE,ARKST,,0,,,,,,,,,,,,,,0,0,0,0,,,,,,,,,,,,
Devin Mockobee,RB,PURDUE,IND,,0,,,,,,,,,,,,,,0,0,0,0,,,,,,,,,,,,
Carson Morgan,RB,RICE,USF,,0.3,,,,,,0.04,,,0.01,,,0.06,,0.3,0.3,0.3,0.3,,,,,,,,,,,,
Sevion Morrison,RB,TLSA,UAB,,0.96,,,,,,0.12,,,0.04,,,0.16,,0.96,0.96,0.96,0.96,,,,,,,,,,,,
Cartevious Norton,RB,SOUTHFLORIDA,RICE,,0,,,,,,,,,,,,,,0,0,0,0,,,,,,,,,,,,
Ryver Peppers,RB,IOWASTATE,OKST,,0,,,,,,,,,,,,,,0,0,0,0,,,,,,,,,,,,
Jaylen Poe,RB,NORTHERNILLINOIS,KENT,,0,,,,,,,,,,,,,,0,0,0,0,,,,,,,,,,,,
Cam Porter,RB,NORTHWESTERN,ILL,,0,,,,,,,,,,,,,,0,0,0,0,,,,,,,,,,,,
JB Price,RB,KANSASSTATE,CU,,0,,,,,,0,0,0,0,0,0,,,0,0,0,0,,,,,,,,,,,,
Fred Robertson,RB,LOUISIANATECH,MOSTU,,0,,,,,,0,0,0,0,0,0,,,0,0,0,0,,,,,,,,,,,,
Eli Sanders,RB,USC,UCLA,,0,,,,,,0,0,0,0,0,0,,,0,0,0,0,,,,,,,,,,,,
Joquez Smith,RB,TEMPLE,UNT,,0,,,,,,0,0,0,0,0,0,,,0,0,0,0,,,,,,,,,,,,
CJ Stokes,RB,UNCCHARLOTTE,TULN,,0,,,,,,0,0,0,0,0,0,,,0,0,0,0,,,,,,,,,,,,
Domonique Thomas,RB,MISSISSIPPI,MSST,,0,,,,,,0,0,0,0,0,0,,,0,0,0,0,,,,,,,,,,,,
Kenny Tracy,RB,MIAOH,BALLST,,0,,,,,,0,0,0,0,0,0,,,0,0,0,0,,,,,,,,,,,,
John Volker,RB,MICH,OSU,,0,,,,,,0,0,0,0,0,0,,,0,0,0,0,,,,,,,,,,,,
Jamaal Wiley,RB,CAL,SMU,,0,,,,,,0,0,0,0,0,0,,,0,0,0,0,,,,,,,,,,,,
Roydell Williams,RB,FSU,FLA,,0,,,,,,0,0,0,0,0,0,,,0,0,0,0,,,,,,,,,,,,
PaSean Wimberly,RB,BOWLINGGREEN,MASS,,0,,,,,,0,0,0,0,0,0,,,0,0,0,0,,,,,,,,,,,,
Travis Terrell Jr.,RB,PUR,WAKE,,1.44,,,,,,0.18,0,0,0.06,0,0,0.24,,1.44,1.44,1.44,1.44,,,,,,,,,,,,
Lloyd Benson III,RB,ARMY,USF,,1.02,,,,,,0.13,0,0,0.04,0,0,0.17,,1.02,1.02,1.02,1.02,,,,,,,,,,,,
Harrison Bortolotti,RB,WISCONSIN,WESTIL,,0,,,,,,0,0,0,0,0,0,,,0,0,0,0,,,,,,,,,,,,
Ryan Estrada,RB,MINNESOTA,MSST,,0,,,,,,0,0,0,0,0,0,,,0,0,0,0,,,,,,,,,,,,
Juntavious Harris,RB,TEXASSTATE,TXSA,,0,,,,,,0,0,0,0,0,0,,,0,0,0,0,,,,,,,,,,,,
Ryan Niblett,RB,TEX,OSU,,0,,,,,,0,0,0,0,0,0,,,0,0,0,0,,,,,,,,,,,,
Nate Palmer,RB,WISCONSIN,WESTIL,,0.78,,,,,,0.1,0,0,0.03,0,0,0.13,,0.78,0.78,0.78,0.78,,,,,,,,,,,,
Deshonne Redeaux,RB,USC,ULLAF,,0,,,,,,0,0,0,0,0,0,,,0,0,0,0,,,,,,,,,,,,
Grayson Rigdon,RB,ARIZONASTATE,TEXAM,,1.38,,,,,,0.17,0,0,0.06,0,0,0.23,,1.38,1.38,1.38,1.38,,,,,,,,,,,,
Shawn Simeon,RB,TOLEDO,CENTCT,,0,,,,,,0,0,0,0,0,0,0.11,,0,0,0,0,,,,,,,,,,,,
JoJo Troupe,RB,UNC,EASTTN,,0,,,,,,0,0,0,0,0,0,0.1,,0,0,0,0,,,,,,,,,,,,
Kenneth Williams,RB,MSU,EMICH,,0,,,,,,0,0,0,0,0,0,,,0,0,0,0,,,,,,,,,,,,
Tre Jones,RB,NAVY,AF,,0,,,,,,0,0,0,0,0,0,,,0,0,0,0,,,,,,,,,,,,
Jeremiah Smith,WR,OSU,BALLST,,27.05,,,,,,0.02,1.83,0.23,0.99,122.9375,7.756666667,1.02,,26.29341667,22.41508333,26.29341667,26.29341667,,,,,,,,,,,,
Malachi Toney,WR,MIA,STNFRD,,26.14,,,,,,0.06,5.4,1.77,0.83,100.012,8.12,0.85,,24.0012,19.9412,24.0012,24.0012,,,,,,,,,,,,
KJ Duff,WR,RUTG,MASS,,22.95,,,,,,0,0,0,0.74,82.29789474,4.573333333,1.06,,17.24312281,14.95645614,17.24312281,17.24312281,,,,,,,,,,,,
Collin Dixon,WR,ILL,UAB,,22.64,,,,,,0.01,0.82,0.29,1.05,92.28866667,5.8125,0.83,,21.48336667,18.57711667,21.48336667,21.48336667,,,,,,,,,,,,
Kelby Valsin,WR,FAU,FLA,,20.77,,,,,,0.01,0.63,0.14,0.78,82.66,7.63,0.5,,20.699,16.884,20.699,20.699,,,,,,,,,,,,
Jesse Legree,WR,ORST,HOU,,22.3708,,,,,,0.01,2.37,0.42,0.66,124.038,5.71,0.5,,22.3708,19.5158,22.3708,22.3708,,,,,,,,,,,,
Dezmen Roebuck,WR,WASH,WASHST,,20.27,,,,,,0.02,2.17,0.28,0.61,71.28409091,6.446,0.65,,17.57140909,14.34840909,17.57140909,17.57140909,,,,,,,,,,,,
Carlos Hernandez,WR,WAKE,AKR,,20.18,,,,,,0.1,0.81,0.08,0.46,98.965,7.144,0.79,,20.4815,16.9095,20.4815,20.4815,,,,,,,,,,,,
Easton Messer,WR,FAU,FLA,,20.12,,,,,,0.01,2.17,0.24,0.6,86.69,7.53,0.5,,20.076,16.311,20.076,20.076,,,,,,,,,,,,
Gavin Freeman,WR,BAY,AUB,,19.79,,,,,,0.04,3,0,0.47,83.82285714,8.29,0.6,,20.03228571,15.88728571,20.03228571,20.03228571,,,,,,,,,,,,
Evan Stewart,WR,ORE,BOISE,,19.16,,,,,,0.01,0.45,0.15,0.85,80.94,5.71,0.59,,19.009,16.154,19.009,19.009,,,,,,,,,,,,
Maguire Anderson,WR,FIU,USF,,18.93,,,,,,0.05,,,0.54,88.07,6.81,0.5,,19.157,15.752,19.157,19.157,,,,,,,,,,,,
Yamir Knight,WR,SMU,FSU,,18.81,,,,,,0,0.17,0.08,0.61,70.3425,7.09,0.58,,17.80125,14.25625,17.80125,17.80125,,,,,,,,,,,,
Justin Bowick,WR,OKST,TLSA,,18.68,,,,,,,,,0.79,79.82,5.88,0.61,,18.602,15.662,18.602,18.602,,,,,,,,,,,,
Chris Durr Jr.,WR,MARYLAND,HAMP,,18.18,,,,,,0.01,1.01,0.17,0.42,70.55235294,7.413333333,0.3,,17.14956863,13.44290196,17.14956863,17.14956863,,,,,,,,,,,,
Charlie Becker,WR,IND,UNT,,19.09533333,,,,,,0,0,0,0.91,83.42,5.293333333,0.63,,19.09533333,16.44866667,19.09533333,19.09533333,,,,,,,,,,,,
Anthony Evans III,WR,MSST,ULMON,,18.04,,,,,,0.03,2.68,0.59,0.47,74.83947368,6.1975,0.9,,16.94944737,13.85069737,16.94944737,16.94944737,,,,,,,,,,,,
Sean Wilson,WR,DELAWARE,MERRIM,,17.97,,,,,,0.01,0.7,0.17,0.72,90.27,5.17,0.4,,18.647,16.062,18.647,18.647,,,,,,,,,,,,
Chance Morrow,WR,BUFFALO,ALBANY,,17.71,,,,,,0,0,0,0.82,55.01666667,6.31,0.28,,16.73166667,13.57666667,16.73166667,16.73166667,,,,,,,,,,,,
DeAree Rogers,WR,NIU,IOWA,,17.66,,,,,,0.01,0.42,0.21,0.71,66.09,6.58,0.5,,17.551,14.261,17.551,17.551,,,,,,,,,,,,
Jaden Barnes,WR,UNCCHARLOTTE,CIT,,17.42,,,,,,0.02,3,0,0.55,53.25,6.38,0.5,,15.425,12.235,15.425,15.425,,,,,,,,,,,,
Chris Marshall,WR,ARKANSAS,NORTAL,,17.27,,,,,,0,0,0,0.34,76.08555556,5.5725,0.45,,15.22105556,12.43480556,15.22105556,15.22105556,,,,,,,,,,,,
Omarion Miller,WR,ARIZONASTATE,MORGST,,17.22,,,,,,0,0,0,0.53,59.467,6.58,0.63,,15.7067,12.4167,15.7067,15.7067,,,,,,,,,,,,
Deuce Alexander,WR,MISS,LOU,,17.13,,,,,,0.03,0.69,0.11,0.48,81.77,5.86,0.69,,17.166,14.236,17.166,17.166,,,,,,,,,,,,
Amare Thomas,WR,HOU,ORST,,16.97,,,,,,0.03,1.45,0.35,0.71,68.38666667,5.3175,0.84,,16.74116667,14.08241667,16.74116667,16.74116667,,,,,,,,,,,,
Nick Marsh,WR,IND,UNT,,16.87,,,,,,0.03,2,0,0.78,62.88,5.373333333,0.77,,16.72133333,14.03466667,16.72133333,16.72133333,,,,,,,,,,,,
Matthew Coleman,WR,SACST,MSVL,,16.41,,,,,,,0.38,0.1,0.56,76.23,5.28,0.34,,16.301,13.661,16.301,16.301,,,,,,,,,,,,
Reed Harris,WR,ARIZONASTATE,MORGST,,16.39,,,,,,0,0.38,0.11,0.6,72.4735,5.59,0.61,,16.47535,13.68035,16.47535,16.47535,,,,,,,,,,,,
Junior Sherrill,WR,VANDERBILT,APSU,,16.39,,,,,,0.01,1.53,0.42,0.42,55.08538462,4.19,0.5,,12.43153846,10.33653846,12.43153846,12.43153846,,,,,,,,,,,,
Dakorien Moore,WR,ORE,BOISE,,16.37,,,,,,0.01,3.25,0.39,0.59,75.07,4.8,0.53,,16.232,13.832,16.232,16.232,,,,,,,,,,,,
Mario Sanders II,WR,SOUTHERNMISS,ALC,,16.29,,,,,,0.01,1.58,0.43,0.47,75.25,5.62,0.41,,16.183,13.373,16.183,16.183,,,,,,,,,,,,
Josh Dallas,WR,GEORGIASOUTHERN,CHSOU,,16.29,,,,,,0.09,4.36,0.85,0.42,62.3,6.54,0.56,,16.266,12.996,16.266,16.266,,,,,,,,,,,,
Pofele Ashlock,WR,HAWAII,STNFRD,0,16.2,,,,,,0,0.45,0.11,0.63,66.75,5.63,0.58,,16.13,13.315,16.13,16.13,,,,,,,,,,,,
Tama Uiliata,WR,HAWAII,STNFRD,0,16.1,,,,,,0.03,2.23,0.17,0.48,50.99,6.46,0.13,,14.842,11.612,14.842,14.842,,,,,,,,,,,,
Tyrell Henry,WR,WIS,ND,,16.09,,,,,,0.05,5.36,2.08,0.45,45.96315789,4.41,0.21,,12.54231579,10.33731579,12.54231579,12.54231579,,,,,,,,,,,,
Trent Mosley,WR,USC,SJST,,16.09,,,,,,0.03,1.56,0.76,0.85,55,5.12,0.38,,16.056,13.496,16.056,16.056,,,,,,,,,,,,
Jeremiah Melvin,WR,ECU,ALA,,16.07,,,,,,0.01,0.52,0.13,0.71,69.48,4.64,0.5,,15.96,13.64,15.96,15.96,,,,,,,,,,,,
Chris Dawn Jr.,WR,TXST,TEX,,16.05,,,,,,0.03,1.03,0.08,0.54,79.35,4.59,0.5,,16.048,13.753,16.048,16.048,,,,,,,,,,,,
Chase Hendricks,WR,CAL,UCLA,,15.8,,,,,,0.01,1.5,0.38,0.53,58.692,4.74,0.7,,13.9992,11.6292,13.9992,13.9992,,,,,,,,,,,,
Carson Clark,WR,SJST,EMICH,,15.77,,,,,,0.05,0,0,0.51,56.545,5.88,0.5,,14.8945,11.9545,14.8945,14.8945,,,,,,,,,,,,
Keshaun Singleton,WR,AUB,BAY,,15.65,,,,,,0,0,0,0.53,60.12521739,5.344285714,0.75,,14.53680745,11.8646646,14.53680745,14.53680745,,,,,,,,,,,,
Winston Watkins Jr.,WR,LSU,CLEM,,15.64,,,,,,0.02,2.71,0.47,0.4,77.56,5.08,0.3,,15.627,13.087,15.627,15.627,,,,,,,,,,,,
Nik McMillan,WR,KANSAS,LIU,,15.63,,,,,,0.01,0.58,0.11,0.66,60.95466667,3.85,0.43,,14.02346667,12.09846667,14.02346667,14.02346667,,,,,,,,,,,,
Cam'ron Lacy,WR,MIDDLETENNST,MUR,,15.57,,,,,,0.03,3.44,1.5,0.37,56.65571429,5.346666667,0.4,,13.7562381,11.08290476,13.7562381,13.7562381,,,,,,,,,,,,
Wyatt Young,WR,OKST,TLSA,,15.57,,,,,,0.01,0.79,0.18,0.53,70.55,5.2,0.5,,15.574,12.974,15.574,15.574,,,,,,,,,,,,
Rasean Jones,WR,BSU,ORE,,15.53,,,,,,0.29,4,0,0.39,55.36333333,4.33,0.28,,14.34633333,12.18133333,14.34633333,14.34633333,,,,,,,,,,,,
Jordan Faison,WR,ND,WISC,,15.51,,,,,,0,0.21,0.1,0.65,66.71263158,4.34,0.72,,14.93226316,12.76226316,14.93226316,14.93226316,,,,,,,,,,,,
Donovan Olugbode,WR,MISSOURI,ARKPB,,15.36,,,,,,0,0,0,0.57,64.11,4.5225,0.5,,14.3535,12.09225,14.3535,14.3535,,,,,,,,,,,,
Xayvion Turner-Bradshaw,WR,MARSHALL,PSU,,15.33,,,,,,0.29,3,0,0.43,65.18,4.19,0.17,,15.328,13.233,15.328,15.328,,,,,,,,,,,,
Cayden Lee,WR,MIZZ,ARKPB,,17.105,,,,,,0.03,4.88,0.77,0.38,80.31,6.126,0.62,,17.105,14.042,17.105,17.105,,,,,,,,,,,,
Brendan Jenkins,WR,SOUTHALABAMA,SELA,,15.23,,,,,,0,0,0,0.67,65.71,4.62,0.24,,15.211,12.901,15.211,15.211,,,,,,,,,,,,
Jordan Dwyer,WR,TCU,UNC,0,15.23,,,,,,0,0,0,0.53,54.944375,4.6525,0.68,,13.3269375,11.0006875,13.3269375,13.3269375,,,,,,,,,,,,
Joseph Williams,WR,COLO,GT,,15.16,,,,,,0.02,3,0,0.49,65.4225,5.38,0.43,,15.28225,12.59225,15.28225,15.28225,,,,,,,,,,,,
Eli Wood,WR,UTAHSTATE,IDAST,,15.14,,,,,,0,0,0,0.54,64.63,5.41,0.34,,15.113,12.408,15.113,15.113,,,,,,,,,,,,
Mario Craver,WR,TXAM,MOSTU,,15.05,,,,,,0.06,4.65,0.86,0.41,55.85222222,4.975,0.63,,13.84522222,11.35772222,13.84522222,13.84522222,,,,,,,,,,,,
Zion Booker,WR,KENNESAWSTATE,WESTGA,,14.98,,,,,,0.07,7.38,1.58,0.46,52.3,5.83,0.47,,14.978,12.063,14.978,14.978,,,,,,,,,,,,
Andrew Marsh,WR,MICH,WESTMI,,14.92,,,,,,0.01,1.47,0.14,0.47,60.01166667,5.651666667,0.62,,14.67983333,11.854,14.67983333,14.67983333,,,,,,,,,,,,
TK King,WR,NMEXST,MERCYH,,14.89,,,,,,0.03,1.67,0.7,0.48,70.34,4.58,0.49,,14.841,12.551,14.841,14.841,,,,,,,,,,,,
JJ Buchanan,WR,MICH,WESTMI,,15.86147368,,,,,,0,0,0,0.53,73.25473684,5.356,0.49,,15.86147368,13.18347368,15.86147368,15.86147368,,,,,,,,,,,,
Dominique Henry,WR,FAU,FLA,,14.75,,,,,,0.01,1.96,0.27,0.52,61.27,5.21,0.5,,14.713,12.108,14.713,14.713,,,,,,,,,,,,
Ryan Coleman-Williams,WR,ALA,ECU,,14.63,,,,,,0.03,1.51,0.17,0.53,68.508,4.97,0.5,,15.3318,12.8468,15.3318,15.3318,,,,,,,,,,,,
Riley Neer,WR,OHIO,NEB,,14.55,,,,,,0,0,0,0.46,64.25,5.42,0.03,,14.605,11.895,14.605,14.605,,,,,,,,,,,,
Javonnie Gibson,WR,CINCY,BC@CINCY,,14.5,,,,,,,,,0.67,62,4.31,0.71,,14.53,12.375,14.53,14.53,,,,,,,,,,,,
Lotzeir Brooks,WR,ALA,ECU,,14.48,,,,,,0.04,2.97,1.33,0.52,60.06666667,4.472,0.55,,14.13566667,11.89966667,14.13566667,14.13566667,,,,,,,,,,,,
Adjatay Dabbs,WR,TOL,MSU,,14.25,,,,,,0.01,0.3,0.15,0.56,64.1,4.31,0.5,,14.17,12.015,14.17,14.17,,,,,,,,,,,,
Jaylen Hampton,WR,UNCCHARLOTTE,MISS,,14.23,,,,,,0.04,6.04,1.1,0.41,43.16666667,4.83,0.47,,12.45066667,10.03566667,12.45066667,12.45066667,,,,,,,,,,,,
Nick Devereaux,WR,EMICH,SACST,0,14.22,,,,,,0,0,0,0.79,51,4.38,0.98,,14.22,12.03,14.22,14.22,,,,,,,,,,,,
Jackson Williams,WR,NDST,JAXST,0,14.19,,,,,,0.04,2.29,0.66,0.52,48.91,4.26,0.51,,12.74,10.61,12.74,12.74,,,,,,,,,,,,
Xavier Townsend,WR,PURDUE,INST,,14.19,,,,,,0.03,1.85,0.2,0.43,49.714,3.8075,0.4,,11.7239,9.82015,11.7239,11.7239,,,,,,,,,,,,
JV Gibson,WR,CIN,BC,,14.19,,,,,,0,0,0,0.62,55.99833333,4.033333333,0.43,,13.35316667,11.3365,13.35316667,13.35316667,,,,,,,,,,,,
Umari Hatcher,WR,SYRACUSE,UNH,,15.64702083,,,,,,0.02,1.41,0.15,0.42,73.126875,5.553333333,0.33,,15.64702083,12.87035417,15.64702083,15.64702083,,,,,,,,,,,,
Ryan Wingo,WR,TEX,TXST,,13.96,,,,,,0.02,5.08,0.65,0.53,58.05,4.3,0.55,,13.913,11.763,13.913,13.913,,,,,,,,,,,,
Tre Spivey III,WR,ARIZONA,NOARI,,16.83794737,,,,,,0.02,1.72,0.15,0.59,74.10947368,5.595,0.72,,16.83794737,14.04044737,16.83794737,16.83794737,,,,,,,,,,,,
Chas Nimrod,WR,AUB,BAY,,13.92,,,,,,0,0,0,0.44,48.22315789,4.541666667,0.4,,12.00398246,9.733149123,12.00398246,12.00398246,,,,,,,,,,,,
Braden Pegan,WR,UTAH,IDAHO,,13.89,,,,,,0.04,1.1,0.34,0.41,64.77,4.54,0.58,,13.827,11.557,13.827,13.827,,,,,,,,,,,,
Kayden Dixon-Wyatt,WR,USC,FRES,,13.86,,,,,,0,0,0,0.42,53.88,5.95,0.48,,13.858,10.883,13.858,13.858,,,,,,,,,,,,
Harold Mack,WR,EMICH,SACST,0,13.79,,,,,,0.03,3.48,0.99,0.39,57.87,5.13,0.48,,13.785,11.22,13.785,13.785,,,,,,,,,,,,
K.D. Hutchinson,WR,WESTERNKENTUCKY,NEVADA,,13.77,,,,,,0.03,3.58,0.53,0.39,58.16,5.04,0.42,,13.734,11.214,13.734,13.734,,,,,,,,,,,,
Javon Tracy,WR,MINNESOTA,EASTIL,,13.69,,,,,,0.02,1.68,0.17,0.42,49.84,4.678,0.55,,12.47,10.131,12.47,12.47,,,,,,,,,,,,
Asaad Waseem,WR,PURDUE,INST,,13.67,,,,,,0,0.45,0.11,0.22,60.975625,5.403333333,0.12,,12.86589583,10.16422917,12.86589583,12.86589583,,,,,,,,,,,,
Tre Richardson,WR,LOU,MISS,,15.44173684,,,,,,0.09,5.61,0.72,0.35,66.20736842,5.62,0.59,,15.44173684,12.63173684,15.44173684,15.44173684,,,,,,,,,,,,
Tony Freeman,WR,WASHST,UW,,13.66,,,,,,0.01,1.97,0.38,0.45,62,4.5,0.5,,13.657,11.407,13.657,13.657,,,,,,,,,,,,
Lawayne McCoy,WR,LOU,MISS,,13.55,,,,,,0,0,0,0.41,56.51571429,3.8775,0.42,,11.98907143,10.05032143,11.98907143,11.98907143,,,,,,,,,,,,
Ryan Williams,WR,ALA,ECU@BAMA,,13.53,,,,,,0.03,2,,0.36,68.5,4.65,0.85,,14.04,11.715,14.04,14.04,,,,,,,,,,,,
Jacory Barney Jr.,WR,NEB,OHIO,,13.51,,,,,,0.03,2.45,0.49,0.42,38.055,3.29,0.47,,10.0405,8.3955,10.0405,10.0405,,,,,,,,,,,,
Cooper Hoch,WR,SJST,EMICH,,13.5,,,,,,0.05,0,0,0.81,51.22,3.44,0.5,,13.722,12.002,13.722,13.722,,,,,,,,,,,,
Jordan Allen,WR,GT,CU,,13.5,,,,,,0.03,6,0.76,0.27,58.36,5.31,0.51,,13.546,10.891,13.546,13.546,,,,,,,,,,,,
Brock Spalding,WR,ECU,ALA,,13.39,,,,,,0.07,4,,0.48,61.36,4.24,0.42,,14.076,11.956,14.076,14.076,,,,,,,,,,,,
Keenan Jackson Jr.,WR,NCST,UVA,,13.31,,,,,,0,0,0,0.46,58.4345,4.333333333,0.03,,12.93678333,10.77011667,12.93678333,12.93678333,,,,,,,,,,,,
Caden High,WR,STNFRD,HAWAII,0,13.31,,,,,,0.01,1.63,0.36,0.36,48.164,4.45,0.62,,11.6494,9.4244,11.6494,11.6494,,,,,,,,,,,,
Ashton Hollins,WR,GEORGIASOUTHERN,CHSOU,,13.23,,,,,,0,0,0,0.62,59.56,4.29,0.54,,13.966,11.821,13.966,13.966,,,,,,,,,,,,
Jalen Mickens,WR,LOUISIANATECH,NWST,,13.23,,,,,,0.08,5.13,0.48,0.39,64.45,4.16,0.22,,13.938,11.858,13.938,13.938,,,,,,,,,,,,
Makai Jackson,WR,LIB,JMU,,13.21,,,,,,0.08,0.33,0.08,0.53,68.02,3.34,0.5,,13.835,12.165,13.835,13.835,,,,,,,,,,,,
Noah Jennings,WR,MINNESOTA,EASTIL,,13.18,,,,,,0.01,0.48,0.15,0.26,53.14571429,3.956666667,0.21,,10.9392381,8.960904762,10.9392381,10.9392381,,,,,,,,,,,,
Justin Stevenson,WR,UNT,IND,,13.18,,,,,,0.01,0.45,0.13,0.36,63.23,4.58,0.5,,13.168,10.878,13.168,13.168,,,,,,,,,,,,
Tony Diaz,WR,IOWA,NIU,,13.15,,,,,,0.03,4.81,1.44,0.21,51.92315789,5.091428571,0.38,,12.20474436,9.659030075,12.20474436,12.20474436,,,,,,,,,,,,
Que'Sean Brown,WR,VIRGINIATECH,VMI,,13.09,,,,,,0.04,4.75,1.27,0.23,47.01,6.31,0.37,,13.106,9.951,13.106,13.106,,,,,,,,,,,,
Sam Pickett III,WR,APPALACHIANSTATE,MAINE,,13.07,,,,,,,,,0.52,52.36,4.74,0.09,,13.096,10.726,13.096,13.096,,,,,,,,,,,,
Emmett Mosley V,WR,TEX,TXST,,13.07,,,,,,0.03,3.25,0.59,0.4,59.13,4.26,0.5,,13.078,10.948,13.078,13.078,,,,,,,,,,,,
Ed Small,WR,TCU,UNC,,12.99,,,,,,0.01,0.33,0.18,0.22,40.65571429,3.606666667,0.12,,9.085238095,7.281904762,9.085238095,9.085238095,,,,,,,,,,,,
Isaiah Horton,WR,TXAM,MOSTU,,12.94,,,,,,0,0,0,0.53,54.41684211,4.641666667,0.54,,13.26335088,10.94251754,13.26335088,13.26335088,,,,,,,,,,,,
Danny Scudero,WR,COLO,GT,,12.89,,,,,,0.01,0.83,0.21,0.64,63,3.25,0.57,,13.533,11.908,13.533,13.533,,,,,,,,,,,,
Na'eem Abdul-Rahim Gladding,WR,MARYLAND,HAMP,,12.87,,,,,,0.01,0.4,0.15,0.31,59.88,4.92,0.25,,12.868,10.408,12.868,12.868,,,,,,,,,,,,
Kainoa Carvalho,WR,HAWAII,UNLV,,12.86,,,,,,0.01,0.69,0.18,0.29,57.78,5.13,0.48,,12.777,10.212,12.777,12.777,,,,,,,,,,,,
Jeremiah McClellan,WR,ORE,BOISE,,12.85,,,,,,0,0,0,0.45,59,4.28,0.42,,12.88,10.74,12.88,12.88,,,,,,,,,,,,
Aeryn Hampton,WR,ORST,HOU,,12.82,,,,,,0,0.32,0.08,0.41,57.17,4.59,0.24,,12.799,10.504,12.799,12.799,,,,,,,,,,,,
Isaiah Sategna III,WR,OKLA,UTEP,,12.79,,,,,,0.01,1.35,0.27,0.36,62.25,4.11,0.62,,12.69,10.635,12.69,12.69,,,,,,,,,,,,
Chris Barnes,WR,OKST,TLSA,,12.79,,,,,,0.03,0.45,0.09,0.48,55.47,4.17,0.5,,12.822,10.737,12.822,12.822,,,,,,,,,,,,
AJ Wilson,WR,UTSA,UTRGV,,12.77,,,,,,0.02,1.47,0.36,0.42,67.05,3.65,0.52,,13.142,11.317,13.142,13.142,,,,,,,,,,,,
Giovanni Richardson,WR,ARIZONA,NOARI,,12.75,,,,,,0.03,3,0.81,0.29,53,5.29,0.38,,12.81,10.165,12.81,12.81,,,,,,,,,,,,
Kwazi Gilmer,WR,NEB,OHIO,,14.35222917,,,,,,0.01,0.94,0.26,0.58,60.515625,4.666666667,0.62,,14.35222917,12.01889583,14.35222917,14.35222917,,,,,,,,,,,,
Chauncy Cobb,WR,ARST,MEMP,,12.71,,,,,,0.02,1.84,0.27,0.3,43.31181818,4.89,0.5,,11.32518182,8.880181818,11.32518182,11.32518182,,,,,,,,,,,,
Onterrio Smith Jr.,WR,SACST,MSVL,,12.63,,,,,,0.01,0.55,0.11,0.43,57.03,4.19,0.66,,12.588,10.493,12.588,12.588,,,,,,,,,,,,
Mikey Matthews,WR,UCLA,FURMAN,,12.63,,,,,,0.03,2,0.11,0.46,72,2.83,0.5,,13.17,11.755,13.17,13.17,,,,,,,,,,,,
T.J. Moore,WR,CLEM,LSU,,12.61,,,,,,0.01,0.6,0.2,0.39,45.81285714,4.76,0.55,,11.80128571,9.421285714,11.80128571,11.80128571,,,,,,,,,,,,
Jackson Harris,WR,LSU,CLEM,,12.61,,,,,,0.01,1.9,0.35,0.52,60.95,3.04,0.52,,12.505,10.985,12.505,12.505,,,,,,,,,,,,
Tyler King,WR,NMEXST,FSU,0,12.57,,,,,,0.03,2,,0.53,61,3.54,0.2,,13.2,11.43,13.2,13.2,,,,,,,,,,,,
Corey Scott,WR,JMU,LIB,,12.5,,,,,,0.01,0.41,0.14,0.49,45.09,4.01,0.5,,11.56,9.555,11.56,11.56,,,,,,,,,,,,
Jonathan Stafford Jr.,WR,WKU,UGA,,12.38,,,,,,0.08,8,0,0.33,49.11,4.83,0.33,,13.001,10.586,13.001,13.001,,,,,,,,,,,,
Jeremiah Jones-Thomas,WR,SOUTHALABAMA,SELA,,12.36,,,,,,0,0,0,0.36,51.84,4.92,0.1,,12.264,9.804,12.264,12.264,,,,,,,,,,,,
Kenny Johnson,WR,TEXASTECH,ABICHR,,13.3439,,,,,,0.04,1.49,0.11,0.38,64.074,4.2675,0.51,,13.3439,11.21015,13.3439,13.3439,,,,,,,,,,,,
Joshua Manning,WR,KANSASSTATE,NICH,,12.27,,,,,,0.01,0.65,0.17,0.41,52.39,4.46,0.25,,12.284,10.054,12.284,12.284,,,,,,,,,,,,
Josiah Freeman,WR,FRES,USC,,12.21,,,,,,0.02,1.77,0.14,0.48,52.70833333,3.73,0.4,,12.17783333,10.31283333,12.17783333,12.17783333,,,,,,,,,,,,
Shelton Sampson Jr.,WR,LOUISIANALAFAYETTE,LAMAR,,12.2,,,,,,0,0,0,0.82,50.31,2.3,0.7,,12.251,11.101,12.251,12.251,,,,,,,,,,,,
Jaron Tibbs,WR,KANSASSTATE,NICH,,12.2,,,,,,0.03,3.48,0.69,0.41,51.13,4.03,0.5,,12.131,10.116,12.131,12.131,,,,,,,,,,,,
Micah Gilbert,WR,ND,WISC,,11.96,,,,,,0.05,0,0,0.36,53.88705882,3.63,0.5,,11.47870588,9.663705882,11.47870588,11.47870588,,,,,,,,,,,,
RJ Vick Jr.,WR,COLORADOSTATE,WYO,,11.89,,,,,,0,0,0,0.3,55.84,4.47,0.05,,11.854,9.619,11.854,11.854,,,,,,,,,,,,
Ian Strong,WR,CAL,UCLA,,11.83,,,,,,0,0,0,0.4,60.48692308,4.06,0.71,,12.50869231,10.47869231,12.50869231,12.50869231,,,,,,,,,,,,
Tastean Reddicks,WR,UNLV,MEMP,0,11.78,,,,,,0.03,2,,0.41,54,3.54,0.3,,11.78,10.01,11.78,11.78,,,,,,,,,,,,
Keith Reynolds,WR,MIAOH,PITT,,11.75,,,,,,0.07,11.11,1.91,0.14,47.94,4.61,0.32,,11.775,9.47,11.775,11.775,,,,,,,,,,,,
Rodshaun Dorsey,WR,GEORGIASTATE,KENNST,,11.73,,,,,,0,0,0,0.46,50.78,3.85,0.27,,11.688,9.763,11.688,11.688,,,,,,,,,,,,
Horatio Fields,WR,MISS,LOU,,11.71,,,,,,,0.4,0.11,0.24,55.44,4.55,0.33,,11.574,9.299,11.574,11.574,,,,,,,,,,,,
DJ Epps,WR,WVU,COASTC,,11.66,,,,,,0.03,4.94,1.25,0.44,40.90533333,2.946666667,0.44,,10.3512,8.877866667,10.3512,10.3512,,,,,,,,,,,,
Jordan Shipp,WR,UNC,TCU,,11.64,,,,,,0.03,2,0,0.35,44.22882353,4.05,0.66,,10.95288235,8.927882353,10.95288235,10.95288235,,,,,,,,,,,,
Vernell Brown III,WR,FLA,FLAATL,,11.61,,,,,,0.02,2.52,0.56,0.29,47.095,4.34,0.55,,11.1615,8.9915,11.1615,11.1615,,,,,,,,,,,,
Joshua Porter,WR,USF,ARMY,,11.59,,,,,,0.01,0.81,0.24,0.41,50.09,4,0.17,,11.61,9.61,11.61,11.61,,,,,,,,,,,,
Braeden Wisloski,WR,JMU,LIB,,11.59,,,,,,0.08,2.74,0.11,0.47,44.025,3.4,0.5,,11.3765,9.6765,11.3765,11.3765,,,,,,,,,,,,
DeAndre Moore Jr.,WR,COLO,MOOREJR,,11.57,,,,,,0,0,0,0.31,36.295,4.67,0.58,,10.1595,7.8245,10.1595,10.1595,,,,,,,,,,,,
Dylan Gary,WR,KENNESAWSTATE,WESTGA,,11.57,,,,,,0.01,0.67,0.24,0.46,44.86,4.13,0.33,,11.503,9.438,11.503,11.503,,,,,,,,,,,,
Marcellus Jackson,WR,LOUISIANAMONROE,UAB,,11.54,,,,,,0.06,3.75,1.4,0.3,37.97,5.13,0.26,,11.462,8.897,11.462,11.462,,,,,,,,,,,,
Bryson Rodgers,WR,SOUTHFLORIDA,FIU,,11.53,,,,,,0.01,1.27,0.24,0.36,49.93,4.21,0.3,,11.55,9.445,11.55,11.55,,,,,,,,,,,,
Howard Kinchen,WR,TROY,SAMHOU,,11.5,,,,,,,,,0.42,56.13,3.29,0.47,,11.423,9.778,11.423,11.423,,,,,,,,,,,,
Aveion Chenault,WR,WMU,MICH,,11.49,,,,,,0.03,3.32,0.47,0.26,53.39,4.08,0.5,,11.491,9.451,11.491,11.491,,,,,,,,,,,,
Jalen Cooper,WR,SMU,FSU,,11.44,,,,,,0.05,0.21,0.08,0.35,49.07941176,3.75,0.5,,11.07894118,9.203941176,11.07894118,11.07894118,,,,,,,,,,,,
Jojo Stone,WR,FIU,USF,,11.43,,,,,,0.04,2.73,0.74,0.42,47.22,3.7,0.5,,11.455,9.605,11.455,11.455,,,,,,,,,,,,
Traylon Ray,WR,MISSISSIPPI,MSST,,11.42,,,,,,0,0,0,0.4,51,3.92,0.12,,11.42,9.46,11.42,11.42,,,,,,,,,,,,
David Amador II,WR,UTSA,UTRGV,,11.37,,,,,,0.04,7.86,1.17,0.32,44.52,3.94,0.69,,11.338,9.368,11.338,11.338,,,,,,,,,,,,
Jerry McClure,WR,SJST,USC,,11.35,,,,,,0,0,0,0.38,55.18,3.96,0.29,,11.758,9.778,11.758,11.758,,,,,,,,,,,,
Nic Trujillo,WR,ULM,MSST,,11.32,,,,,,0.04,5.74,1.1,0.67,46.37,2.56,0.5,,12.031,10.751,12.031,12.031,,,,,,,,,,,,
Landon Sides,WR,EASTCAROLINA,ALA,,11.27,,,,,,,0.27,0.07,0.41,50.8,3.57,0.5,,11.137,9.352,11.137,11.137,,,,,,,,,,,,
Hudson Clement,WR,ILL,UAB,,12.13097917,,,,,,0,0,0,0.27,61.843125,4.326666667,0.85,,12.13097917,9.967645833,12.13097917,12.13097917,,,,,,,,,,,,
Benson Prosper,WR,EMICH,SJST,,11.23,,,,,,0.01,1.19,0.3,0.08,54.14,5.19,0.5,,11.263,8.668,11.263,11.263,,,,,,,,,,,,
JD Willoughby,WR,UCONN,UCONN@MIAOH,,11.21,,,,,,,,,0.36,52,3.85,0.52,,11.21,9.285,11.21,11.21,,,,,,,,,,,,
Griffin Wilde,WR,NORTHWESTERN,SDAKST,,11.14,,,,,,0.01,0.81,0.21,0.33,58.78,3.88,0.59,,11.879,9.939,11.879,11.879,,,,,,,,,,,,
Mekhi Anderson,WR,UTSA,TXST,,11.14,,,,,,0.03,2,0,0.34,48.38,3.87,0.31,,11.128,9.193,11.128,11.128,,,,,,,,,,,,
Isaiah Myers,WR,MISSOURISTATE,TEXAM,,11.14,,,,,,,,,0.21,62.38,3.67,0.12,,11.168,9.333,11.168,11.168,,,,,,,,,,,,
Javon Robinson,WR,UTAHSTATE,IDAST,,11.07,,,,,,0.03,2,0,0.38,52.89,3.15,0.47,,11.099,9.524,11.099,11.099,,,,,,,,,,,,
Brayden Munroe,WR,KENNESAWSTATE,WESTGA,,11,,,,,,,,,0.38,48,3.94,0.38,,11.02,9.05,11.02,11.02,,,,,,,,,,,,
Jamill Williams,WR,JAXST,EASTKY,,10.95,,,,,,0.07,5,,0.35,45.61,4.05,0.08,,11.631,9.606,11.631,11.631,,,,,,,,,,,,
Chris Reed,WR,SHSU,TROY,,10.95,,,,,,0.05,,,0.41,53.78,3.12,0.5,,11.258,9.698,11.258,11.258,,,,,,,,,,,,
Duce Robinson,WR,FSU,NMEXST,0,10.94,,,,,,0,0,0,0.35,55.635,3.623333333,1.02,,11.28683333,9.475166667,11.28683333,11.28683333,,,,,,,,,,,,
Cataurus Hicks,WR,PITT,MIAOH,,10.89,,,,,,0.01,1.18,0.27,0.32,54.47,3.33,0.45,,10.875,9.21,10.875,10.875,,,,,,,,,,,,
Kyan Mason,WR,AKR,WAKE,,10.85,,,,,,0,,0.11,0.36,47,3.99,0.28,,10.85,8.855,10.85,10.85,,,,,,,,,,,,
Jimmy Calloway,WR,TLSA,OKST,,10.79,,,,,,0.04,4.22,0.85,0.33,43.95,3.76,0.28,,10.797,8.917,10.797,10.797,,,,,,,,,,,,
Legend Glasker,WR,BYU,UTAHTE,,10.77,,,,,,0.06,7.5,0.71,0.23,48.64235294,3.47,0.23,,10.82423529,9.089235294,10.82423529,10.82423529,,,,,,,,,,,,
Jmariyae Robinson,WR,MOSU,TEXAM,,10.68,,,,,,0.04,4.17,1.13,0.27,41.25,4.26,0.5,,10.662,8.532,10.662,10.662,,,,,,,,,,,,
EJ Reid,WR,UAB,NAVY,,10.68,,,,,,0.02,0,0,0.33,46.53,4,0.24,,10.753,8.753,10.753,10.753,,,,,,,,,,,,
Marcel Williams,WR,AKR,WAKE,,10.68,,,,,,0.02,2,0,0.17,45.83,4.75,0.5,,10.673,8.298,10.673,10.673,,,,,,,,,,,,
Hunter Summers,WR,ARST,MEMP,,10.68,,,,,,0.05,0.1,0.04,0.2,46.29166667,4.13,0.5,,10.26916667,8.204166667,10.26916667,10.26916667,,,,,,,,,,,,
Grady O'Neill,WR,SHSU,TROY,,10.57,,,,,,0.01,0.03,0.08,0.15,46.64,4.99,0.5,,10.617,8.122,10.617,10.617,,,,,,,,,,,,
Bryson Hammer,WR,TOLEDO,MSU,,10.55,,,,,,0.01,1.56,0.41,0.3,49.75,3.42,0.19,,10.411,8.701,10.411,10.411,,,,,,,,,,,,
TK Keyes,WR,TROY,ALST,,10.52,,,,,,,,,0.36,55.02,2.76,0.24,,10.422,9.042,10.422,10.422,,,,,,,,,,,,
Braylon Staley,WR,TENNESSEE,FURMAN,,11.68487719,,,,,,0,0,0,0.38,48.38210526,4.566666667,0.55,,11.68487719,9.40154386,11.68487719,11.68487719,,,,,,,,,,,,
Destyn Hill,WR,TULN,DUKE,,10.46,,,,,,0.01,0.51,0.11,0.39,48.83,3.15,0.34,,10.484,8.909,10.484,10.484,,,,,,,,,,,,
Adrian Norton,WR,MRSH,PSU,,10.44,,,,,,0.01,2,0,0.44,47.9,3.42,0.5,,11.11,9.4,11.11,11.11,,,,,,,,,,,,
Wayne Harris,WR,KENT,SCAR,,10.42,,,,,,0.04,4.41,0.92,0.31,53.72,3.04,0.5,,10.953,9.433,10.953,10.953,,,,,,,,,,,,
Corri Milliner,WR,UNT,IND,,10.41,,,,,,0.01,0.43,0.11,0.28,51.08,3.51,0.5,,10.401,8.646,10.401,10.401,,,,,,,,,,,,
Chase Sowell,WR,PSU,MARSH,,10.31,,,,,,0,0,0,0.19,50.42,4.11,0.42,,10.292,8.237,10.292,10.292,,,,,,,,,,,,
Da'Realyst Clark,WR,KENT,SCAR,,10.3,,,,,,0.03,1.6,0.46,0.38,45.47,3.13,0.5,,10.297,8.732,10.297,10.297,,,,,,,,,,,,
Malik Knight,WR,PITT,MIAOH,,10.2,,,,,,0.01,0.4,0.17,0.41,44.13,3.12,0.5,,10.093,8.533,10.093,10.093,,,,,,,,,,,,
Nyck Harbor,WR,SCAR,KENT,,10.16,,,,,,0,0,0,0.3,46.719,3.396666667,0.69,,9.868566667,8.170233333,9.868566667,9.868566667,,,,,,,,,,,,
Chrishon McCray,WR,MSU,TOL,,10.12,,,,,,0.03,3.16,0.95,0.33,28.5375,2.83,0.58,,8.15975,6.74475,8.15975,8.15975,,,,,,,,,,,,
Rico Bond,WR,TOL,MSU,,10.09,,,,,,0.01,1.83,0.46,0.33,46.28,3.13,0.5,,9.981,8.416,9.981,9.981,,,,,,,,,,,,
DJ Allen Jr.,WR,UTSA,UTRGV,,10.09,,,,,,0.02,3.05,0.56,0.3,38.61,3.87,0.22,,9.956,8.021,9.956,9.956,,,,,,,,,,,,
Audric Harris,WR,HAWAII,UNLV,,10.03,,,,,,0.01,3.25,0.4,0.39,53.2,2.25,0.49,,10.295,9.17,10.295,10.295,,,,,,,,,,,,
Deondre Johnson,WR,JAXST,NDST,0,10.02,,,,,,0.03,0.26,0.1,0.46,47.05,2.44,0.71,,10.111,8.891,10.111,10.111,,,,,,,,,,,,
Coy Eakin,WR,TEXASTECH,ABICHR,,10,,,,,,0,0,0,0.33,44.26625,3.4875,0.35,,9.894125,8.150375,9.894125,9.894125,,,,,,,,,,,,
Terrence Smith Jr.,WR,COLORADOSTATE,SOUT,,10,,,,,,0.08,8.07,2.16,0.21,38.95,3.5,0.17,,9.942,8.192,9.942,9.942,,,,,,,,,,,,
Lynel Billups-Williams,WR,MIAOH,PITT,,9.93,,,,,,0.01,1.5,0.23,0.29,45.84,3.34,0.25,,9.874,8.204,9.874,9.874,,,,,,,,,,,,
Jacquon Gibson,WR,UVA,NCST,,9.91,,,,,,0.04,4,,0.26,49,3.55,0.18,,10.65,8.875,10.65,10.65,,,,,,,,,,,,
Jackson Harper,WR,CSU,WYO,,9.91,,,,,,0.05,0,0,0.23,44.8,4.11,0.5,,10.27,8.215,10.27,10.27,,,,,,,,,,,,
Taz Reddicks,WR,UNLV,HAWAII,,9.89,,,,,,0.02,1.88,0.42,0.18,43.894,3.613333333,0.17,,9.390733333,7.584066667,9.390733333,9.390733333,,,,,,,,,,,,
Kyler Kasper,WR,BYU,UTAHTE,,10.74452632,,,,,,0.01,2.02,0.47,0.36,46.52526316,3.67,0.43,,10.74452632,8.909526316,10.74452632,10.74452632,,,,,,,,,,,,
Semaj Morgan,WR,UCLA,CAL,,9.88,,,,,,0.01,0.81,0.15,0.18,46.95,3.9,0.5,,9.816,7.866,9.816,9.816,,,,,,,,,,,,
Braylon Isom,WR,MIAOH,PITT,,9.88,,,,,,0.05,0,0,0.43,42.22,2.75,0.5,,9.852,8.477,9.852,9.852,,,,,,,,,,,,
T.Y. Harding,WR,MASSACHUSETTS,RUT,,9.83,,,,,,0.07,3.15,0.33,0.35,46.19,2.96,0.26,,10.414,8.934,10.414,10.414,,,,,,,,,,,,
Nate Branch,WR,APP,ECU,,9.82,,,,,,0.11,9.11,1.42,0.13,39.31,3.58,0.2,,9.862,8.072,9.862,9.862,,,,,,,,,,,,
Sanfrisco Magee,WR,MSST,ULMON,,9.81,,,,,,0.05,0.21,0.08,0.37,40.551875,2.8,0.5,,9.3961875,7.9961875,9.3961875,9.3961875,,,,,,,,,,,,
Jordan Mosley,WR,CSU,WYO,,9.73,,,,,,0.05,0,0,0.46,51,0.59,0.5,,8.75,8.455,8.75,8.75,,,,,,,,,,,,
Messiah Hampton,WR,ORE,USC,,9.71,,,,,,0.01,,,0.33,39.53,3.75,0.07,,9.743,7.868,9.743,9.743,,,,,,,,,,,,
Clayton Coppock Jr.,WR,CCAR,WVU,,9.68,,,,,,0,0,0,0.41,43.52,2.79,0.35,,9.602,8.207,9.602,9.602,,,,,,,,,,,,
Jermane Hayes,WR,MEMP,BOISE,,9.67,,,,,,0.05,0,0,0.37,39.5,3.92,0.5,,10.39,8.43,10.39,10.39,,,,,,,,,,,,
Jadon Porter,WR,BAY,PVAM,,9.64,,,,,,0.05,0,0,0.34,44.09,3.21,0.5,,9.959,8.354,9.959,9.959,,,,,,,,,,,,
Oran Singleton Jr.,WR,TLSA,OKST,,9.59,,,,,,0.03,2.9,0.41,0.29,38.83,3.59,0.35,,9.683,7.888,9.683,9.683,,,,,,,,,,,,
Rodney Bullard Jr.,WR,MSU,TOL,,9.59,,,,,,0.05,0,0,0.21,38.084,3.576666667,0.5,,8.945066667,7.156733333,8.945066667,8.945066667,,,,,,,,,,,,
DJ Jordan,WR,ARIZONA,NOARI,,9.56,,,,,,0,43.34,0,0.11,16.68,1.19,0.25,,7.852,7.257,7.852,7.852,,,,,,,,,,,,
Darrius Clemons,WR,WASHST,UW,,9.55,,,,,,0.02,0,0,0.29,36.27666667,3.5,0.19,,8.987666667,7.237666667,8.987666667,8.987666667,,,,,,,,,,,,
Anthony Eager,WR,SOUTHALABAMA,SELA,,9.53,,,,,,0.02,3.03,0.34,0.37,46.97,2.54,0.52,,9.88,8.61,9.88,9.88,,,,,,,,,,,,
Eric Singleton Jr.,WR,FLA,FLAATL,,9.53,,,,,,0.03,2.26,0.4,0.17,46.03,3.54,0.41,,9.569,7.799,9.569,9.569,,,,,,,,,,,,
Rashid Williams,WR,WASH,WASHST,,9.52,,,,,,0.05,0,0,0.41,36.1505,2.743333333,0.5,,9.118383333,7.746716667,9.118383333,9.118383333,,,,,,,,,,,,
Dalen Penson,WR,GT,CU,,9.52,,,,,,0.04,4.79,0.82,0.15,43.91,3.59,0.29,,9.6,7.805,9.6,9.6,,,,,,,,,,,,
Jediyah Willoughby,WR,UCONN,LAF,,9.52,,,,,,0,0,0,0.29,44,3.38,0.32,,9.52,7.83,9.52,9.52,,,,,,,,,,,,
Jayshon Platt,WR,ILL,UAB,,9.48,,,,,,0.01,1.65,0.27,0.18,44.81,3.66,0.31,,9.446,7.616,9.446,9.446,,,,,,,,,,,,
Troy Omeire,WR,UNM,CMU,,9.46,,,,,,0,0,0,0.47,47.73,1.75,0.44,,9.343,8.468,9.343,9.343,,,,,,,,,,,,
Tiaquelin Mims,WR,UAB,ILL,,9.44,,,,,,,,0.09,0.27,41,3.75,0.24,,9.47,7.595,9.47,9.47,,,,,,,,,,,,
Justus Ross-Simmons,WR,SYR,,,9.42,,,,,,0.02,,,0.15,47.5,3.65,0.17,,9.42,7.595,9.42,9.42,,,,,,,,,,,,
Colin Chase,WR,TEMPLE,URI,,9.39,,,,,,0.03,4.49,0.65,0.35,44.85,2.13,0.42,,9.344,8.279,9.344,9.344,,,,,,,,,,,,
Hayden Eligon II,WR,NORTHWESTERN,SDAKST,,9.38,,,,,,0,0.34,0.09,0.18,51,3.17,0.25,,9.384,7.799,9.384,9.384,,,,,,,,,,,,
Bryant Wesco Jr.,WR,CLEM,LSU,,9.36,,,,,,0.03,2,0,0.14,48.90571429,3.5,0.59,,9.610571429,7.860571429,9.610571429,9.610571429,,,,,,,,,,,,
Jaedn Skeete,WR,BC,CIN,,9.36,,,,,,0,0,0,0.21,21.97,3.5,0.39,,6.957,5.207,6.957,6.957,,,,,,,,,,,,
Isaiah Johnson,WR,CIN,BC,,9.29,,,,,,0.03,2.9,0.68,0.23,28.27928571,3.495,0.31,,8.172928571,6.425428571,8.172928571,8.172928571,,,,,,,,,,,,
Yannick Smith,WR,SMU,FSU,,9.29,,,,,,0.01,0.28,0.13,0.27,37.64277778,2.81,0.43,,8.282277778,6.877277778,8.282277778,8.282277778,,,,,,,,,,,,
Tristian Gardner,WR,CCAR,WVU,,9.29,,,,,,0,0,0,0.38,48.53,2.54,0.39,,9.673,8.403,9.673,9.673,,,,,,,,,,,,
Rico Flores Jr.,WR,UVA,NCST,,9.26,,,,,,0,0.41,0.1,0.18,42.12473684,3.376,0.12,,8.709473684,7.021473684,8.709473684,8.709473684,,,,,,,,,,,,
Ty Mims,WR,UAB,ULMON,,9.21,,,,,,0.02,0.03,0.07,0.29,43.52,3.04,0.5,,9.255,7.735,9.255,9.255,,,,,,,,,,,,
Koby Howard,WR,PSU,MARSH,,9.2,,,,,,0.04,3,1.19,0.15,34,4.39,0.5,,9.23,7.035,9.23,9.23,,,,,,,,,,,,
Chris Lofton,WR,APPALACHIANSTATE,MAINE,,9.18,,,,,,,0.15,0.04,0.32,39.05,3.26,0.6,,9.1,7.47,9.1,9.1,,,,,,,,,,,,
Isiah Canion,WR,UGA,TENNST,,9.18,,,,,,0,0,0,0.31,29.764,2.41,0.51,,7.2464,6.0414,7.2464,7.2464,,,,,,,,,,,,
Trell Harris,WR,OKLA,UTEP,,9.13,,,,,,0.01,1.37,0.38,0.32,47,2.85,0.57,,9.667,8.242,9.667,9.667,,,,,,,,,,,,
Luke Sivon,WR,AKR,,,9.12,,,,,,0.01,,,0.09,38.5,4.67,0.1,,9.12,6.785,9.12,9.12,,,,,,,,,,,,
Beau Sparks,WR,TXST,TEX,,9.08,,,,,,0.02,1.98,0.21,0.36,42.3,2.88,0.5,,9.588,8.148,9.588,9.588,,,,,,,,,,,,
Grayson Tempest,WR,TLSA,,,9.04,,,,,,,,,0.43,36.5,2.81,0.43,,9.04,7.635,9.04,9.04,,,,,,,,,,,,
Baylin Brooks,WR,WMU,MICH,,9.04,,,,,,0.02,2.38,0.56,0.31,35.87,3.24,0.28,,9.045,7.425,9.045,9.045,,,,,,,,,,,,
Terry Bussey,WR,TXAM,MOSTU,,9.02,,,,,,0.01,0.2,0.34,0.26,41.03,3.21,0.5,,8.953,7.348,8.953,8.953,,,,,,,,,,,,
Quincy Porter,WR,NOTREDAME,WISC,,9,,,,,,0,0,0,0.38,38,2.92,0.4,,9,7.54,9,9,,,,,,,,,,,,
Branden Ganashamoorthy,WR,WASHINGTONSTATE,UW,,9,,,,,,0,0,0,0.29,43.44142857,3.04,0.11,,9.124142857,7.604142857,9.124142857,9.124142857,,,,,,,,,,,,
Shamar Porter,WR,UCONN,LAF,,9,,,,,,0.01,2.06,0.42,0.4,43.6,2.38,0.33,,9.406,8.216,9.406,9.406,,,,,,,,,,,,
Chris Lawson,WR,WASH,WASHST,,8.98,,,,,,0.05,0,0,0.21,36.71545455,3.32,0.5,,8.551545455,6.891545455,8.551545455,8.551545455,,,,,,,,,,,,
Devin McCuin,WR,OSU,BALLST,,8.95,,,,,,0.01,0.67,0.14,0.24,30.70380952,2.725,0.44,,7.362380952,5.999880952,7.362380952,7.362380952,,,,,,,,,,,,
Darius Johnson,WR,SYRACUSE,CAL,,8.89,,,,,,0,0,0,0.27,36.17,3.63,0.14,,8.867,7.052,8.867,8.867,,,,,,,,,,,,
Mekhi Collins,WR,NDST,JAXST,0,8.84,,,,,,0.01,2.71,0.35,0.39,36.02,1.9,0.36,,8.173,7.223,8.173,8.173,,,,,,,,,,,,
Colton Hinton,WR,COASTALCAROLINA,FORD,,8.77,,,,,,0,0,0,0.47,41.14,2.1,0.23,,9.034,7.984,9.034,9.034,,,,,,,,,,,,
Kenny Darby,WR,KENTUCKY,YSU,,9.848823529,,,,,,0.01,0.59,0.11,0.29,43.81823529,3.608,0.13,,9.848823529,8.044823529,9.848823529,9.848823529,,,,,,,,,,,,
Jayden McGowan,WR,UNCCHARLOTTE,TULN,,8.7,,,,,,0.01,0.51,0.14,0.38,32.5,2.52,0.19,,8.161,6.901,8.161,8.161,,,,,,,,,,,,
Jeremy Scott,WR,TCU,UNC,,8.66,,,,,,0,0,0,0.29,25.04058824,2.593333333,0.55,,6.837392157,5.54072549,6.837392157,6.837392157,,,,,,,,,,,,
AJ Williams III,WR,NMEXST,FSU,0,8.63,,,,,,0,0,0,0.38,48,1.83,0.03,,8.91,7.995,8.91,8.91,,,,,,,,,,,,
Taeshaun Lyons,WR,UNLV,MEMP,0,8.6,,,,,,0,0.26,0.04,0.27,37.7875,2.83,0.48,,8.25475,6.83975,8.25475,8.25475,,,,,,,,,,,,
Kyle McNeal,WR,FIU,USF,,8.59,,,,,,0.05,0.66,0.08,0.23,35.31,3.65,0.5,,8.927,7.102,8.927,8.927,,,,,,,,,,,,
Nathan Acevedo,WR,SANDIEGOSTATE,PORST,,8.55,,,,,,0,0,0,0.17,38.33,3.67,0.02,,8.523,6.688,8.523,8.523,,,,,,,,,,,,
Ronnel Johnson,WR,JAXST,NDST,0,8.55,,,,,,0.02,1.56,0.33,0.34,36.13,2.63,0.21,,8.559,7.244,8.559,8.559,,,,,,,,,,,,
Sacovie White-Helton,WR,GEORGIA,TENNST,,8.52,,,,,,0.02,1.53,0.23,0.22,19.5,3.3,0.5,,6.843,5.193,6.843,6.843,,,,,,,,,,,,
Derrick Eley,WR,UNCCHARLOTTE,CIT,,8.5,,,,,,0.01,1.23,0.23,0.3,38.14,2.67,0.16,,8.467,7.132,8.467,8.467,,,,,,,,,,,,
Chris Hunter III,WR,ARIZONA,NOARI,,10.2922549,,,,,,0.02,2,0,0.29,42.45588235,3.986666667,0.28,,10.2922549,8.298921569,10.2922549,10.2922549,,,,,,,,,,,,
Javen Nicholas,WR,DUKE,TULN,,8.45,,,,,,0.01,0.17,0.14,0.24,29.77,3.92,0.5,,8.414,6.454,8.414,8.414,,,,,,,,,,,,
Censere Lee,WR,PITT,MIAOH,,8.39,,,,,,0.01,0.33,0.18,0.29,35.81,2.98,0.66,,8.394,6.904,8.394,8.394,,,,,,,,,,,,
Duane Thomas Jr.,WR,CENTRALFLORIDA,BC,,8.35,,,,,,0.04,3,1.23,0.06,32,4.31,0.36,,8.41,6.255,8.41,8.41,,,,,,,,,,,,
Josiah Martin,WR,UNT,IND,,8.34,,,,,,0.06,4.91,1.4,0.17,35.25,3.01,0.5,,8.406,6.901,8.406,8.406,,,,,,,,,,,,
Brayden Trimble,WR,ILL,UAB,,8.32,,,,,,0.05,0,0,0.18,33.5,2.975,0.5,,7.705,6.2175,7.705,7.705,,,,,,,,,,,,
Landon Strother,WR,ULL,CHAR,,8.3,,,,,,0.01,0.64,0.15,0.23,34.05,3.34,0.14,,8.249,6.579,8.249,8.249,,,,,,,,,,,,
Takye Heath,WR,VIRGINIATECH,VMI,,8.29,,,,,,0.04,3,,0.4,39,1.2,0.09,,8.04,7.44,8.04,8.04,,,,,,,,,,,,
Da'Wain Lofton,WR,DELAWARE,MERRIM,,8.27,,,,,,0.01,0.2,0.11,0.23,38.14,3,0.08,,8.274,6.774,8.274,8.274,,,,,,,,,,,,
Carver Cheeks,WR,UTEP,OKLA,,8.26,,,,,,0.01,1.4,0.38,0.41,37.82,2.17,0.5,,8.612,7.527,8.612,8.612,,,,,,,,,,,,
Ray Ray Joseph Jr.,WR,EASTCAROLINA,ALA,,8.23,,,,,,0.01,1.25,0.23,0.28,34.22,2.95,0.5,,8.237,6.762,8.237,8.237,,,,,,,,,,,,
Josh Rodriguez,WR,OLDDOMINION,NOR,,8.23,,,,,,0,0,0,0.28,38.05,2.71,0.25,,8.195,6.84,8.195,8.195,,,,,,,,,,,,
Maleek Huggins,WR,MIAOH,HOLYCR,,8.22,,,,,,0,0,0,0.35,41.68,2.33,0.26,,8.598,7.433,8.598,8.598,,,,,,,,,,,,
Javarius Green,WR,BC,RUT,,8.18,,,,,,0.05,0,0,0.17,33.95555556,3.618333333,0.5,,8.333888889,6.524722222,8.333888889,8.333888889,,,,,,,,,,,,
Mazeo Bennett Jr.,WR,SCAR,KENT,,9.213875,,,,,,0.02,1.3,0.15,0.3,37.78875,3.385,0.43,,9.213875,7.521375,9.213875,9.213875,,,,,,,,,,,,
Kameron Courtney,WR,UVA,NCST,,8.17,,,,,,0.01,2.04,0.23,0.13,29.37833333,3.053333333,0.19,,7.035166667,5.5085,7.035166667,7.035166667,,,,,,,,,,,,
Fredrick Moore,WR,MSU,TOL,,9.167,,,,,,0.02,1.27,0.43,0.39,31.5,3.43,0.5,,9.167,7.452,9.167,9.167,,,,,,,,,,,,
Dallas Wilson,WR,FLA,FLAATL,,10.21266667,,,,,,0,0,0,0.36,47.96,3.256666667,0.49,,10.21266667,8.584333333,10.21266667,10.21266667,,,,,,,,,,,,
Kameran Shanks,WR,WAKE,AKR,,8.13,,,,,,0.03,3.67,0.59,0.3,34.6,2.85,0.22,,8.657,7.232,8.657,8.657,,,,,,,,,,,,
Cooper Barkate,WR,MIA,STNFRD,,8.983071429,,,,,,0.01,0.45,0.13,0.29,37.40571429,3.3975,0.76,,8.983071429,7.284321429,8.983071429,8.983071429,,,,,,,,,,,,
Talyn Taylor,WR,UGA,TENNST,,8.11,,,,,,0.05,0,0,0.27,32.97,2.65,0.5,,7.867,6.542,7.867,7.867,,,,,,,,,,,,
Daniel Blood,WR,WASHINGTONSTATE,UW,,8.1,,,,,,0.01,0.65,0.15,0.14,37.05333333,3.65,0.12,,8.320333333,6.495333333,8.320333333,8.320333333,,,,,,,,,,,,
Tychaun Chapman,WR,MEMP,UNLV,0,8.07,,,,,,0.04,2,0,0.32,38.31,2.46,0.47,,8.651,7.421,8.651,8.651,,,,,,,,,,,,
Brian Rowe Jr.,WR,UCLA,CAL,,8.07,,,,,,0.04,0.49,0.1,0.17,41.3,2.91,0.35,,8.349,6.894,8.349,8.349,,,,,,,,,,,,
Damien Morgan,WR,NEVADA,WESTKY,,8.07,,,,,,0.02,1.58,0.42,0.17,31.8,3.56,0.23,,8.038,6.258,8.038,8.038,,,,,,,,,,,,
Malachi Coleman,WR,WIS,WESTIL,,8.04,,,,,,0.03,2.37,0.58,0.28,35.67,2.42,0.1,,8.084,6.874,8.084,8.084,,,,,,,,,,,,
Jaylen Bonelli,WR,ARST,MEMP,,8.03,,,,,,0.05,0.15,0.07,0.34,33.65,2.92,0.5,,8.64,7.18,8.64,8.64,,,,,,,,,,,,
Tyler Johnson,WR,ECU,ALA,,8.02,,,,,,0.01,0.92,0.2,0.32,38.94,2.01,0.2,,7.976,6.971,7.976,7.976,,,,,,,,,,,,
Langston Lewis,WR,CMU,NM,,8.01,,,,,,0.04,3.97,0.47,0.16,40.94,2.16,0.5,,7.851,6.771,7.851,7.851,,,,,,,,,,,,
Karmello English,WR,CCAR,WVU,,8,,,,,,0,0,0,0.24,34.73,3.04,0.39,,7.953,6.433,7.953,7.953,,,,,,,,,,,,
Eric Nelson Jr.,WR,FIU,LIU,,8,,,,,,0.02,,,0.23,40.5,2.48,0.24,,8.03,6.79,8.03,8.03,,,,,,,,,,,,
Jourdin Houston,WR,RUTG,MASS,,7.96,,,,,,0.05,0,0,0.18,26.96916667,2.36,0.5,,6.436916667,5.256916667,6.436916667,6.436916667,,,,,,,,,,,,
Javon Rogers,WR,KENNESAWSTATE,WESTGA,,7.96,,,,,,0.03,1.44,0.46,0.23,39.16,2.35,0.45,,7.97,6.795,7.97,7.97,,,,,,,,,,,,
Bryce Randolph,WR,LIB,,,7.95,,,,,,0.02,,,0.14,39.5,3.04,0.16,,7.95,6.43,7.95,7.95,,,,,,,,,,,,
Kaleb Webb,WR,MARYLAND,HAMP,,8.990083333,,,,,,0.01,0.6,0.17,0.14,42.23416667,3.806666667,0.46,,8.990083333,7.08675,8.990083333,8.990083333,,,,,,,,,,,,
Russell Babineaux,WR,ULL,CHAR,,7.91,,,,,,0.01,0.73,0.17,0.28,34.5,2.96,0.3,,8.223,6.743,8.223,8.223,,,,,,,,,,,,
Jayvan Boggs,WR,FSU,NMEXST,0,7.89,,,,,,0.03,2.52,0.82,0.11,44.37411765,2.883333333,0.04,,8.412745098,6.971078431,8.412745098,8.412745098,,,,,,,,,,,,
Bryce Yates,WR,PITT,MIAOH,,7.88,,,,,,0.01,0.23,0.13,0.17,37.91,3.08,0.5,,7.974,6.434,7.974,7.974,,,,,,,,,,,,
Brett Eskildsen,WR,PSU,MARSH,,7.86,,,,,,0,0,0,0.33,36.96,2.74,0.48,,8.416,7.046,8.416,8.416,,,,,,,,,,,,
Omari Hayes,WR,IOWASTATE,SEMO,,7.84,,,,,,0.03,3.66,0.47,0.17,36.5,3.2025,0.21,,8.4185,6.81725,8.4185,8.4185,,,,,,,,,,,,
Jeremiah Ware,WR,GEORGIASOUTHERN,CLEM,,7.84,,,,,,0,0,0,0.21,35.64,2.99,0.11,,7.814,6.319,7.814,7.814,,,,,,,,,,,,
Isaiah Thacker,WR,BALLSTATE,OSU,,7.81,,,,,,0.17,4,0.11,0.16,26.1,2.85,0.5,,7.84,6.415,7.84,7.84,,,,,,,,,,,,
Anthony Brown-Stephens,WR,TULN,DUKE,,7.8,,,,,,0.03,3.6,0.53,0.26,33.47,2.41,0.52,,7.857,6.652,7.857,7.857,,,,,,,,,,,,
Bryson Graves,WR,DELAWARE,MERRIM,,7.75,,,,,,0.02,2,0.14,0.23,35.94,2.76,0.28,,8.054,6.674,8.054,8.054,,,,,,,,,,,,
Donovan Hamilton,WR,BALLSTATE,OSU,,7.72,,,,,,0,0,0,0.11,43.15,3.29,0.5,,8.265,6.62,8.265,8.265,,,,,,,,,,,,
Bailen George,WR,NEWMEXICO,MERCYH,,7.71,,,,,,0,0,0,0.26,34.97,2.66,0.29,,7.717,6.387,7.717,7.717,,,,,,,,,,,,
Marquis Johnson,WR,MSST,ULMON,,7.69,,,,,,0.01,1.02,0.28,0.27,32.50333333,2.598,0.5,,7.630333333,6.331333333,7.630333333,7.630333333,,,,,,,,,,,,
Brodie Malone-Bradford,WR,NMEXST,MERCYH,,7.69,,,,,,0,0,0,0.29,32.89,2.55,0.46,,7.579,6.304,7.579,7.579,,,,,,,,,,,,
Damarion Witten,WR,MIAOH,PITT,,7.67,,,,,,0.05,0,0,0.26,41.47,1.92,0.5,,7.927,6.967,7.927,7.927,,,,,,,,,,,,
Tanook Hines,WR,USC,SJST,,7.58,,,,,,0,0,0,0.26,30.4225,2.35,0.67,,6.95225,5.77725,6.95225,6.95225,,,,,,,,,,,,
Da'Shawn Martin,WR,UVA,NCST,0,7.54,,,,,,0.03,1.16,0.04,0.3,38.42,1.94,0.42,,7.878,6.908,7.878,7.878,,,,,,,,,,,,
Chauncey Magwood,WR,PUR,ND,,10.146,,,,,,0.01,3.91,0.6,0.21,45.85,3.85,0.14,,10.146,8.221,10.146,10.146,,,,,,,,,,,,
TreyShun Hurry,WR,LOU,MISS,,8.8708,,,,,,0,0,0,0.17,43.308,3.52,0.35,,8.8708,7.1108,8.8708,8.8708,,,,,,,,,,,,
Aaron Butler,WR,ORST,HOU,,7.5,,,,,,0.01,2.76,0.43,0.27,32.28,2.3,0.18,,7.484,6.334,7.484,7.484,,,,,,,,,,,,
Louis Brown IV,WR,BAY,AUB,,7.49,,,,,,0,0,0,0.32,34.92277778,2.29,0.62,,7.702277778,6.557277778,7.702277778,7.702277778,,,,,,,,,,,,
Antonio Meeks,WR,WAKE,,,7.46,,,,,,0.02,,,0.22,31.11333333,2.35,0.24,,6.901333333,5.726333333,6.901333333,6.901333333,,,,,,,,,,,,
Cameron Flowers,WR,WKU,NEVADA,,7.46,,,,,,0.01,0.36,0.15,0.23,31.49,2.87,0.5,,7.495,6.06,7.495,7.495,,,,,,,,,,,,
Jalen Smith,WR,MINNESOTA,EASTIL,,7.45,,,,,,0,0,0,0.31,33.71857143,2.926666667,0.43,,8.15852381,6.695190476,8.15852381,8.15852381,,,,,,,,,,,,
Jamari Person,WR,LIB,JMU,,7.42,,,,,,0.05,0,0,0.33,35.23,2.04,0.5,,7.843,6.823,7.843,7.843,,,,,,,,,,,,
Dominic Overby,WR,IOWASTATE,SEMO,,7.38,,,,,,0,0,0,0.34,18.5775,1.558,0.26,,5.45575,4.67675,5.45575,5.45575,,,,,,,,,,,,
Chris Brooks Jr.,WR,WIS,ND,,8.4176,,,,,,0.01,0.49,0.17,0.31,36.786,2.77,0.5,,8.4176,7.0326,8.4176,8.4176,,,,,,,,,,,,
Robby Washington,WR,CCAR,WVU,,7.32,,,,,,0.03,3,0,0.26,36.62,1.96,0.38,,7.662,6.682,7.662,7.662,,,,,,,,,,,,
Joseph Griffin Jr.,WR,MASSACHUSETTS,RUT,,7.31,,,,,,0.01,0.35,0.13,0.22,40.11,2.45,0.29,,7.876,6.651,7.876,7.876,,,,,,,,,,,,
Ayden Greene,WR,VIRGINIATECH,VMI,,7.29,,,,,,0,0,0,0.25,38.58,2.63,0.5,,7.988,6.673,7.988,7.988,,,,,,,,,,,,
Zion Ragins,WR,MSST,MINN,,8.162705882,,,,,,0.01,0.77,0.26,0.26,37.81705882,2.684,0.5,,8.162705882,6.820705882,8.162705882,8.162705882,,,,,,,,,,,,
Landon Ellis,WR,UCLA,CAL,,7.25,,,,,,,0.15,0.08,0.23,31.2,2.62,0.4,,7.135,5.825,7.135,7.135,,,,,,,,,,,,
C.J. Smith,WR,UAB,ILL,,7.25,,,,,,0.01,0.48,0.13,0.21,36.42,2.21,0.5,,7.22,6.115,7.22,7.22,,,,,,,,,,,,
Owen Dupree,WR,GEORGIASTATE,NCAT,,7.21,,,,,,0,0,0,0.26,39,0.32,0.39,,5.78,5.62,5.78,5.78,,,,,,,,,,,,
Terrell Crosby Jr.,WR,TOL,MSU,,7.2,,,,,,0.05,0.53,0.11,0.2,33.47,2.52,0.5,,7.42,6.16,7.42,7.42,,,,,,,,,,,,
Sacovie White,WR,UGA,WKY@UGA,,7.2,,,,,,,,,0.23,32,2.62,0.28,,7.2,5.89,7.2,7.2,,,,,,,,,,,,
Jojo Trader,WR,NCST,RICH,,7.16,,,,,,0,0,0,0.23,31.31,2.59,0.31,,7.101,5.806,7.101,7.101,,,,,,,,,,,,
Kayden McGee,WR,UNLV,HAWAII,,7.12,,,,,,0.05,7.94,1.74,0.19,25.14,2.4,0.5,,7.148,5.948,7.148,7.148,,,,,,,,,,,,
Tommy Maher,WR,CSU,WYO,,7.11,,,,,,0.01,0.47,0.11,0.2,38.04,1.9,0.5,,7.011,6.061,7.011,7.011,,,,,,,,,,,,
Tyler Brown,WR,CLEM,LSU,,7.09,,,,,,0.26,2.15,0.29,0.06,19.62625,2.83,0.28,,6.927625,5.512625,6.927625,6.927625,,,,,,,,,,,,
RJ Garcia II,WR,FAU,NAVY@FAU,,7.08,,,,,,0.01,2,,0.1,42,2.54,0.5,,7.6,6.33,7.6,7.6,,,,,,,,,,,,
Anthony Ivey,WR,SJST,EMICH,,7.08,,,,,,0,0,0,0.17,38.25,2.19,0.38,,7.035,5.94,7.035,7.035,,,,,,,,,,,,
Arhmad Branch,WR,USF,FIU,,7.07,,,,,,0.01,0.84,0.27,0.15,30.02,3.04,0.28,,7.086,5.566,7.086,7.086,,,,,,,,,,,,
Jeremiah Koger,WR,AUB,BAY,,7.04,,,,,,0,0,0,0.29,25.56944444,2.416666667,0.59,,6.713611111,5.505277778,6.713611111,6.713611111,,,,,,,,,,,,
Dom Dorwart,WR,OHIO,NEB,,7.04,,,,,,0,0,0,0.28,35.43,2.44,0.26,,7.663,6.443,7.663,7.663,,,,,,,,,,,,
Brennan Ridley,WR,BOWLINGGREEN,TARLST,,7.02,,,,,,0.01,1.31,0.17,0.24,33.9,2.58,0.24,,7.601,6.311,7.601,7.601,,,,,,,,,,,,
Miles Coleman,WR,OKST,TLSA,,7,,,,,,0.01,1.31,0.21,0.1,33.97,2.81,0.5,,6.998,5.593,6.998,6.998,,,,,,,,,,,,
Markus Allen,WR,MIDDLETENNST,MUR,,7,,,,,,0,0,0,0.18,26.4275,2.516666667,0.31,,6.239416667,4.981083333,6.239416667,6.239416667,,,,,,,,,,,,
La'Don Bryant,WR,NORTHERNILLINOIS,ILLST,,6.94,,,,,,,,,0.13,35.16,2.62,0.18,,6.916,5.606,6.916,6.916,,,,,,,,,,,,
Trenton Chaney,WR,LOUISIANALAFAYETTE,USC,,6.91,,,,,,0,0,0,0.21,29.38,2.73,0.16,,6.928,5.563,6.928,6.928,,,,,,,,,,,,
Johnathan Montague Jr.,WR,BC,CIN,,6.88,,,,,,0.08,1,0,0.25,20.00333333,2.07,0.5,,6.150333333,5.115333333,6.150333333,6.150333333,,,,,,,,,,,,
Waden Charles,WR,CENTRALFLORIDA,BC,,6.87,,,,,,0.03,1.08,0.08,0.22,22.030625,2.8,0.1,,6.6110625,5.2110625,6.6110625,6.6110625,,,,,,,,,,,,
TJ Johnson,WR,OLDDOMINION,NOR,,6.84,,,,,,0,0,0,0.38,28.62,2.42,0.18,,7.562,6.352,7.562,7.562,,,,,,,,,,,,
DJ Riles,WR,GEORGIASTATE,NCAT,,6.83,,,,,,0,0,0,0.15,34.37,3.15,0.33,,7.487,5.912,7.487,7.487,,,,,,,,,,,,
Jaden Bray,WR,WVU,COASTC,,6.83,,,,,,0.01,1.13,0.07,0.15,22.0275,1.776666667,0.45,,5.052416667,4.164083333,5.052416667,5.052416667,,,,,,,,,,,,
Winn Sharp,WR,BOWLINGGREEN,TARLST,,6.81,,,,,,0,0.38,0.08,0.23,34.22,2.71,0.07,,7.55,6.195,7.55,7.55,,,,,,,,,,,,
Dawson Pough,WR,BC,CIN,,6.79,,,,,,0.01,0.94,0.41,0.15,17.7,2.4,0.5,,5.224,4.024,5.224,5.224,,,,,,,,,,,,
Eugene Wilson III,WR,LSU,CLEM,,6.79,,,,,,0.01,2,0,0.14,40,1.99,0.3,,7.09,6.095,7.09,7.09,,,,,,,,,,,,
Tyreek Robinson,WR,ILL,UAB@ILL,,6.79,,,,,,0.05,0,0,0.24,39,1.08,0.5,,6.72,6.18,6.72,6.72,,,,,,,,,,,,
Dre'lon Miller,WR,BAY,AUB,,6.76,,,,,,0.11,0.15,0.11,0.29,34.31,1.5,0.4,,7.346,6.596,7.346,7.346,,,,,,,,,,,,
Jonah Burton,WR,DUKE,TULN,,6.75,,,,,,,,,0.18,30.87,2.52,0.41,,6.687,5.427,6.687,6.687,,,,,,,,,,,,
Mudia Reuben,WR,USF,FIU,,6.73,,,,,,0.01,0.36,0.1,0.28,35.08,1.12,0.5,,6.404,5.844,6.404,6.404,,,,,,,,,,,,
Javon Brown,WR,UCONN,LAF,,6.7,,,,,,0.01,0.46,0.13,0.21,28.655,2.393333333,0.29,,6.624833333,5.428166667,6.624833333,6.624833333,,,,,,,,,,,,
James BlackStrain,WR,MISSOURISTATE,TEXAM,,6.69,,,,,,,,,0.11,31.46,2.87,0.5,,6.676,5.241,6.676,6.676,,,,,,,,,,,,
Rico Scott,WR,ALA,ECU,,7.566375,,,,,,0,0,0,0.23,29.06375,3.28,0.31,,7.566375,5.926375,7.566375,7.566375,,,,,,,,,,,,
Josh Derry,WR,CENTRALFLORIDA,BC,,8.2208125,,,,,,0.01,0.47,0.13,0.2,34.938125,3.42,0.21,,8.2208125,6.5108125,8.2208125,8.2208125,,,,,,,,,,,,
Parker Fulghum,WR,ULM,MSST,,6.67,,,,,,0.01,1.27,0.24,0.24,28.32,2.08,0.3,,6.539,5.499,6.539,6.539,,,,,,,,,,,,
Grant Page,WR,SOUTHERNMISS,ALC,,6.66,,,,,,0.04,2,0,0.23,30.99,1.18,0.32,,6.099,5.509,6.099,6.099,,,,,,,,,,,,
Akeem Wright,WR,BOISESTATE,ORE,,6.66,,,,,,0,0,0,0.27,34.66,1.96,0.14,,7.046,6.066,7.046,7.046,,,,,,,,,,,,
Jasaiah Gathings,WR,BUFFALO,ALBANY,,6.63,,,,,,0,0,0,0.3,32.57,1.5,0.42,,6.557,5.807,6.557,6.557,,,,,,,,,,,,
Reece Vander Zee,WR,IOWA,NIU,,6.6,,,,,,0,0,0,0.14,23.09058824,2.346666667,0.31,,5.49572549,4.322392157,5.49572549,5.49572549,,,,,,,,,,,,
DJ Miller,WR,KENTUCKY,YSU,,6.59,,,,,,0,0,0,0.27,35.09,1.52,0.22,,6.649,5.889,6.649,6.649,,,,,,,,,,,,
Kylen Evans,WR,TEXASSTATE,TEX,,6.56,,,,,,0,0,0,0.1,34.25,2.56,0.03,,6.585,5.305,6.585,6.585,,,,,,,,,,,,
Jaylon Domingeaux,WR,WIS,ND,,6.49,,,,,,0.01,0.75,0.21,0.21,30.58,2.1,0.5,,6.553,5.503,6.553,6.553,,,,,,,,,,,,
Isaiah Dawson,WR,BOWLINGGREEN,TARLST,,6.48,,,,,,0.02,1.71,0.43,0.18,27.44,2.34,0.2,,6.455,5.285,6.455,6.455,,,,,,,,,,,,
Matt Long,WR,AIRFORCE,DUQ,,6.46,,,,,,0.08,13.4,3.02,0.21,23.53,1.5,0.32,,6.933,6.183,6.933,6.933,,,,,,,,,,,,
Donovan Murph,WR,SCAR,TOWSON,,6.42,,,,,,0.05,0,0,0.37,29.28,1.65,0.5,,7.098,6.273,7.098,7.098,,,,,,,,,,,,
Micah Woods,WR,SOUTHALABAMA,SELA,,6.4,,,,,,0.04,0.24,0.07,0.18,35.27,2.13,0.37,,7.001,5.936,7.001,7.001,,,,,,,,,,,,
AJ Jones,WR,MIDDLETENNST,MUR,,6.37,,,,,,0,0,0,0.32,20.925,2.36,0.34,,6.3725,5.1925,6.3725,6.3725,,,,,,,,,,,,
Prince Strachan,WR,WVU,COASTC,,6.36,,,,,,0.05,0,0,0.08,24.99,3.08,0.5,,6.359,4.819,6.359,6.359,,,,,,,,,,,,
Jonathan Bibbs,WR,CENTRALFLORIDA,BC,,6.34,,,,,,0.03,4,0.06,0.33,28.99,1.25,0.15,,6.709,6.084,6.709,6.709,,,,,,,,,,,,
Xavyion Noland,WR,ORST,,,6.31,,,,,,,,,0.26,22.5,2.5,0.26,,6.31,5.06,6.31,6.31,,,,,,,,,,,,
MJ Johnson,WR,SOUTHERNMISS,ALC,,6.3,,,,,,0.01,0.66,0.15,0.22,26.64,2.18,0.23,,6.29,5.2,6.29,6.29,,,,,,,,,,,,
Darius Copeland,WR,LIB,,,6.3,,,,,,0.02,,,0.21,27.81,2.14,0.23,,6.301,5.231,6.301,6.301,,,,,,,,,,,,
Trent Walker,WR,HOU,ORST,,6.29,,,,,,0,0.17,0.07,0.21,27.31882353,2.48,0.49,,6.488882353,5.248882353,6.488882353,6.488882353,,,,,,,,,,,,
Bredell Richardson,WR,CENTRALFLORIDA,BYU,,6.27,,,,,,0,0,0,0.19,29,2.23,0.09,,6.27,5.155,6.27,6.27,,,,,,,,,,,,
Micahi Danzy,WR,FSU,NMEXST,0,7.144928571,,,,,,0.03,1.69,0.08,0.14,32.55928571,2.7,0.7,,7.144928571,5.794928571,7.144928571,7.144928571,,,,,,,,,,,,
Phillip Wright III,WR,LSU,CLEM,,6.26,,,,,,0.05,0,0,0.11,31.99,2.42,0.5,,6.579,5.369,6.579,6.579,,,,,,,,,,,,
Jack Foley,WR,WAKE,AKR,,6.25,,,,,,0.05,0,0,0.18,31.59,1.94,0.5,,6.479,5.509,6.479,6.479,,,,,,,,,,,,
Alex Taylor,WR,GEORGIASOUTHERN,CHSOU,,6.25,,,,,,0,0,0,0.16,25.99,2.69,0.23,,6.249,4.904,6.249,6.249,,,,,,,,,,,,
Jacobe Hayes,WR,TCU,,,6.24,,,,,,0.02,,,0.18,28.5,2.19,0.2,,6.24,5.145,6.24,6.24,,,,,,,,,,,,
Jace Petty,WR,TROY,ALST,,6.24,,,,,,0.01,,,0.21,28.95,2.06,0.14,,6.275,5.245,6.275,6.275,,,,,,,,,,,,
Adam Hopkins IV,WR,UNCCHARLOTTE,CIT,,6.22,,,,,,0.03,3.6,0.62,0.11,26.01,2.42,0.28,,6.221,5.011,6.221,6.221,,,,,,,,,,,,
Tate Nagy,WR,KU,MIZZOU,,6.21,,,,,,0.02,0,0,0.24,20.23625,2.14,0.22,,5.723625,4.653625,5.723625,5.723625,,,,,,,,,,,,
Cameron Bates,WR,BSU,ORE,,6.19,,,,,,0.02,1.93,0.2,0.27,28.77,1.5,0.32,,6.31,5.56,6.31,6.31,,,,,,,,,,,,
Cam Pickett,WR,KANSAS,LIU,,6.19,,,,,,0.06,1.64,0.07,0.17,28.39,2.01,0.3,,6.393,5.388,6.393,6.393,,,,,,,,,,,,
Jacob Bostick,WR,SANDIEGOSTATE,PORST,,6.19,,,,,,0,0,0,0.28,31.34,1.29,0.48,,6.104,5.459,6.104,6.104,,,,,,,,,,,,
Jojo Bermudez,WR,TEMPLE,URI,,6.18,,,,,,0.02,2.42,0.4,0.1,31.32,2.45,0.33,,6.544,5.319,6.544,6.544,,,,,,,,,,,,
Jaden Smith,WR,UTEP,OKLA,,6.18,,,,,,0.03,3,0,0.13,19.01,3.08,0.5,,6.241,4.701,6.241,6.241,,,,,,,,,,,,
Jayce Freeman,WR,TEMPLE,URI,,6.14,,,,,,0,0,0,0.31,29.34,1.69,0.43,,6.484,5.639,6.484,6.484,,,,,,,,,,,,
Donovan Brown,WR,SANDIEGOSTATE,PORST,,6.13,,,,,,0.01,0.79,0.28,0.13,33.29,2.46,0.19,,6.708,5.478,6.708,6.708,,,,,,,,,,,,
JJ Harrell,WR,OLDDOMINION,NOR,,6.11,,,,,,0,0,0,0.17,29.82,2.06,0.21,,6.062,5.032,6.062,6.062,,,,,,,,,,,,
Bailey Stockton,WR,FLA,FLAATL,,6.08,,,,,,0.03,1.23,0.11,0.1,20.72,3.13,0.5,,6.105,4.54,6.105,6.105,,,,,,,,,,,,
Creed Whittemore,WR,UTAH,IDAHO,,6.05,,,,,,0.01,0.67,0.15,0.18,28.48,2.01,0.5,,6.065,5.06,6.065,6.065,,,,,,,,,,,,
JonAnthony Hall,WR,STNFRD,MIAFL,,6.01,,,,,,0,0,0,0.17,30.16,1.98,0.38,,6.016,5.026,6.016,6.016,,,,,,,,,,,,
Malachi Riley,WR,SJST,USC,0,5.98,,,,,,0,0,0,0.11,25.01,2.85,0.05,,6.011,4.586,6.011,6.011,,,,,,,,,,,,
Jamari Hawkins,WR,ARKANSAS,NORTAL,,5.94,,,,,,0.01,1.15,0.08,0.18,30.73,1.83,0.09,,6.158,5.243,6.158,6.158,,,,,,,,,,,,
Demick Starling,WR,UTAHSTATE,IDAST,,5.94,,,,,,0,0,0,0.17,28.01,2.15,0.1,,5.971,4.896,5.971,5.971,,,,,,,,,,,,
Noah Rogers,WR,ALA,ECU,,5.93,,,,,,0,0.27,0.07,0.15,31.85,2.42,0.55,,6.532,5.322,6.532,6.532,,,,,,,,,,,,
Koby Young,WR,HOU,ORST,,6.840764706,,,,,,0.03,2.86,0.4,0.23,30.54764706,1.94,0.5,,6.840764706,5.870764706,6.840764706,6.840764706,,,,,,,,,,,,
Jonah Dawson,WR,AIRFORCE,DUQ,,5.91,,,,,,0.01,0.28,0.07,0.34,32,0.61,0.57,,5.938,5.633,5.938,5.938,,,,,,,,,,,,
Victor Snow,WR,NCST,UVA,,5.86,,,,,,0.08,2.03,0.03,0.14,30.51,1.21,0.96,,5.784,5.179,5.784,5.784,,,,,,,,,,,,
Jordan Napier,WR,SANDIEGOSTATE,PORST,,5.83,,,,,,0.14,2.07,0.3,0.08,26.69,1.02,0.33,,5.216,4.706,5.216,5.216,,,,,,,,,,,,
Javon Ross,WR,TLSA,SAMHOU,,5.81,,,,,,0.03,2.75,0.41,0.13,22.69,2.41,0.17,,5.914,4.709,5.914,5.914,,,,,,,,,,,,
Zacharyus Williams,WR,USC,SJST,,5.81,,,,,,0.04,2,0,0.11,29.62125,2.425,0.33,,6.487125,5.274625,6.487125,6.487125,,,,,,,,,,,,
Antonio Floyd,WR,EMICH,SACST,0,5.8,,,,,,,,,0.15,34,0.65,0.06,,4.95,4.625,4.95,4.95,,,,,,,,,,,,
Iverson Hooks,WR,ORE,BOISE,,5.8,,,,,,0.05,0.29,0.08,0.17,23.66,2.42,0.5,,6.135,4.925,6.135,6.135,,,,,,,,,,,,
Sidney Mbanasor,WR,OLDDOMINION,NOR,,5.79,,,,,,0,0,0,0.11,37,0.56,0.39,,4.92,4.64,4.92,4.92,,,,,,,,,,,,
Eugene Hilton Jr.,WR,WIS,ND,,7.115666667,,,,,,0.01,1.57,0.27,0.19,31.12,2.646666667,0.3,,7.115666667,5.792333333,7.115666667,7.115666667,,,,,,,,,,,,
Jaivon Solomon,WR,DUKE,TULN,,5.75,,,,,,,,,0.17,24.59,2.27,0.17,,5.749,4.614,5.749,5.749,,,,,,,,,,,,
Gary Givens III,WR,NEV,WESTKY,,5.74,,,,,,,,,0.15,31.34,1.67,0.3,,5.704,4.869,5.704,5.704,,,,,,,,,,,,
Bryson Williams,WR,MSU,TOL,,5.72,,,,,,,,,0.23,25.31,1.79,0.23,,5.701,4.806,5.701,5.701,,,,,,,,,,,,
Trez Davis,WR,WASH,MINN,,5.72,,,,,,0.02,0,0,0.15,23.77,2.39,0.17,,5.787,4.592,5.787,5.787,,,,,,,,,,,,
Baron Tipton,WR,UNT,IND,,5.72,,,,,,0.05,0,0,0.2,24.89,2.04,0.5,,6.029,5.009,6.029,6.029,,,,,,,,,,,,
Tim Burns Jr.,WR,SHSU,TROY,,5.7,,,,,,0.01,0.06,0.21,0.11,31.94,1.77,0.5,,5.69,4.805,5.69,5.69,,,,,,,,,,,,
Jaylen Himes,WR,SOUTHERNMISS,ALC,,5.67,,,,,,0,0,0,0.2,25.11,1.9,0.28,,5.611,4.661,5.611,5.611,,,,,,,,,,,,
Trech Kekahuna,WR,UNC,TCU,,5.66,,,,,,0.03,4.74,0.18,0.08,15.915,1.92,0.23,,4.6455,3.6855,4.6455,4.6455,,,,,,,,,,,,
Ricky Johnson,WR,UTAH,IDAHO,,5.66,,,,,,,,,0.17,23.37,2.24,0.13,,5.597,4.477,5.597,5.597,,,,,,,,,,,,
Ezekiel Avit,WR,FRES,USC,,6.700615385,,,,,,0.05,0.47,0.08,0.19,34.83615385,1.73,0.5,,6.700615385,5.835615385,6.700615385,6.700615385,,,,,,,,,,,,
Ashton Bethel-Roman,WR,TXAM,MOSTU,,5.64,,,,,,0.01,0.35,0.1,0.27,29.63,1.02,0.48,,5.698,5.188,5.698,5.698,,,,,,,,,,,,
Donnie Cheers,WR,NEV,WESTKY,,5.62,,,,,,,,,0.17,26.41,1.85,0.18,,5.511,4.586,5.511,5.511,,,,,,,,,,,,
Ty Claiborne,WR,ISU,WVU@IOWAST,,5.62,,,,,,0.01,,,0.13,27,2.08,0.11,,5.62,4.58,5.62,5.62,,,,,,,,,,,,
Greg Gaines III,WR,FIU,USF,,5.59,,,,,,,0.01,0.04,0.26,23.18,1.73,0.41,,5.609,4.744,5.609,5.609,,,,,,,,,,,,
Craig Dandridge,WR,GEORGIA,WESTKY,,5.59,,,,,,0.02,0,0,0.16,24.09583333,1.96,0.18,,5.449583333,4.469583333,5.449583333,5.449583333,,,,,,,,,,,,
Ryder Treadway,WR,UCONN,LAF,,5.59,,,,,,0.01,1.31,0.3,0.15,24.27,2.336666667,0.41,,5.854666667,4.686333333,5.854666667,5.854666667,,,,,,,,,,,,
Donte Lee Jr.,WR,TEXASTECH,ABICHR,,5.57,,,,,,0,0,0,0.23,29.53,1.04,0.21,,5.373,4.853,5.373,5.373,,,,,,,,,,,,
Jojo Phillips,WR,BYU,UTAHTE,,5.56,,,,,,0.01,0.24,0.07,0.23,23.8,2.375,0.4,,6.219,5.0315,6.219,6.219,,,,,,,,,,,,
Nasir Williams,WR,CMU,NM,,5.55,,,,,,0.06,1.35,0.16,0.29,22.01,1,0.5,,5.436,4.936,5.436,5.436,,,,,,,,,,,,
Brandon Inniss,WR,OSU,BALLST,,5.53,,,,,,0.01,0.51,0.11,0.22,15.58857143,1.55,0.38,,4.539857143,3.764857143,4.539857143,4.539857143,,,,,,,,,,,,
Kristian Tate,WR,TROY,SAMHOU,,5.52,,,,,,,,,0.2,26.41,1.64,0.2,,5.481,4.661,5.481,5.481,,,,,,,,,,,,
Caleb Cunningham,WR,MISS,LOU,,5.51,,,,,,0.05,0.38,0.11,0.1,25.89,2.23,0.5,,5.757,4.642,5.757,5.757,,,,,,,,,,,,
Joshisa Trader,WR,NCST,UVA,,5.51,,,,,,,,,0.01,31.665,2.656666667,0.03,,5.883166667,4.554833333,5.883166667,5.883166667,,,,,,,,,,,,
Ardell Banks,WR,KENT,SCAR,,5.49,,,,,,0.01,1,0,0.22,28.96,1.33,0.5,,5.706,5.041,5.706,5.706,,,,,,,,,,,,
Nitro Tuggle,WR,SCAR,KENT,,5.48,,,,,,0.03,2,0,0.12,18.61666667,1.668,0.64,,4.629666667,3.795666667,4.629666667,4.629666667,,,,,,,,,,,,
Owen Sweeney,WR,MRSH,PSU,,5.46,,,,,,0.05,0,0,0.11,26.16,2.15,0.5,,5.726,4.651,5.726,5.726,,,,,,,,,,,,
Aaron Gregory,WR,TXAM,TXAM@LSU,,5.46,,,,,,0,0,0,0.23,19.3775,1.69,0.1,,5.00775,4.16275,5.00775,5.00775,,,,,,,,,,,,
Cameron Seldon,WR,USF,FIU,,5.45,,,,,,0.04,2.16,0.07,0.17,26.83,1.35,0.38,,5.509,4.834,5.509,5.509,,,,,,,,,,,,
Rodney Gallagher III,WR,ARIZONA,NOARI,,5.42,,,,,,0.01,0.84,0.15,0.15,20.84,2.3,0.22,,5.428,4.278,5.428,5.428,,,,,,,,,,,,
Raiden Brown,WR,SACST,FRES,,5.42,,,,,,,,,0.13,22.59,2.38,0.16,,5.419,4.229,5.419,5.419,,,,,,,,,,,,
Cody Hagen,WR,BYU,BYU@TCU,,5.41,,,,,,0.03,2,,0.14,27.99,2,0.16,,6.019,5.019,6.019,6.019,,,,,,,,,,,,
Jamarion McDougle,WR,BALLSTATE,OSU,,5.41,,,,,,0.03,3.97,0.97,0.08,27.85,2.13,0.5,,5.972,4.907,5.972,5.972,,,,,,,,,,,,
Blaze Kamoku,WR,HAWAII,NMEXST,,5.37,,,,,,0,0,0,0.24,21.06,1.77,0.21,,5.316,4.431,5.316,5.316,,,,,,,,,,,,
Tyshawn Russell,WR,SYRACUSE,UNH,,5.37,,,,,,0.04,4,0,0.11,22.99,1.77,0.16,,5.369,4.484,5.369,5.369,,,,,,,,,,,,
Jabari Smith Jr.,WR,BALLSTATE,OSU,,5.36,,,,,,0,0,0,0.2,21.69,2,0.5,,5.369,4.369,5.369,5.369,,,,,,,,,,,,
Nico Brown,WR,STNFRD,GT,,8.66975,,,,,,0,0,0,0.15,41.3375,3.636,0.32,,8.66975,6.85175,8.66975,8.66975,,,,,,,,,,,,
Derrick Avery Jr.,WR,GEORGIASTATE,NCAT,,5.33,,,,,,0,0,0,0.15,27.35,1.62,0.45,,5.255,4.445,5.255,5.255,,,,,,,,,,,,
Andre Greene Jr.,WR,GEORGIASOUTHERN,CHSOU,,5.3,,,,,,0,0,0,0.15,24.53,2.46,0.3,,5.813,4.583,5.813,5.813,,,,,,,,,,,,
JP Coulter,WR,ULM,MSST,,5.29,,,,,,0.01,0.95,0.16,0.2,23.04,1.67,0.5,,5.329,4.494,5.329,5.329,,,,,,,,,,,,
Daylyn Upshaw,WR,MIA,STNFRD,,5.28,,,,,,0.05,0,0,0.13,17.65,2.42,0.5,,5.265,4.055,5.265,5.265,,,,,,,,,,,,
Davion Chandler,WR,IND,HOW,,5.27,,,,,,0.05,0,0,0.36,20.56,1.33,0.5,,5.846,5.181,5.846,5.846,,,,,,,,,,,,
Zycarl Lewis Jr.,WR,TULN,TULANE@DUKE,,5.26,,,,,,,0.34,0.08,0.18,23.45,1.75,0.38,,5.209,4.334,5.209,5.209,,,,,,,,,,,,
Tyler Morris,WR,IND,UNT,,5.25,,,,,,0.02,2.09,0.14,0.13,27.95,1.48,0.49,,5.384,4.644,5.384,5.384,,,,,,,,,,,,
Noah Grevious,WR,JAMESMADISON,WAGNER,,5.22,,,,,,0.01,0.41,0.11,0.08,22.8,2.38,0.13,,5.241,4.051,5.241,5.241,,,,,,,,,,,,
DeAngelo Irvin Jr.,WR,UNLV,MEMP,0,5.22,,,,,,0.01,0.38,0.25,0.1,23.61,2.2,0.09,,5.259,4.159,5.259,5.259,,,,,,,,,,,,
Jace Wilson,WR,SACST,MSVL,,5.21,,,,,,0.01,0.3,0.24,0.28,20.84,1.4,0.1,,5.254,4.554,5.254,5.254,,,,,,,,,,,,
TJ Lott,WR,TROY,SAMHOU,,5.2,,,,,,,,,0.23,23.38,1.38,0.49,,5.098,4.408,5.098,5.098,,,,,,,,,,,,
Royal Capell,WR,UTEP,OKLA,,5.17,,,,,,0.01,0.3,0.18,0.08,21.01,2.5,0.5,,5.171,3.921,5.171,5.171,,,,,,,,,,,,
CJ Lewis,WR,TULANE,DUKE,,5.17,,,,,,0.01,0.34,0.08,0.17,23.21,1.75,0.28,,5.185,4.31,5.185,5.185,,,,,,,,,,,,
Kendall Harris,WR,OLDDOMINION,NOR,,5.16,,,,,,0,0,0,0.15,24.63,1.69,0.28,,5.053,4.208,5.053,5.053,,,,,,,,,,,,
Preston Bowman,WR,OHIO,NEB,,5.13,,,,,,0,0,0,0.18,24.29,1.62,0.28,,5.129,4.319,5.129,5.129,,,,,,,,,,,,
Jaylen Elder,WR,UAB,ILL,,5.13,,,,,,0,0.29,0.08,0.15,23.91,1.81,0.13,,5.13,4.225,5.13,5.13,,,,,,,,,,,,
Isaiah Mizell,WR,ARIZ,,,5.11,,,,,,0.01,,,0.06,26.00444444,2.03,0.07,,5.050444444,4.035444444,5.050444444,5.050444444,,,,,,,,,,,,
Neo Clifton,WR,MTU,MTSU@JAXST,,5.1,,,,,,0.01,,,0.2,21.01,1.77,0.11,,5.131,4.246,5.131,5.131,,,,,,,,,,,,
Joshua Moore,WR,MIA,STNFRD,,5.09,,,,,,0,0,0,0.17,23.64,1.73,0.5,,5.114,4.249,5.114,5.114,,,,,,,,,,,,
Christian Moss,WR,WASH,WASHST,,5.09,,,,,,0,0,0,0.15,22.56,1.92,0.6,,5.076,4.116,5.076,5.076,,,,,,,,,,,,
Cole Weaver,WR,SYRACUSE,UNH,,5.09,,,,,,0,0.2,0.07,0.16,22.09,1.88,0.45,,5.069,4.129,5.069,5.069,,,,,,,,,,,,
Brady Anderson,WR,ARMY,BRYANT,,5.08,,,,,,0.09,2.1,0.09,0.13,26.36,1.21,0.22,,5.376,4.771,5.376,5.376,,,,,,,,,,,,
Darrick Bledsoe III,WR,SAMHOUSTON,TROY,,5.08,,,,,,,,,0.15,20.2,2.25,0.5,,5.17,4.045,5.17,5.17,,,,,,,,,,,,
Lavon Brown,WR,CSU,WYO,,5.07,,,,,,0.05,0,0,0.15,28.9,0.55,0.5,,4.64,4.365,4.64,4.64,,,,,,,,,,,,
Vandrevius Jacobs,WR,MIA,MIAMI@STNFRD,,5.07,,,,,,0.05,0,0,0.22,25.3,1.23,0.5,,5.38,4.765,5.38,5.38,,,,,,,,,,,,
Justin Ruffin Jr.,WR,CMU,NM,,5.06,,,,,,0.03,1.38,0.11,0.14,16.79,2.25,0.5,,5.087,3.962,5.087,5.087,,,,,,,,,,,,
Talyn Shettron,WR,LOUISIANATECH,NWST,,5.05,,,,,,0,0,0,0.15,21.41,1.98,0.15,,5.021,4.031,5.021,5.021,,,,,,,,,,,,
Nic Anderson,WR,KENTUCKY,YSU,,5.01,,,,,,0,0.17,0.04,0.14,21.41583333,2.233333333,0.39,,5.231916667,4.11525,5.231916667,5.231916667,,,,,,,,,,,,
Tristen Brown,WR,VAN,DEL,,5,,,,,,0.01,0.66,0.26,0.08,24.11,1.98,0.33,,4.997,4.007,4.997,4.997,,,,,,,,,,,,
Ben Ford,WR,BSU,ORE,,4.98,,,,,,0,0.23,0.06,0.21,24.05,1.35,0.31,,5.038,4.363,5.038,5.038,,,,,,,,,,,,
Ben Black III,WR,RUTG,BLACKIII,,4.97,,,,,,0,0,0,0.11,27.95,2,0.42,,5.455,4.455,5.455,5.455,,,,,,,,,,,,
Egypt Nelson,WR,WMU,BOISE,,4.96,,,,,,0.02,0,0,0.18,18.34,1.98,0.16,,5.014,4.024,5.014,5.014,,,,,,,,,,,,
Jeremiah Harrison,WR,JMU,LIB,,4.95,,,,,,0.05,0,0,0.23,23.19,1.21,0.5,,5.209,4.604,5.209,5.209,,,,,,,,,,,,
DeShawn Spencer,WR,AUB,BAY,,4.94,,,,,,0.01,0.46,0.15,0.21,18.34,1.73,0.5,,4.93,4.065,4.93,4.93,,,,,,,,,,,,
Thomas Blackshear,WR,UGA,,,4.94,,,,,,0.02,,,0.14,21.7225,1.73,0.16,,4.86225,3.99725,4.86225,4.86225,,,,,,,,,,,,
Brandon Phelps,WR,ARIZ,ARIZ@BYU,,4.93,,,,,,,,,0.28,21.01,1.69,0.28,,5.471,4.626,5.471,5.471,,,,,,,,,,,,
Jaden Greathouse,WR,ND,WISC,,4.92,,,,,,0,0,0,0.18,21.55,1.62,0.38,,4.855,4.045,4.855,4.855,,,,,,,,,,,,
Eric Richardson,WR,WYO,CSU,,4.91,,,,,,0.03,1.07,0.07,0.1,25.03,1.83,0.5,,5.22,4.305,5.22,5.22,,,,,,,,,,,,
Kyle Washington,WR,GEORGIASTATE,NCAT,,4.9,,,,,,0,0,0,0.13,25.99,2.2,0.3,,5.579,4.479,5.579,5.579,,,,,,,,,,,,
Evan Haynes,WR,GT,CU,,4.89,,,,,,,,,0.1,24.82,1.78,0.1,,4.862,3.972,4.862,4.862,,,,,,,,,,,,
Tank Hawkins Jr.,WR,WASHST,UW,,4.89,,,,,,0.01,0.72,0.17,0.1,19.95,2.17,0.13,,4.897,3.812,4.897,4.897,,,,,,,,,,,,
Drew Wagner,WR,NORTHWESTERN,SDAKST,,4.88,,,,,,0.01,4,0,0.03,24.01,2.53,0.25,,5.571,4.306,5.571,5.571,,,,,,,,,,,,
Marcus Calwise Jr.,WR,LOUISIANATECH,NWST,,4.88,,,,,,0,0.38,0.08,0.14,24.6,1.94,0.14,,5.278,4.308,5.278,5.278,,,,,,,,,,,,
Zechariah Sample,WR,TXST,TEX,,4.88,,,,,,0.05,0,0,0.11,21.79,2.04,0.5,,5.179,4.159,5.179,5.179,,,,,,,,,,,,
Jalen Hale,WR,SMU,FSU,,4.86,,,,,,0.03,1.06,0.06,0.11,28.76,1.25,0.15,,5.072,4.447,5.072,5.072,,,,,,,,,,,,
Kaleb Brown,WR,UAB,ILL,,4.84,,,,,,0.01,0.46,0.08,0.2,21.63,1.42,0.5,,4.889,4.179,4.889,4.889,,,,,,,,,,,,
Quanell Farrakhan Jr.,WR,COLO,TTU,,4.81,,,,,,0.01,0.34,0.09,0.1,23.01,1.93,0.11,,4.925,3.96,4.925,4.925,,,,,,,,,,,,
Mylan Graham,WR,ND,WISC,,4.79,,,,,,0.05,0,0,0.18,24.67,1.42,0.5,,5.267,4.557,5.267,5.267,,,,,,,,,,,,
Radarious Jackson,WR,TENNESSEE,FURMAN,,5.824,,,,,,0,0,0,0.06,26.37333333,2.826666667,0.25,,5.824,4.410666667,5.824,5.824,,,,,,,,,,,,
Massiah Mingo,WR,UNM,CMU,,4.78,,,,,,0,0.2,0.11,0.04,21.66,2.29,0.01,,4.716,3.571,4.716,4.716,,,,,,,,,,,,
Quincy Burroughs,WR,WKU,NEVADA,,4.78,,,,,,0.05,0,0,0.17,20.95,1.56,0.5,,4.975,4.195,4.975,4.975,,,,,,,,,,,,
Davion Brown,WR,VT,ODU,,4.71,,,,,,0,0,0,0.11,22.38,1.83,0.14,,4.728,3.813,4.728,4.728,,,,,,,,,,,,
Landon Collins,WR,MTSU,NEVADA@MTSU,,4.7,,,,,,,,,0.03,24.01,2.15,0.06,,4.731,3.656,4.731,4.731,,,,,,,,,,,,
Nathaniel Joseph,WR,ECU,ECU@BAMA,,4.67,,,,,,,,,0.17,23.99,1.15,0.09,,4.569,3.994,4.569,4.569,,,,,,,,,,,,
Jaydon Johnson,WR,UL,UL@USC,,4.65,,,,,,,,,0.07,27.01,1.92,0.02,,5.041,4.081,5.041,5.041,,,,,,,,,,,,
CJ Brown,WR,ARKANSAS,NORTAL,,4.64,,,,,,0.01,0.47,0.13,0.07,27.03,1.73,0.17,,4.96,4.095,4.96,4.96,,,,,,,,,,,,
Jordan Clay,WR,WASH,,,4.64,,,,,,0.01,,,0.12,16.5,2.21,0.13,,4.64,3.535,4.64,4.64,,,,,,,,,,,,
Garrett Mmahat,WR,TULN,USM@TULANE,,4.64,,,,,,0.05,,,0.15,21.3,1.62,0.5,,4.95,4.14,4.95,4.95,,,,,,,,,,,,
Adam Hrynciw,WR,AIRFORCE,DUQ,,4.61,,,,,,0,0,0,0.15,24.99,1.19,0.06,,4.589,3.994,4.589,4.589,,,,,,,,,,,,
Shaun Terry II,WR,MISSOURI,ARKPB,,4.6,,,,,,0.01,0.64,0.15,0.1,14.67111111,2.1,0.06,,4.291111111,3.241111111,4.291111111,4.291111111,,,,,,,,,,,,
QuaRon Adams,WR,CAL,UCLA@CAL,,4.59,,,,,,0.03,2,,0.21,19.99,1,0.5,,4.639,4.139,4.639,4.639,,,,,,,,,,,,
London Humphreys,WR,UGA,TENNST,,4.59,,,,,,0.03,0.15,0.04,0.28,17.08,1.31,0.52,,4.893,4.238,4.893,4.893,,,,,,,,,,,,
Jahlil McClain,WR,FRES,USC,,4.58,,,,,,0.05,0,0,0.11,21.64,1.69,0.5,,4.814,3.969,4.814,4.814,,,,,,,,,,,,
Shazz Preston,WR,IND,UNT,,6.37,,,,,,0,0,0,0.17,27.5,2.6,0.37,,6.37,5.07,6.37,6.37,,,,,,,,,,,,
Charlie Coenen,WR,WYO,NORCOL,,5.335,,,,,,0.05,0,0,0.25,18.05,1.73,0.5,,5.335,4.47,5.335,5.335,,,,,,,,,,,,
Quinn Clark,WR,NEB,OHIO,,4.55,,,,,,0.05,0,0,0.15,22.45,1.37,0.5,,4.815,4.13,4.815,4.815,,,,,,,,,,,,
Jaylen Andrews,WR,BUFFALO,ALBANY,,4.54,,,,,,0,0,0,0.11,17.38,2.09,0.23,,4.488,3.443,4.488,4.488,,,,,,,,,,,,
Daryl Barnett Jr.,WR,TOL,MSU,,4.53,,,,,,0.05,0,0,0.15,23.36,1.44,0.5,,4.976,4.256,4.976,4.976,,,,,,,,,,,,
Malachi Henry,WR,CIN,BC,,5.743416667,,,,,,0.01,0.14,0.04,0.08,26.49416667,2.54,0.5,,5.743416667,4.473416667,5.743416667,5.743416667,,,,,,,,,,,,
Ismael Cisse,WR,ARKANSAS,NORTAL,,4.51,,,,,,0,0,0,0.17,21.28857143,1.67,0.13,,4.818857143,3.983857143,4.818857143,4.818857143,,,,,,,,,,,,
Jemyri Davis,WR,MEMP,BOISE,,4.51,,,,,,0.05,0,0,0.08,20.13,1.71,0.5,,4.503,3.648,4.503,4.503,,,,,,,,,,,,
Brady Kluse,WR,MEMP,UNLV,0,4.5,,,,,,0,0,0,0.13,25.39,1.15,0.43,,4.469,3.894,4.469,4.469,,,,,,,,,,,,
Landon Wright,WR,BC,VATECH@BC,,4.5,,,,,,0.01,1,,0.23,21.99,1,0.19,,4.739,4.239,4.739,4.739,,,,,,,,,,,,
Christopher Henry,WR,OSU,BALLST,,4.47,,,,,,0.05,0.23,0.04,0.2,23.24,0.95,0.5,,4.797,4.322,4.797,4.797,,,,,,,,,,,,
Jamel Hardy Jr.,WR,UTSA,UTRGV,,4.47,,,,,,0.01,0.17,0.06,0.16,23.91,1.1,0.36,,4.528,3.978,4.528,4.528,,,,,,,,,,,,
Jordan Clark,WR,RICE,RICE@FRESNO,,4.44,,,,,,,,,0.17,21.99,1.54,0.09,,4.759,3.989,4.759,4.759,,,,,,,,,,,,
Corey Simms,WR,USC,FRES,,4.44,,,,,,0,0,0,0.01,17.99,2.58,0.49,,4.439,3.149,4.439,4.439,,,,,,,,,,,,
Noreel White,WR,TROY,SAMHOU,,4.38,,,,,,,,,0.15,21.62,1.35,0.12,,4.412,3.737,4.412,4.412,,,,,,,,,,,,
DJ Black,WR,SCAR,TOWSON,,4.37,,,,,,0.01,1.25,0.24,0.1,19.416,1.82,0.5,,4.5466,3.6366,4.5466,4.5466,,,,,,,,,,,,
Myles Libman,WR,NMEXST,MERCYH,,4.37,,,,,,0,0.13,0.08,0.2,17.68,1.35,0.21,,4.331,3.656,4.331,4.331,,,,,,,,,,,,
Ric'Darious Farmer,WR,CENTRALFLORIDA,BC,,4.37,,,,,,0.02,2,0,0.03,18.32,2.04,0.06,,4.372,3.352,4.372,4.372,,,,,,,,,,,,
Armani Winfield,WR,USF,TEMPLE@SFLA,,4.33,,,,,,0.01,,,0.28,18,1.38,0.15,,4.92,4.23,4.92,4.92,,,,,,,,,,,,
Cam Thompson,WR,NORTHERNILLINOIS,IOWA,,4.33,,,,,,0.02,0.07,0.04,0.14,19.23,1.54,0.5,,4.43,3.66,4.43,4.43,,,,,,,,,,,,
Nahzae Cox,WR,KANSAS,LIU,,5.413090909,,,,,,0,0,0,0.15,25.73090909,1.94,0.14,,5.413090909,4.443090909,5.413090909,5.413090909,,,,,,,,,,,,
Logan Conklin,WR,NDST,FORD,,4.3,,,,,,0,0,0,0.2,19.73,1.19,0.09,,4.363,3.768,4.363,4.363,,,,,,,,,,,,
Barry Jackson Jr.,WR,RICE,FRES,,4.3,,,,,,0,0,0,0.06,22.48,1.71,0.11,,4.318,3.463,4.318,4.318,,,,,,,,,,,,
Mason Humphrey,WR,UNC,EASTTN,,4.29,,,,,,0,0,0,0.11,25.67142857,1.52,0.16,,4.747142857,3.987142857,4.747142857,4.747142857,,,,,,,,,,,,
Zay Robinson,WR,PSU,TEM,,4.29,,,,,,0.05,0,0,0.14,18,1.38,0.5,,4.32,3.63,4.32,4.32,,,,,,,,,,,,
Stonka Burnside,WR,MEMP,ARKST,,4.26,,,,,,0,0,0,0.18,20.68,1.1,0.5,,4.248,3.698,4.248,4.248,,,,,,,,,,,,
Nyziah Hunter,WR,NEB,OHIO,,7.484,,,,,,0.03,1.04,0.04,0.1,33.5,3.25,0.56,,7.484,5.859,7.484,7.484,,,,,,,,,,,,
Trishstin Glass,WR,COASTALCAROLINA,WVU,,4.21,,,,,,,,,0.13,18.65,1.57,0.13,,4.215,3.43,4.215,4.215,,,,,,,,,,,,
Micah Hudson,WR,TEXASTECH,ABICHR,,5.911222222,,,,,,0,0,0,0.16,25.91222222,2.36,0.48,,5.911222222,4.731222222,5.911222222,5.911222222,,,,,,,,,,,,
Luke Hutchison,WR,NAVY,TOWSON,,4.19,,,,,,0,0.15,0.06,0.24,20.77,0.46,0.16,,3.992,3.762,3.992,3.992,,,,,,,,,,,,
Micah Tease,WR,TLSA,OKST,,4.19,,,,,,0.01,1.72,0.2,0.11,19.92,1.37,0.5,,4.254,3.569,4.254,4.254,,,,,,,,,,,,
Ty'Lyric Coleman,WR,UVA,DEL,,4.17,,,,,,0,0,0,0.15,17.18,1.62,0.33,,4.238,3.428,4.238,4.238,,,,,,,,,,,,
Marshaun Brown,WR,NEV,WESTKY,,4.17,,,,,,0.05,0.04,0.03,0.15,15.82,1.65,0.5,,4.436,3.611,4.436,4.436,,,,,,,,,,,,
KK Smith,WR,MSU,TOL,,4.17,,,,,,0.05,0.15,0.04,0.14,18.2,1.56,0.5,,4.535,3.755,4.535,4.535,,,,,,,,,,,,
Davion Dozier,WR,NCST,UVA,,4.15,,,,,,0,0,0,0.19,20.32,1.31,0.33,,4.482,3.827,4.482,4.482,,,,,,,,,,,,
Cooper Perry,WR,CAL,UCLA,,4.13,,,,,,0,0,0,0.13,19.02,1.48,0.28,,4.162,3.422,4.162,4.162,,,,,,,,,,,,
Kozy Isaac,WR,EMICH,MSU,,4.13,,,,,,0,0,0,0.15,19.63,1.31,0.18,,4.173,3.518,4.173,4.173,,,,,,,,,,,,
Shawn Miller,WR,NEWMEXICO,CMU,,4.11,,,,,,0,0,0,0.07,23.66,1.26,0.11,,4.046,3.416,4.046,4.046,,,,,,,,,,,,
Davis Lane Jr.,WR,RICE,HOUCHR,,4.11,,,,,,0.04,5.64,1.27,0.11,11.57,1.38,0.58,,4.001,3.311,4.001,4.001,,,,,,,,,,,,
Alexander Sanchez,WR,APPALACHIANSTATE,MAINE,,4.06,,,,,,,,,0.1,18.62,1.58,0.21,,4.042,3.252,4.042,4.042,,,,,,,,,,,,
Chris Culliver,WR,MRSH,PSU,,4.06,,,,,,0.05,0,0,0.1,19.67,1.87,0.5,,4.737,3.802,4.737,4.737,,,,,,,,,,,,
Jaylon Hawkins,WR,SANDIEGOSTATE,PORST,,4.04,,,,,,0.04,4.58,1.06,0.07,13.95,1.46,0.04,,3.973,3.243,3.973,3.973,,,,,,,,,,,,
Jordan Onovughe,WR,STNFRD,DUKE,,4.04,,,,,,0.05,0,0,0.06,14.54,1.9,0.5,,4.014,3.064,4.014,4.014,,,,,,,,,,,,
Jordan King,WR,CAL,UCLA,,4.03,,,,,,0.05,0,0,0.11,17.27,1.67,0.5,,4.357,3.522,4.357,4.357,,,,,,,,,,,,
Devin Alves,WR,HAWAII,UNLV,,4.03,,,,,,0,0,0,0.14,19.11,1.31,0.38,,4.061,3.406,4.061,4.061,,,,,,,,,,,,
Isiah St. Romain,WR,NDST,JAXST,0,4.02,,,,,,0.01,0.4,0.12,0.17,20.89,0.66,0.24,,3.869,3.539,3.869,3.869,,,,,,,,,,,,
Michael Scott,WR,JMU,LIB,,4.01,,,,,,0.01,0.45,0.11,0.11,20.33,1.92,0.5,,4.718,3.758,4.718,4.718,,,,,,,,,,,,
John Neider,WR,WVU,COASTC,,4.01,,,,,,0,0,0,0.08,20.7525,1.943333333,0.26,,4.498583333,3.526916667,4.498583333,4.498583333,,,,,,,,,,,,
Mojo Dortch,WR,TROY,SOUMIS,,4,,,,,,0.03,2,,0.07,22,1.69,0.5,,4.69,3.845,4.69,4.69,,,,,,,,,,,,
Kyan Berry-Johnson,WR,SAMHOUSTON,TROY,,3.99,,,,,,,,,0.08,18.38,1.62,0.11,,3.938,3.128,3.938,3.938,,,,,,,,,,,,
Donnell Gee Jr.,WR,TLSA,OKLAST@TULSA,,3.98,,,,,,0.04,3,,0.17,21.99,0.92,0.07,,4.679,4.219,4.679,4.679,,,,,,,,,,,,
Jon Montiero,WR,LIB,LIB@JMAD,,3.96,,,,,,,,,0.15,22.01,1.38,0.11,,4.481,3.791,4.481,4.481,,,,,,,,,,,,
Tucker Cusano,WR,TXST,TXSTSM@SDGST,,3.96,,,,,,0.03,,,0.04,20,1.54,0.35,,3.96,3.19,3.96,3.96,,,,,,,,,,,,
Zhaiel Smith,WR,NEWMEXICO,CMU,,3.95,,,,,,0.01,,0.14,0.06,26.99,1.1,0.07,,4.219,3.669,4.219,4.219,,,,,,,,,,,,
Bisi Owens,WR,PURDUE,INST,,3.95,,,,,,0,0.04,0.03,0.1,22.62,0.59,0.39,,3.456,3.161,3.456,3.456,,,,,,,,,,,,
Donovan Lewis,WR,DELAWARE,MERRIM,,3.94,,,,,,0.02,1.23,0.2,0.05,18.65,1.85,0.13,,4.258,3.333,4.258,4.258,,,,,,,,,,,,
Marlion Jackson,WR,VIRGINIATECH,ODU,,3.91,,,,,,0,0,0,0.1,17.95,1.48,0.04,,3.875,3.135,3.875,3.875,,,,,,,,,,,,
Malcolm Simmons,WR,TEXASTECH,ABICHR,,3.88,,,,,,0.04,3,0,0.15,20.16,0.95,0.18,,4.406,3.931,4.406,4.406,,,,,,,,,,,,
Tyson Davis,WR,UVA,NCST,0,3.88,,,,,,0.03,2,,0.15,14,1.23,0.23,,3.91,3.295,3.91,3.91,,,,,,,,,,,,
Larry Simmons,WR,UTAH,IDAHO,,3.87,,,,,,0.05,,,0.08,19.55,1.4,0.5,,4.135,3.435,4.135,4.135,,,,,,,,,,,,
Darien Williams,WR,SYR,CUSE@UCONN,,3.85,,,,,,0.03,2,,0.07,18.01,1.62,0.16,,4.221,3.411,4.221,4.221,,,,,,,,,,,,
Branden Hoch,WR,FAU,FLA,,3.81,,,,,,0.05,0.15,0.04,0.11,16.19,1.46,0.5,,4.054,3.324,4.054,4.054,,,,,,,,,,,,
David Wells Jr.,WR,TLSA,SAMHOU,,3.8,,,,,,0.01,1.02,0.11,0.15,16.26,1.15,0.57,,3.838,3.263,3.838,3.838,,,,,,,,,,,,
Bert Emanuel Jr.,WR,SANDIEGOSTATE,PORST,,3.79,,,,,,0,0,0,0.11,17.21,1.4,0.08,,3.781,3.081,3.781,3.781,,,,,,,,,,,,
Payton Matthews,WR,RICE,HOUCHR,,3.78,,,,,,0.04,3.5,0.95,0.13,17.89,0.86,0.11,,4.019,3.589,4.019,4.019,,,,,,,,,,,,
Anthony Garcia,WR,UTAHSTATE,IDAST,,3.77,,,,,,0.01,1.19,0.21,0.11,17.62,1.21,0.52,,3.811,3.206,3.811,3.811,,,,,,,,,,,,
Shane Carr,WR,KENTUCKY,YSU,,3.76,,,,,,0.01,0.88,0.15,0.1,20.1,0.97,0.28,,3.728,3.243,3.728,3.728,,,,,,,,,,,,
Jackson Holman,WR,WYOMING,CSU,,3.75,,,,,,0,0,0,0.1,20.05,0.91,0.28,,3.515,3.06,3.515,3.515,,,,,,,,,,,,
Larenzo Fenner,WR,CIN,BC,,3.73,,,,,,0,0,0,0.14,16.84,1.54,0.38,,4.064,3.294,4.064,4.064,,,,,,,,,,,,
Patrick Clacks III,WR,BUFFALO,ALBANY,,3.72,,,,,,0.01,0.97,0.3,0.08,19.53,1.15,0.28,,3.74,3.165,3.74,3.74,,,,,,,,,,,,
Brock Boyd,WR,OSU,OHIOST@IOWA,,3.72,,,,,,0.05,,,0.01,19,1.46,0.5,,3.72,2.99,3.72,3.72,,,,,,,,,,,,
Za'Ron Collins,WR,JMU,LIB,,3.71,,,,,,0,0,0,0.23,14.87,1.13,0.22,,3.997,3.432,3.997,3.997,,,,,,,,,,,,
Tyseer Denmark,WR,VIRGINIATECH,VMI,,3.71,,,,,,0,0,0,0.07,16.36,1.71,0.08,,3.766,2.911,3.766,3.766,,,,,,,,,,,,
Keaton Kubecka,WR,KANSAS,LIU,,6.0105,,,,,,0,0,0,0.09,29.805,2.49,0.09,,6.0105,4.7655,6.0105,6.0105,,,,,,,,,,,,
Mekhi Miller,WR,MISSOURISTATE,TEXAM,,3.62,,,,,,0.01,0.39,0.11,0.06,18.51,1.38,0.07,,3.69,3,3.69,3.69,,,,,,,,,,,,
KeDarius Wade,WR,LOUISIANALAFAYETTE,LAMAR,,3.58,,,,,,0,0,0,0.09,19.47,1.6,0.1,,4.087,3.287,4.087,4.087,,,,,,,,,,,,
Dozie Ezukanma,WR,TCU,CIN,,3.56,,,,,,0,0,0,0.14,16.86,1.12,0.24,,3.646,3.086,3.646,3.646,,,,,,,,,,,,
TK Keys,WR,TENN,GT,,3.56,,,,,,0,0,0,0.19,15.23,1.29,0.14,,3.953,3.308,3.953,3.953,,,,,,,,,,,,
Chanz Wiggins,WR,VIRGINIATECH,VMI,,3.55,,,,,,,,,0.12,15.72,1.24,0.12,,3.532,2.912,3.532,3.532,,,,,,,,,,,,
Xayvion Noland,WR,ORST,HOU,,3.52,,,,,,0,0,0,0.1,13.64,1.63,0.26,,3.594,2.779,3.594,3.594,,,,,,,,,,,,
Cole Adams,WR,VANDERBILT,APSU,,3.52,,,,,,0.02,0.17,0.04,0.06,19.24,1.12,0.37,,3.541,2.981,3.541,3.541,,,,,,,,,,,,
Kam Perry,WR,COLO,GT,,3.51,,,,,,0,0,0,0.11,14.41,1.4,0.33,,3.501,2.801,3.501,3.501,,,,,,,,,,,,
TJ Pride,WR,NMEXST,MERCYH,,3.51,,,,,,0,0.07,0.06,0.11,14.14,1.38,0.28,,3.461,2.771,3.461,3.461,,,,,,,,,,,,
Charles Taplin,WR,MSU,EMICH,,3.49,,,,,,0.05,0,0,0.13,15.79,1.17,0.5,,3.829,3.244,3.829,3.829,,,,,,,,,,,,
Evan Boyd,WR,IOWASTATE,SEMO,,3.49,,,,,,0.01,0.42,0.13,0.18,14.36,0.9,0.34,,3.518,3.068,3.518,3.518,,,,,,,,,,,,
Eddie Freauff,WR,ORST,HOU,,3.48,,,,,,0,0,0,0.13,19.33,0.67,0.44,,3.383,3.048,3.383,3.383,,,,,,,,,,,,
Jayce Brown,WR,LSU,CLEM,,3.48,,,,,,0.01,1.94,0.38,0.08,16.01,1.1,0.54,,3.435,2.885,3.435,3.435,,,,,,,,,,,,
Miles Burris,WR,AKR,WAKE,,3.47,,,,,,0.01,0.03,0.11,0.19,13.09,1.19,0.5,,3.702,3.107,3.702,3.702,,,,,,,,,,,,
Emanuel Ross,WR,UCONN,UCONN@USM,,3.47,,,,,,,,,0.15,16,1.69,0.25,,4.19,3.345,4.19,4.19,,,,,,,,,,,,
Justius Lowe,WR,SANDIEGOSTATE,PORST,,3.44,,,,,,,,,0.12,16.12,1.09,0.12,,3.422,2.877,3.422,3.422,,,,,,,,,,,,
Elijah Thomas,WR,OKLA,MICH,,3.44,,,,,,0.01,,,0.1,15.96,1.31,0.11,,3.566,2.911,3.566,3.566,,,,,,,,,,,,
Salesi Moa,WR,MICH,WESTMI,,3.44,,,,,,0.05,0,0,0.08,19.65,0.94,0.5,,3.685,3.215,3.685,3.685,,,,,,,,,,,,
Eian Pugh,WR,OHIO,NEB,,3.43,,,,,,0,0,0,0.12,17.63,1.29,0.18,,3.773,3.128,3.773,3.773,,,,,,,,,,,,
Makai Cope,WR,MOSU,TEXAM,,3.42,,,,,,0.05,,,0.11,18.56,0.88,0.5,,3.696,3.256,3.696,3.696,,,,,,,,,,,,
Jywon Boyd,WR,TROY,SAMHOU,,3.42,,,,,,,,,0.08,16.57,1.19,0.18,,3.327,2.732,3.327,3.327,,,,,,,,,,,,
Derek Eusebio,WR,ARIZONASTATE,MORGST,,3.38,,,,,,0.01,0.61,0.18,0.13,17.19,0.56,0.1,,3.18,2.9,3.18,3.18,,,,,,,,,,,,
Chris Kiel,WR,NDST,AF,,3.38,,,,,,0,0,0,0.14,14.54,1.14,0.13,,3.434,2.864,3.434,3.434,,,,,,,,,,,,
Eric Smith,WR,LIB,LIB@JMAD,,3.38,,,,,,0.32,11,,0.01,2,,0.23,,3.28,3.28,3.28,3.28,,,,,,,,,,,,
Carson Brown,WR,HAWAII,UNLV,,3.37,,,,,,0.05,0,0,0.06,16.44,1.33,0.5,,3.634,2.969,3.634,3.634,,,,,,,,,,,,
Elijah Moore,WR,SYRACUSE,UNH,,3.33,,,,,,,,,0.11,14.72,1.19,0.11,,3.322,2.727,3.322,3.322,,,,,,,,,,,,
Ja'Cory Thomas,WR,VANDERBILT,APSU,,3.33,,,,,,0.02,0.4,0.11,0.09,17.38,1.12,0.35,,3.558,2.998,3.558,3.558,,,,,,,,,,,,
Lyndon Ravare,WR,NMEXST,FSU,0,3.33,,,,,,0,0,0,0.08,14.96,1.27,0.07,,3.246,2.611,3.246,3.246,,,,,,,,,,,,
Landon Baptiste,WR,LOUISIANALAFAYETTE,LAMAR,,3.27,,,,,,,,,0.12,13.32,1.2,0.12,,3.252,2.652,3.252,3.252,,,,,,,,,,,,
Jeremiah Nash,WR,UTEP,TXSO,,3.26,,,,,,0.01,0.17,0.1,0.1,12.86,1.37,0.3,,3.333,2.648,3.333,3.333,,,,,,,,,,,,
Evan James,WR,IOWA,NIU,,3.26,,,,,,0.03,2,0,0.08,12.9075,1.81,0.5,,3.96075,3.05575,3.96075,3.96075,,,,,,,,,,,,
Johntay Cook II,WR,MISS,LOU,,3.26,,,,,,0.01,0.99,0.21,0.11,13.2,1.13,0.55,,3.269,2.704,3.269,3.269,,,,,,,,,,,,
Navelle Dean,WR,KENN,KENSAW@ARKST,,3.26,,,,,,0.03,,,0.18,15,1.15,0.35,,3.91,3.335,3.91,3.91,,,,,,,,,,,,
Atticus Joseph,WR,STNFRD,DUKE,,3.25,,,,,,0.05,0,0,0.13,13.75,1.17,0.5,,3.625,3.04,3.625,3.625,,,,,,,,,,,,
Cameron Miller,WR,MISSISSIPPI,LOU,,3.25,,,,,,0.01,1.03,0.19,0.04,15.72,1.29,0.05,,3.265,2.62,3.265,3.265,,,,,,,,,,,,
Cade Wolford,WR,CIN,WCU,,3.24,,,,,,0.01,1.17,0.27,0.08,13.07,1.31,0.5,,3.274,2.619,3.274,3.274,,,,,,,,,,,,
Liam Thorpe,WR,STNFRD,DUKE,,3.23,,,,,,0.05,0,0,0.08,14.84,1.29,0.5,,3.554,2.909,3.554,3.554,,,,,,,,,,,,
Harper Hughes,WR,WESTERNMICHIGAN,MICH,,3.22,,,,,,0.06,4.88,0.27,0.06,12.41,0.94,0.14,,3.389,2.919,3.389,3.389,,,,,,,,,,,,
Jared Richardson,WR,DUKE,TULN,,3.21,,,,,,,,,0.08,15.71,1.06,0.56,,3.111,2.581,3.111,3.111,,,,,,,,,,,,
Nana Burris,WR,ARKANSASSTATE,MEMP,,3.2,,,,,,0.02,2,0,0.05,17.12,0.42,0.5,,2.752,2.542,2.752,2.752,,,,,,,,,,,,
Alante Brown,WR,MEMP,UNLV,0,3.19,,,,,,0,0,0,0.09,17.47,0.46,0.22,,2.747,2.517,2.747,2.747,,,,,,,,,,,,
Isaiah Robertson,WR,SMU,FSU,,3.18,,,,,,,,,0.07,15.75,1.18,0.5,,3.175,2.585,3.175,3.175,,,,,,,,,,,,
Rickey Taylor Jr.,WR,NORTHERNILLINOIS,IOWA,,3.16,,,,,,,,,0.01,16.21,1.49,0.5,,3.171,2.426,3.171,3.171,,,,,,,,,,,,
Austin Clay,WR,BOWLINGGREEN,NEB,,3.16,,,,,,0.01,1.5,0.41,0.07,12.89,1.17,0.07,,3.089,2.504,3.089,3.089,,,,,,,,,,,,
Amorion Walker,WR,UNLV,MEMP,0,3.15,,,,,,0,0,0,0.11,18.02,0.17,0.18,,2.632,2.547,2.632,2.632,,,,,,,,,,,,
Micah Mays Jr.,WR,FLA,FLAATL,,3.13,,,,,,0.05,0,0,0.14,14.96,1.04,0.5,,3.676,3.156,3.676,3.676,,,,,,,,,,,,
Chance Robinson,WR,NCST,RICH,,3.13,,,,,,0,0,0,0.1,13.5,1.21,0.07,,3.16,2.555,3.16,3.16,,,,,,,,,,,,
Ben Grice,WR,RICE,HOUCHR,,3.1,,,,,,0.01,2.41,0.46,0.1,8.91,1.21,0.38,,3.002,2.397,3.002,3.002,,,,,,,,,,,,
Deion DeBlanc,WR,WYO,CSU,,3.1,,,,,,0.04,1.67,0.11,0.05,13.86,1.1,0.5,,3.193,2.643,3.193,3.193,,,,,,,,,,,,
Jyziah Rockwell,WR,WESTERNKENTUCKY,NEVADA,,3.05,,,,,,,,,0.08,13.77,1.21,0.08,,3.067,2.462,3.067,3.067,,,,,,,,,,,,
Cam Pedro,WR,UNCCHARLOTTE,CIT,,3.04,,,,,,0,0,0,0.11,12.59,1.19,0.24,,3.109,2.514,3.109,3.109,,,,,,,,,,,,
Donovan Faupel,WR,ARKANSAS,NORTAL,,3.04,,,,,,0,0,0,0.04,15.7,1.25,0.1,,3.06,2.435,3.06,3.06,,,,,,,,,,,,
Cody Jackson,WR,IOWASTATE,SEMO,,3.991,,,,,,0.01,0.41,0.1,0.08,18.5,1.56,0.31,,3.991,3.211,3.991,3.991,,,,,,,,,,,,
Dylan Braithwaite,WR,RUTG,,,3,,,,,,0.05,,,0.45,,,0.5,,3,3,3,3,,,,,,,,,,,,
Michael Thomas III,WR,RUTG,,,3,,,,,,0.05,,,0.45,,,0.5,,3,3,3,3,,,,,,,,,,,,
Walker Bryson,WR,WAKE,,,3,,,,,,0.05,,,0.45,,,0.5,,3,3,3,3,,,,,,,,,,,,
Rahkeem Smith,WR,GT,UGA,,3,,,,,,0.05,0,0,0.45,0,0,0.5,,3,3,3,3,,,,,,,,,,,,
Jaiven Plummer,WR,GT,,,3,,,,,,0.05,,,0.45,,,0.5,,3,3,3,3,,,,,,,,,,,,
Ernest Campbell,WR,COLO,,,3,,,,,,0.05,,,0.45,,,0.5,,3,3,3,3,,,,,,,,,,,,
Kenyon Alston,WR,ILL,,,3,,,,,,0.05,,,0.45,,,0.5,,3,3,3,3,,,,,,,,,,,,
Nas Rankin,WR,ILL,,,3,,,,,,0.05,,,0.45,,,0.5,,3,3,3,3,,,,,,,,,,,,
Jailen Holmes,WR,UAB,,,3,,,,,,0.05,,,0.45,,,0.5,,3,3,3,3,,,,,,,,,,,,
Ethan Feaster,WR,USC,,,3,,,,,,0.05,,,0.45,,,0.5,,3,3,3,3,,,,,,,,,,,,
Keelan Smith,WR,NEB,,,3,,,,,,0.05,,,0.45,,,0.5,,3,3,3,3,,,,,,,,,,,,
James Tyre,WR,UNT,,,3,,,,,,0.05,,,0.45,,,0.5,,3,3,3,3,,,,,,,,,,,,
Muizz Tounkara,WR,HOU,,,3,,,,,,0.05,,,0.45,,,0.5,,3,3,3,3,,,,,,,,,,,,
Cyrus Traugh,WR,WVU,,,3,,,,,,0.05,,,0.45,,,0.5,,3,3,3,3,,,,,,,,,,,,
Charly Mullaly,WR,SCAR,,,3,,,,,,0.05,,,0.45,,,0.5,,3,3,3,3,,,,,,,,,,,,
Malik Clark,WR,SCAR,,,3,,,,,,0.05,,,0.45,,,0.5,,3,3,3,3,,,,,,,,,,,,
CJ Wiley,WR,UGA,,,3,,,,,,0.05,,,0.45,,,0.5,,3,3,3,3,,,,,,,,,,,,
Christian Hamilton,WR,MRSH,,,3,,,,,,0.05,,,0.45,,,0.5,,3,3,3,3,,,,,,,,,,,,
Keith Jones Jr.,WR,PSU,,,3,,,,,,0.05,,,0.45,,,0.5,,3,3,3,3,,,,,,,,,,,,
Peter Gonzalez,WR,PSU,,,3,,,,,,0.05,,,0.45,,,0.5,,3,3,3,3,,,,,,,,,,,,
Gatlin Bair,WR,ORE,,,3,,,,,,0.05,,,0.45,,,0.5,,3,3,3,3,,,,,,,,,,,,
Jarriett Buie,WR,IOWA,,,3,,,,,,0.05,,,0.45,,,0.5,,3,3,3,3,,,,,,,,,,,,
Bricen Brantley,WR,WYO,,,3,,,,,,0.05,,,0.45,,,0.5,,3,3,3,3,,,,,,,,,,,,
JeyQuan Smith,WR,USF,,,3,,,,,,0.05,,,0.45,,,0.5,,3,3,3,3,,,,,,,,,,,,
Cole Turner,WR,CLEM,,,3,,,,,,0.05,,,0.45,,,0.5,,3,3,3,3,,,,,,,,,,,,
Travis Johnson,WR,MICH,,,3,,,,,,0.05,,,0.45,,,0.5,,3,3,3,3,,,,,,,,,,,,
Kahleil Jackson,WR,FLA,,,3,,,,,,0.05,,,0.45,,,0.5,,3,3,3,3,,,,,,,,,,,,
Jaylen Lloyd,WR,FLA,,,3,,,,,,0.05,,,0.45,,,0.5,,3,3,3,3,,,,,,,,,,,,
Diezel Kamoku,WR,HAWAII,,,3,,,,,,0.05,,,0.45,,,0.5,,3,3,3,3,,,,,,,,,,,,
Tre' Griffiths,WR,HAWAII,,,3,,,,,,0.05,,,0.45,,,0.5,,3,3,3,3,,,,,,,,,,,,
Dillon Lorick,WR,ECU,,,3,,,,,,0.05,,,0.45,,,0.5,,3,3,3,3,,,,,,,,,,,,
Zion Robinson,WR,STNFRD,,,3,,,,,,0.05,,,0.45,,,0.5,,3,3,3,3,,,,,,,,,,,,
Quentin Gibson,WR,COLO,,,3,,,,,,0.05,,,0.45,,,0.5,,3,3,3,3,,,,,,,,,,,,
Jayden Moore,WR,DUKE,TULN,,2.99,,,,,,,,,0.11,13.34,0.97,0.38,,2.964,2.479,2.964,2.964,,,,,,,,,,,,
Kavon Simmons,WR,DUKE,ILL,,2.98,,,,,,0.05,,,0.08,13.68,1.04,0.5,,3.188,2.668,3.188,3.188,,,,,,,,,,,,
Tron Baker,WR,USC,ULLAF,,2.96,,,,,,0.05,0,0,0.06,14.77,1.17,0.5,,3.307,2.722,3.307,3.307,,,,,,,,,,,,
Terrell Anderson,WR,USC,SJST,0,2.9,,,,,,0,0,0,0.09,15.62,0.46,0.72,,2.562,2.332,2.562,2.562,,,,,,,,,,,,
Naeshaun Montgomery,WR,MIZZ,KU,,2.87,,,,,,0.05,0,0,0.05,16.35,1.38,0.5,,3.615,2.925,3.615,3.615,,,,,,,,,,,,
Tony Kinsler,WR,PITT,MIAOH,,2.85,,,,,,0.05,0,0,0.06,15.43,1.17,0.5,,3.373,2.788,3.373,3.373,,,,,,,,,,,,
Cynai Thomas,WR,ORST,OREGST@COLOST,,2.81,,,,,,0.01,,,0.08,17,1.31,0.08,,3.55,2.895,3.55,3.55,,,,,,,,,,,,
Caleb Goodie Sr.,WR,MIZZ,ARKPB,,2.79,,,,,,0.05,0,0,0.05,16.68,0.56,0.5,,2.828,2.548,2.828,2.828,,,,,,,,,,,,
Braylen Naves,WR,CMU,COLG,,2.79,,,,,,0.02,0.17,0.07,0.13,11.88,0.79,0.19,,2.895,2.5,2.895,2.895,,,,,,,,,,,,
La'Keyleon Graves,WR,TEXASSTATE,TEX,,2.76,,,,,,0,0,0,0.05,17.21,0.38,0.08,,2.401,2.211,2.401,2.401,,,,,,,,,,,,
Perry Thompson,WR,MINNESOTA,EASTIL,,2.75,,,,,,0,0,0,0.06,17.01,0.53,0.11,,2.591,2.326,2.591,2.591,,,,,,,,,,,,
Devin Carter,WR,FSU,SMU,,2.73,,,,,,0.01,0,0,0.06,12.66,1.17,0.1,,2.856,2.271,2.856,2.856,,,,,,,,,,,,
Kyle Koch,WR,NTEXAS,NTEXAS@TULSA,,2.72,,,,,,,,,0.13,15,1.15,0.13,,3.43,2.855,3.43,3.43,,,,,,,,,,,,
Joshua Guerin,WR,NAVY,TOWSON,,2.71,,,,,,0.08,1.84,0.11,0.08,13,0.41,0.08,,2.854,2.649,2.854,2.854,,,,,,,,,,,,
George Dimopoulos,WR,NORTHERNILLINOIS,IOWA,,2.69,,,,,,,0.03,0.03,0.07,11.84,1.13,0.5,,2.737,2.172,2.737,2.737,,,,,,,,,,,,
Devin Matthews,WR,MASSACHUSETTS,RUT,,2.68,,,,,,0.01,0.13,0.06,0.04,16.37,0.58,0.16,,2.53,2.24,2.53,2.53,,,,,,,,,,,,
Xavier Owens,WR,FRESNOSTATE,USC,,2.67,,,,,,,,,0.06,11.35,1.17,0.06,,2.665,2.08,2.665,2.665,,,,,,,,,,,,
Jaylin Marshall,WR,GAST,GAST@UCF,,2.65,,,,,,,,,0.06,14,1.38,0.06,,3.14,2.45,3.14,3.14,,,,,,,,,,,,
Devin Hyatt,WR,MIAOH,PITT,,2.65,,,,,,0,0,0,0.06,12.61,1.05,0.04,,2.671,2.146,2.671,2.671,,,,,,,,,,,,
Brycen Coleman,WR,VANDERBILT,APSU,,2.63,,,,,,0.01,0.55,0.11,0.03,13.48,1.04,0.13,,2.683,2.163,2.683,2.683,,,,,,,,,,,,
Moussa Barry,WR,WKU,UGA,,2.58,,,,,,0.05,0,0,0.04,12.34,1.04,0.5,,2.814,2.294,2.814,2.814,,,,,,,,,,,,
Jay Wilkerson,WR,LOUISIANATECH,NWST,,2.54,,,,,,0,0.11,0.03,0.13,11.73,0.6,0.11,,2.564,2.264,2.564,2.564,,,,,,,,,,,,
Mark Hamper,WR,CAL,UCLA,,2.54,,,,,,0,0,0,0.04,11.16,1.15,0.06,,2.506,1.931,2.506,2.506,,,,,,,,,,,,
Ricky Ahumaraeze,WR,NORTHWESTERN,SDAKST,,2.52,,,,,,0,0,0,0.02,15.76,1.33,0.06,,3.026,2.361,3.026,3.026,,,,,,,,,,,,
Titan Lacaden,WR,HAWAII,UNLV,,2.52,,,,,,,,,0.07,9.52,1.12,0.07,,2.492,1.932,2.492,2.492,,,,,,,,,,,,
Debron Gatling,WR,GT,CU,,2.52,,,,,,0.01,0.34,0.08,0.08,12.07,0.72,0.5,,2.501,2.141,2.501,2.501,,,,,,,,,,,,
TJ Abrams,WR,FLA,FAU@FLA,,2.49,,,,,,0.05,,,0.01,15,1.08,0.5,,2.94,2.4,2.94,2.94,,,,,,,,,,,,
Max Mosey,WR,RICE,HOUCHR,,2.46,,,,,,0.01,2.54,0.41,0.08,8.96,0.65,0.17,,2.34,2.015,2.34,2.34,,,,,,,,,,,,
Reggie Frischknecht,WR,BYU,UTAHTE,,2.41,,,,,,0,0,0,0.07,11.96,0.82,0.06,,2.436,2.026,2.436,2.436,,,,,,,,,,,,
Raiden Vines-Bright,WR,ARIZONASTATE,MORGST,,2.4,,,,,,0.01,0.4,0.13,0.06,11.4,0.96,0.17,,2.56,2.08,2.56,2.56,,,,,,,,,,,,
Jordan Ross,WR,ARIZ,ARIZ@BYU,,2.38,,,,,,,,,0.08,13,0.85,0.04,,2.63,2.205,2.63,2.63,,,,,,,,,,,,
Wondame Davis Jr.,WR,WAKE,AKR,,2.38,,,,,,0,0,0,0.14,11.22,0.27,0.16,,2.232,2.097,2.232,2.232,,,,,,,,,,,,
Carnell Warren,WR,UNC,TCU,0,2.37,,,,,,0,0,0,0.03,15.08,0.29,0.05,,1.978,1.833,1.978,1.978,,,,,,,,,,,,
Rahji Dennis,WR,LOUISIANALAFAYETTE,LAMAR,,2.36,,,,,,0,0,0,0.06,13.81,0.28,0.24,,2.021,1.881,2.021,2.021,,,,,,,,,,,,
Reed Swanson,WR,BC,CIN,,2.33,,,,,,0,0,0,0.08,11.71,0.7,0.34,,2.351,2.001,2.351,2.351,,,,,,,,,,,,
Oliver Mitchell Jr.,WR,TULN,DUKE,,2.29,,,,,,0.05,,,0.04,12.05,0.8,0.5,,2.545,2.145,2.545,2.545,,,,,,,,,,,,
Ayden Williams,WR,MSST,ULMON,,2.29,,,,,,0.05,0.11,0.04,0.03,15,0.54,0.5,,2.531,2.261,2.531,2.531,,,,,,,,,,,,
Jon Monteiro,WR,LIBERTY,JMU,,2.28,,,,,,0,0,0,0.07,12.71,0.21,0.5,,1.901,1.796,1.901,1.901,,,,,,,,,,,,
Kezion Dia-Johnson,WR,MASSACHUSETTS,RUT,,2.26,,,,,,0.01,0.27,0.08,0.06,8.75,0.99,0.04,,2.312,1.817,2.312,2.312,,,,,,,,,,,,
Cederian Morgan,WR,ALA,ECU,,2.25,,,,,,0,0,0,0.08,9.63,0.76,0.1,,2.203,1.823,2.203,2.203,,,,,,,,,,,,
Harold Duvall,WR,FRESNOSTATE,USC,,2.22,,,,,,0,0.13,0.04,0.04,12.77,0.74,0.5,,2.27,1.9,2.27,2.27,,,,,,,,,,,,
DJ Darling,WR,UNM,MERCYH,,2.21,,,,,,0.01,,0.16,0.06,11.05,0.69,0.19,,2.215,1.87,2.215,2.215,,,,,,,,,,,,
Qua'Vez Humphreys,WR,WKU,NEVADA,,2.21,,,,,,0,0,0,0.08,8.36,0.91,0.14,,2.226,1.771,2.226,2.226,,,,,,,,,,,,
Izaiah Williams,WR,KANSASSTATE,NICH,,2.19,,,,,,0.01,1.52,0.24,0.04,9.09,0.82,0.32,,2.181,1.771,2.181,2.181,,,,,,,,,,,,
Tobi Olawole,WR,ARMY,BRYANT,,2.18,,,,,,0,0,0,0.08,12.56,0.83,0.01,,2.566,2.151,2.566,2.566,,,,,,,,,,,,
Kristion Brooks,WR,ULL,ARKST@UL,,2.17,,,,,,0.01,,,0.06,12,0.92,0.06,,2.54,2.08,2.54,2.54,,,,,,,,,,,,
Aidan Mizell,WR,UCLA,UCLA@CAL,,2.17,,,,,,0.05,,,0.07,12,0.85,0.5,,2.77,2.345,2.77,2.77,,,,,,,,,,,,
Dalin Wilkins,WR,EMICH,SJST,,2.17,,,,,,0.05,,,0.08,9.5,0.79,0.5,,2.52,2.125,2.52,2.52,,,,,,,,,,,,
Quinton Brown,WR,BSU,ORE,,2.16,,,,,,0.01,0.23,0.07,0.11,9.07,0.58,0.5,,2.23,1.94,2.23,2.23,,,,,,,,,,,,
Jean Louis III,WR,AKR,UNLV@AKRON,,2.15,,,,,,0.05,,,0.01,14,1.08,0.5,,2.84,2.3,2.84,2.84,,,,,,,,,,,,
Davis Bryson,WR,KENNESAWSTATE,WESTGA,,2.15,,,,,,0.01,0.46,0.28,0.05,10.8,0.65,0.11,,2.136,1.811,2.136,2.136,,,,,,,,,,,,
Jaylan Brown,WR,UTEP,OKLA,,2.12,,,,,,0.01,0.06,0.15,0.07,10.76,0.6,0.5,,2.162,1.862,2.162,2.162,,,,,,,,,,,,
Roman Mothershed,WR,LSU,LSU@MISS,,2.04,,,,,,,,,0.01,11,1.31,0.01,,2.47,1.815,2.47,2.47,,,,,,,,,,,,
Cade Osterman,WR,NDST,FORD,,2.02,,,,,,0,0,0,0.06,8.91,0.82,0.07,,2.071,1.661,2.071,2.071,,,,,,,,,,,,
De'Nylon Morrissette,WR,PURDUE,INST,,3.825333333,,,,,,0.03,2,0,0.06,15.22,1.563333333,0.16,,3.825333333,3.043666667,3.825333333,3.825333333,,,,,,,,,,,,
Cortez Mills Jr.,WR,NEB,OHIO,,2,,,,,,0.05,0,0,0.07,9.75,0.65,0.5,,2.345,2.02,2.345,2.345,,,,,,,,,,,,
Israel Polk,WR,OKST,TLSA,,1.98,,,,,,0.01,2,,0.08,8.25,0.76,0.5,,2.325,1.945,2.325,2.325,,,,,,,,,,,,
CJ Nelson,WR,BALLSTATE,OSU,,1.96,,,,,,0.03,2.04,0.42,0.04,7.13,0.71,0.5,,2.047,1.692,2.047,2.047,,,,,,,,,,,,
Sterling Berkhalter,WR,TEX,TXST,,1.96,,,,,,0.05,,,0.06,8.55,0.81,0.5,,2.325,1.92,2.325,2.325,,,,,,,,,,,,
Khai Taylor,WR,SACST,MSVL,,1.92,,,,,,0.01,1.48,0.21,0.04,7.19,0.71,0.06,,1.877,1.522,1.877,1.877,,,,,,,,,,,,
Shamar Rigby,WR,WIS,WESTIL,,1.92,,,,,,0.01,0.38,0.1,0.08,9.02,0.49,0.5,,1.97,1.725,1.97,1.97,,,,,,,,,,,,
Tobias Merriweather,WR,UTAH,ARK@UTAH,,1.91,,,,,,0.05,,,0.06,10,0.85,0.5,,2.51,2.085,2.51,2.51,,,,,,,,,,,,
T.J. West,WR,UTSA,UTRGV,,1.9,,,,,,0,0.17,0.06,0.08,7.56,0.64,0.16,,1.893,1.573,1.893,1.893,,,,,,,,,,,,
Kendall Jones,WR,CENTRALMICHIGAN,NM,,1.89,,,,,,,0.2,0.1,0.07,8.71,0.58,0.07,,1.891,1.601,1.891,1.891,,,,,,,,,,,,
Isaiah Fuhrmann,WR,GT,CU,,1.88,,,,,,,,,0.07,8.93,0.63,0.39,,1.943,1.628,1.943,1.943,,,,,,,,,,,,
Anthony Simpson,WR,TOL,MSU,,1.88,,,,,,0.01,0.2,0.06,0.04,7.42,0.8,0.5,,1.862,1.462,1.862,1.862,,,,,,,,,,,,
Vernon Allen III,WR,RUTG,MASS,,1.87,,,,,,0,0,0,0.07,7.81,0.68,0.03,,1.881,1.541,1.881,1.881,,,,,,,,,,,,
Dwayne Early Jr.,WR,BUFF,WMICH@BUFF,,1.81,,,,,,0.02,,,0.03,11,0.85,0.16,,2.25,1.825,2.25,2.25,,,,,,,,,,,,
Derek Meadows,WR,ALA,ECU,,1.81,,,,,,0.05,0,0,0.06,8.14,0.68,0.5,,2.154,1.814,2.154,2.154,,,,,,,,,,,,
Nick Tyree,WR,DELAWARE,MERRIM,,1.77,,,,,,0.01,0.69,0.17,0.07,6.71,0.66,0.18,,1.88,1.55,1.88,1.88,,,,,,,,,,,,
Darrell Gill Jr.,WR,MISS,LOU,,1.77,,,,,,0.05,0.1,0.04,0.07,7.89,0.56,0.5,,2.079,1.799,2.079,2.079,,,,,,,,,,,,
Parker Livingstone,WR,OKLA,UTEP,,1.77,,,,,,0.05,,,0.04,7.38,0.82,0.5,,2.098,1.688,2.098,2.098,,,,,,,,,,,,
Tristan Smith,WR,CLEM,LSU,,1.73,,,,,,0.05,0,0,0.01,10.45,0.4,0.5,,1.805,1.605,1.805,1.805,,,,,,,,,,,,
Coi Jean-Noel,WR,GT,TENN,,1.73,,,,,,0,0,0,0.04,8.57,0.59,0.03,,1.687,1.392,1.687,1.687,,,,,,,,,,,,
Lebron Bond,WR,IND,UNT,,1.71,,,,,,0.05,0,0,0.1,5.53,0.62,0.5,,2.073,1.763,2.073,2.073,,,,,,,,,,,,
Dayton Howard,WR,IOWA,NIU,,1.7,,,,,,0.05,0,0,0.06,8.52,0.43,0.5,,1.942,1.727,1.942,1.942,,,,,,,,,,,,
Emazon Littlejohn,WR,WMU,MICH,,1.69,,,,,,0,0.41,0.08,0.04,8.54,0.56,0.01,,1.695,1.415,1.695,1.695,,,,,,,,,,,,
Rodney Harris II,WR,OKST,TLSA,,1.67,,,,,,0.05,,,0.04,8.29,0.6,0.5,,1.969,1.669,1.969,1.969,,,,,,,,,,,,
VJ Wilkins,WR,BC,RUT@BC,,1.67,,,,,,,,,0.04,11,0.85,0.03,,2.19,1.765,2.19,2.19,,,,,,,,,,,,
Derrick Salley Jr.,WR,KANSASSTATE,NICH,,1.65,,,,,,,,,0.04,7.11,0.74,0.09,,1.691,1.321,1.691,1.691,,,,,,,,,,,,
Izaiah Hartrup,WR,MISSISSIPPI,CHAR,,1.65,,,,,,,0.2,0.04,0.04,7.79,0.64,0.05,,1.679,1.359,1.679,1.679,,,,,,,,,,,,
Carterrious Brown,WR,SMU,UCDAV,,1.63,,,,,,0,0,0,0.04,7.84,0.64,0.05,,1.664,1.344,1.664,1.664,,,,,,,,,,,,
Jayon Farrar,WR,FRESNO,SACST@FRESNO,,1.63,,,,,,0,0,0,0.04,6.08,0.82,0.5,,1.668,1.258,1.668,1.668,,,,,,,,,,,,
Jasen Lopez,WR,FSU,SMU,,1.63,,,,,,0,0.21,0.07,0.04,6.67,0.76,0.03,,1.688,1.308,1.688,1.688,,,,,,,,,,,,
Tyree Patterson,WR,MIDDLETENNST,MUR,,1.6,,,,,,0,0,0,0.04,7.59,0.57,0.17,,1.569,1.284,1.569,1.569,,,,,,,,,,,,
Jaren Hamilton,WR,ARIZONASTATE,TEXAM,,1.6,,,,,,0.01,,0.1,0.03,6.66,0.77,0.08,,1.676,1.291,1.676,1.676,,,,,,,,,,,,
Kyri Shoels,WR,UTAH,IDAHO,,1.6,,,,,,,,,0.06,7.56,0.55,0.37,,1.666,1.391,1.666,1.666,,,,,,,,,,,,
Jaceon Doss,WR,NEV,WESTKY,,1.6,,,,,,0.01,0.32,0.06,0.04,7.58,0.54,0.16,,1.63,1.36,1.63,1.63,,,,,,,,,,,,
Kam Mikell,WR,GEORGIASOUTHERN,CHSOU,,1.6,,,,,,0,0,0,0.06,7.33,0.54,0.25,,1.633,1.363,1.633,1.633,,,,,,,,,,,,
Kenyon Shabazz,WR,SACST,FRES,,1.58,,,,,,,,,0.04,6.91,0.69,0.06,,1.621,1.276,1.621,1.621,,,,,,,,,,,,
Ryan Manning,WR,MARYLAND,HAMP,,1.56,,,,,,0,0,0,0.01,6.38,0.81,0.11,,1.508,1.103,1.508,1.508,,,,,,,,,,,,
Brian Williams,WR,AUB,BAY,,1.56,,,,,,0,0,0,0.04,7.42,0.58,0.14,,1.562,1.272,1.562,1.562,,,,,,,,,,,,
Carter Pabst,WR,IOWASTATE,SEMO,,1.56,,,,,,0,0,0,0.03,8.3,0.56,0.16,,1.57,1.29,1.57,1.57,,,,,,,,,,,,
Kaliq Lockett,WR,TEX,TXST,,1.54,,,,,,0.05,,,0.04,5.21,0.74,0.5,,1.801,1.431,1.801,1.801,,,,,,,,,,,,
Jackson Voth,WR,LOU,MISS,,1.54,,,,,,0.05,0,0,0.04,6.83,0.63,0.5,,1.853,1.538,1.853,1.853,,,,,,,,,,,,
Giyahni Kontosis,WR,CIN,BC,,1.52,,,,,,0.05,0,0,0.03,7.26,0.69,0.5,,1.896,1.551,1.896,1.896,,,,,,,,,,,,
Janiran Bonner,WR,NEB,OHIO,,1.52,,,,,,0.01,0.91,0.29,0.04,4.81,0.68,0.5,,1.552,1.212,1.552,1.552,,,,,,,,,,,,
Malik Elzy,WR,LSU,LATECH,,1.5,,,,,,0.05,0,0,0.04,7.13,0.55,0.5,,1.803,1.528,1.803,1.803,,,,,,,,,,,,
Taylor Bradshaw,WR,GEORGIASOUTHERN,CHSOU,,1.48,,,,,,0,0.17,0.04,0.04,6.13,0.61,0.18,,1.48,1.175,1.48,1.48,,,,,,,,,,,,
Jalen Moss,WR,ARIZONASTATE,MORGST,,1.42,,,,,,0,0,0,0.03,6.56,0.61,0.09,,1.446,1.141,1.446,1.446,,,,,,,,,,,,
Ramier Hardy,WR,TEMPLE,URI,,1.41,,,,,,0.01,0.08,0.2,0.05,5.26,0.54,0.06,,1.434,1.164,1.434,1.434,,,,,,,,,,,,
DaMarion Fowlkes,WR,MISSOURI,ARKPB,,1.4,,,,,,0.01,0.33,0.08,0.01,7.29,0.56,0.06,,1.442,1.162,1.442,1.442,,,,,,,,,,,,
Dylan Gentry,WR,JAXST,EASTKY,,1.37,,,,,,,,,0.04,4.81,0.65,0.04,,1.371,1.046,1.371,1.371,,,,,,,,,,,,
Zamondre Merriweather,WR,SYRACUSE,UNH,,1.35,,,,,,0,0.03,0.04,0.04,5.47,0.54,0.11,,1.33,1.06,1.33,1.33,,,,,,,,,,,,
AJ Johnson,WR,UAB,ILL,,1.33,,,,,,0.05,0,0,0.05,6.83,0.33,0.5,,1.613,1.448,1.613,1.613,,,,,,,,,,,,
Stratton Fuller,WR,ARMY,,,1.32,,,,,,0.02,,,0.2,,,0.22,,1.32,1.32,1.32,1.32,,,,,,,,,,,,
Jordan Martin,WR,TXST,,,1.32,,,,,,0.02,,,0.2,,,0.22,,1.32,1.32,1.32,1.32,,,,,,,,,,,,
Zy'marion Lang,WR,UCONN,LAF,,1.31,,,,,,0,0,0,0.04,6.54,0.32,0.11,,1.214,1.054,1.214,1.214,,,,,,,,,,,,
Coen Logan,WR,TEMPLE,PSU,,1.29,,,,,,0.01,0.1,0.2,0.04,4.79,0.54,0.04,,1.329,1.059,1.329,1.329,,,,,,,,,,,,
Tyrell Simmons,WR,BUFFALO,ALBANY,,1.27,,,,,,0,0,0,0.07,5.92,0.33,0.21,,1.342,1.177,1.342,1.342,,,,,,,,,,,,
Darren Morris,WR,BSU,ORE,,1.25,,,,,,0.05,0,0,0.06,5.22,0.42,0.5,,1.602,1.392,1.602,1.602,,,,,,,,,,,,
Sam Mbake,WR,APPALACHIANSTATE,MAINE,,1.25,,,,,,,,,0.04,5,0.58,0.15,,1.32,1.03,1.32,1.32,,,,,,,,,,,,
David Pantelis,WR,STNFRD,MIAFL,,1.25,,,,,,0,0,0,0.06,6.16,0.32,0.04,,1.296,1.136,1.296,1.296,,,,,,,,,,,,
Cameron Monteiro,WR,AKR,WAKE,,1.23,,,,,,0.05,0,0,0.04,5.41,0.46,0.5,,1.541,1.311,1.541,1.541,,,,,,,,,,,,
Trey Johnson,WR,BOWLINGGREEN,TARLST,,1.19,,,,,,0,0.11,0.03,0.03,5.04,0.51,0.04,,1.205,0.95,1.205,1.205,,,,,,,,,,,,
Krosse Johnson,WR,COASTALCAROLINA,WVU,,1.15,,,,,,0,0,0,0.01,5.71,0.53,0.01,,1.161,0.896,1.161,1.161,,,,,,,,,,,,
Kayleb Barnett,WR,VAN,,,1.14,,,,,,0.02,,,0.17,,,0.19,,1.14,1.14,1.14,1.14,,,,,,,,,,,,
Landon Roldan,WR,UGA,,,1.14,,,,,,0.02,,,0.17,,,0.19,,1.14,1.14,1.14,1.14,,,,,,,,,,,,
Tyran Warren,WR,NCST,,,1.14,,,,,,0.02,,,0.17,,,0.19,,1.14,1.14,1.14,1.14,,,,,,,,,,,,
Jackson Wade,WR,BC,RUT,,1.13,,,,,,0.01,0,0,0.04,5.13,0.43,0.12,,1.243,1.028,1.243,1.243,,,,,,,,,,,,
Rashawn Cunningham,WR,LIB,JMU,,1.13,,,,,,0.05,0,0,0.07,5.38,0.23,0.5,,1.488,1.373,1.488,1.488,,,,,,,,,,,,
Terry Shelton,WR,TCU,GRAM,,1.13,,,,,,0,0,0,0.07,5.21,0.27,0.16,,1.211,1.076,1.211,1.211,,,,,,,,,,,,
Brandon Buckhaulter,WR,ULM,,,1.08,,,,,,0.02,,,0.16,,,0.18,,1.08,1.08,1.08,1.08,,,,,,,,,,,,
TJ Chukwurah,WR,UNT,,,1.08,,,,,,0.02,,,0.16,,,0.18,,1.08,1.08,1.08,1.08,,,,,,,,,,,,
Brendon McQueen,WR,MISSOURISTATE,LINDEN,,1.04,,,,,,,,,0.04,5.42,0.32,0.09,,1.102,0.942,1.102,1.102,,,,,,,,,,,,
Leland Smith,WR,UCLA,CAL,,1.02,,,,,,0.05,0.06,0.03,0.04,4.63,0.38,0.5,,1.389,1.199,1.389,1.389,,,,,,,,,,,,
Jamari Miller,WR,GAST,,,1.02,,,,,,0.02,,,0.15,,,0.17,,1.02,1.02,1.02,1.02,,,,,,,,,,,,
Troy Stellato,WR,UNLV,HAWAII,,0.97,,,,,,0.03,0.04,0.01,0.04,4.34,0.29,0.19,,1.148,1.003,1.148,1.148,,,,,,,,,,,,
Hayden Moore,WR,MINN,,,0.96,,,,,,0.02,,,0.14,,,0.16,,0.96,0.96,0.96,0.96,,,,,,,,,,,,
Jordan Scott,WR,MD,,,0.96,,,,,,0.02,,,0.14,,,0.16,,0.96,0.96,0.96,0.96,,,,,,,,,,,,
Ejani Shakir,WR,MD,,,0.96,,,,,,0.02,,,0.14,,,0.16,,0.96,0.96,0.96,0.96,,,,,,,,,,,,
Isaiah Robinson,WR,UVA,,,0.96,,,,,,0.02,,,0.14,,,0.16,,0.96,0.96,0.96,0.96,,,,,,,,,,,,
Kyle Thomas,WR,SIU,,,0.96,,,,,,0.02,,,0.14,,,0.16,,0.96,0.96,0.96,0.96,,,,,,,,,,,,
DeBraun Hampton,WR,BAY,,,0.96,,,,,,0.02,,,0.14,,,0.16,,0.96,0.96,0.96,0.96,,,,,,,,,,,,
Karon Brookins,WR,PSU,,,0.96,,,,,,0.02,,,0.14,,,0.16,,0.96,0.96,0.96,0.96,,,,,,,,,,,,
Josiah Fetui,WR,HAWAII,,,0.96,,,,,,0.02,,,0.14,,,0.16,,0.96,0.96,0.96,0.96,,,,,,,,,,,,
Kyle Parker,WR,OSU,BALLST@OHIOST,,0.95,,,,,,0.01,0.28,0.07,0.04,3.23,0.38,0.5,,1.031,0.841,1.031,1.031,,,,,,,,,,,,
Major Everhart,WR,TCU,UNC,,0.95,,,,,,0.01,0.18,0.13,0.04,3.71,0.33,0.11,,1.019,0.854,1.019,1.019,,,,,,,,,,,,
De'Andre Tamarez,WR,MRSH,PSU,,0.9,,,,,,0,0,0,0.03,4.81,0.32,0.16,,0.981,0.821,0.981,0.981,,,,,,,,,,,,
Tavian McNair,WR,UNLV,,,0.9,,,,,,0.01,,,0.14,,,0.15,,0.9,0.9,0.9,0.9,,,,,,,,,,,,
Darius Cannon,WR,JVST,,,0.9,,,,,,0.01,,,0.14,,,0.15,,0.9,0.9,0.9,0.9,,,,,,,,,,,,
Demetrice McCray,WR,PITT,,,0.9,,,,,,0.01,,,0.14,,,0.15,,0.9,0.9,0.9,0.9,,,,,,,,,,,,
Jalen Jones,WR,TTU,,,0.9,,,,,,0.01,,,0.14,,,0.15,,0.9,0.9,0.9,0.9,,,,,,,,,,,,
Jackson Wasserstrom,WR,IND,,,0.9,,,,,,0.01,,,0.14,,,0.15,,0.9,0.9,0.9,0.9,,,,,,,,,,,,
R.J. Mosley,WR,ARIZ,,,0.9,,,,,,0.01,,,0.14,,,0.15,,0.9,0.9,0.9,0.9,,,,,,,,,,,,
Collin Payne,WR,CMU,,,0.9,,,,,,0.01,,,0.14,,,0.15,,0.9,0.9,0.9,0.9,,,,,,,,,,,,
Nikko Boncore,WR,USU,,,0.9,,,,,,0.01,,,0.14,,,0.15,,0.9,0.9,0.9,0.9,,,,,,,,,,,,
Vance Spafford,WR,MIA,,,0.9,,,,,,0.01,,,0.14,,,0.15,,0.9,0.9,0.9,0.9,,,,,,,,,,,,
Josh Smith,WR,TLSA,OKST,,0.88,,,,,,0.05,0.07,0.03,0.04,3.71,0.28,0.5,,1.198,1.058,1.198,1.198,,,,,,,,,,,,
Jay Jay Etheridge,WR,KENT,SCAR,,0.85,,,,,,0.01,0.03,0.03,0.01,3.84,0.38,0.5,,0.887,0.697,0.887,0.887,,,,,,,,,,,,
KJ Parker,WR,IOWA,NIU,,0.84,,,,,,0.05,0,0,0.04,4.13,0.27,0.5,,1.223,1.088,1.223,1.223,,,,,,,,,,,,
Kamari Maxwell,WR,SHSU,,,0.84,,,,,,0.01,,,0.13,,,0.14,,0.84,0.84,0.84,0.84,,,,,,,,,,,,
Miles Williams,WR,UNM,,,0.84,,,,,,0.01,,,0.13,,,0.14,,0.84,0.84,0.84,0.84,,,,,,,,,,,,
Braden Reed,WR,VILL,,,0.84,,,,,,0.01,,,0.13,,,0.14,,0.84,0.84,0.84,0.84,,,,,,,,,,,,
Shandon King,WR,UNT,,,0.84,,,,,,0.01,,,0.13,,,0.14,,0.84,0.84,0.84,0.84,,,,,,,,,,,,
C.J. Sadler,WR,UNC,,,0.84,,,,,,0.01,,,0.13,,,0.14,,0.84,0.84,0.84,0.84,,,,,,,,,,,,
Somourian Wingo,WR,MIA,,,0.84,,,,,,0.01,,,0.13,,,0.14,,0.84,0.84,0.84,0.84,,,,,,,,,,,,
Lex Cyrus,WR,SCAR,,,0.84,,,,,,0.01,,,0.13,,,0.14,,0.84,0.84,0.84,0.84,,,,,,,,,,,,
Hogan Wasson,WR,MTU,,,0.84,,,,,,0.01,,,0.13,,,0.14,,0.84,0.84,0.84,0.84,,,,,,,,,,,,
Malachi Durant,WR,ORST,,,0.84,,,,,,0.01,,,0.13,,,0.14,,0.84,0.84,0.84,0.84,,,,,,,,,,,,
Kenny Odom,WR,USF,,,0.84,,,,,,0.01,,,0.13,,,0.14,,0.84,0.84,0.84,0.84,,,,,,,,,,,,
Jared Kelley,WR,KENT,,,0.84,,,,,,0.01,,,0.13,,,0.14,,0.84,0.84,0.84,0.84,,,,,,,,,,,,
Vincent Carner,WR,UNLV,,,0.84,,,,,,0.01,,,0.13,,,0.14,,0.84,0.84,0.84,0.84,,,,,,,,,,,,
Bodpegn Miller,WR,WASH,WASHST,,0.83,,,,,,0,0,0,0.03,4,0.32,0.04,,0.9,0.74,0.9,0.9,,,,,,,,,,,,
Christian Neptune,WR,AUB,BAY,,0.83,,,,,,0.01,0.58,0.14,0.01,3.63,0.32,0.31,,0.861,0.701,0.861,0.861,,,,,,,,,,,,
Damarcco Blanton,WR,LOUISIANAMONROE,MSST,,0.81,,,,,,0.01,0.11,0.03,0.03,3.65,0.32,0.13,,0.936,0.776,0.936,0.936,,,,,,,,,,,,
Devaughn Slaughter,WR,KENNESAWSTATE,WESTGA,,0.8,,,,,,0.01,0.11,0.04,0.01,4.08,0.29,0.1,,0.829,0.684,0.829,0.829,,,,,,,,,,,,
Dylan Cope,WR,UVA,NOR,,0.8,,,,,,0.01,0,0,0.03,3.37,0.3,0.15,,0.877,0.727,0.877,0.877,,,,,,,,,,,,
Kenji Lewis,WR,NORTHERNILLINOIS,ILLST,,0.8,,,,,,,,,0.01,4.47,0.23,0.04,,0.737,0.622,0.737,0.737,,,,,,,,,,,,
Dyzier Carter,WR,RUTG,,,0.78,,,,,,0.01,,,0.12,,,0.13,,0.78,0.78,0.78,0.78,,,,,,,,,,,,
Drayden Dickmann,WR,WAKE,,,0.78,,,,,,0.01,,,0.12,,,0.13,,0.78,0.78,0.78,0.78,,,,,,,,,,,,
Zion Steptoe,WR,MINN,,,0.78,,,,,,0.01,,,0.12,,,0.13,,0.78,0.78,0.78,0.78,,,,,,,,,,,,
Jase Nix,WR,SJST,,,0.78,,,,,,0.01,,,0.12,,,0.13,,0.78,0.78,0.78,0.78,,,,,,,,,,,,
Caleb Smith,WR,ARIZ,,,0.78,,,,,,0.01,,,0.12,,,0.13,,0.78,0.78,0.78,0.78,,,,,,,,,,,,
Armoni Weaver-Bomar,WR,WVU,,,0.78,,,,,,0.01,,,0.12,,,0.13,,0.78,0.78,0.78,0.78,,,,,,,,,,,,
Truman Brasfield,WR,NAVY,,,0.78,,,,,,0.01,,,0.12,,,0.13,,0.78,0.78,0.78,0.78,,,,,,,,,,,,
Jordan Dees,WR,WASHST,UW,,0.73,,,,,,0,0,0,0.03,3.35,0.29,0.07,,0.805,0.66,0.805,0.805,,,,,,,,,,,,
Prince Jean,WR,UK,,,0.72,,,,,,0.01,,,0.11,,,0.12,,0.72,0.72,0.72,0.72,,,,,,,,,,,,
Julian McFadden,WR,SYR,,,0.72,,,,,,0.01,,,0.11,,,0.12,,0.72,0.72,0.72,0.72,,,,,,,,,,,,
Zyheem Collick,WR,CHAR,,,0.72,,,,,,0.01,,,0.11,,,0.12,,0.72,0.72,0.72,0.72,,,,,,,,,,,,
Jason Dickerson,WR,ECU,,,0.72,,,,,,0.01,,,0.11,,,0.12,,0.72,0.72,0.72,0.72,,,,,,,,,,,,
Carl Jenkins Jr.,WR,MIAOH,,,0.72,,,,,,0.01,,,0.11,,,0.12,,0.72,0.72,0.72,0.72,,,,,,,,,,,,
Noah Toster,WR,USA,,,0.72,,,,,,0.01,,,0.11,,,0.12,,0.72,0.72,0.72,0.72,,,,,,,,,,,,
Titus Myers,WR,AKR,,,0.72,,,,,,0.01,,,0.11,,,0.12,,0.72,0.72,0.72,0.72,,,,,,,,,,,,
Brady Bidwell,WR,ORE,,,0.72,,,,,,0.01,,,0.11,,,0.12,,0.72,0.72,0.72,0.72,,,,,,,,,,,,
LT Robinson,WR,ULM,,,0.72,,,,,,0.01,,,0.11,,,0.12,,0.72,0.72,0.72,0.72,,,,,,,,,,,,
Jaime Ffrench Jr.,WR,MICH,WESTMI,,0.68,,,,,,0.05,0,0,0.03,3.13,0.28,0.5,,1.073,0.933,1.073,1.073,,,,,,,,,,,,
Gabe Glover,WR,JAXST,NDST,0,0.67,,,,,,0,0.08,0.03,0.01,2.67,0.33,0.05,,0.665,0.5,0.665,0.665,,,,,,,,,,,,
Terrell Timmons Jr.,WR,MEMP,TIMMONSJR,,0.67,,,,,,0,0,0,0.01,4.13,0.17,0.28,,0.643,0.558,0.643,0.643,,,,,,,,,,,,
Elijiah Otieno,WR,WAKE,AKR,,0.66,,,,,,0,0.06,0.01,0.03,3.56,0.17,0.12,,0.712,0.627,0.712,0.712,,,,,,,,,,,,
Cam Williams,WR,ND,,,0.66,,,,,,0.01,,,0.1,,,0.11,,0.66,0.66,0.66,0.66,,,,,,,,,,,,
Bryson Hayes,WR,KU,,,0.66,,,,,,0.01,,,0.1,,,0.11,,0.66,0.66,0.66,0.66,,,,,,,,,,,,
Jesse Watson,WR,PUR,,,0.66,,,,,,0.01,,,0.1,,,0.11,,0.66,0.66,0.66,0.66,,,,,,,,,,,,
Tiger Bachmeier,WR,BYU,,,0.66,,,,,,0.01,,,0.1,,,0.11,,0.66,0.66,0.66,0.66,,,,,,,,,,,,
Terrence Lewis,WR,OKST,,,0.66,,,,,,0.01,,,0.1,,,0.11,,0.66,0.66,0.66,0.66,,,,,,,,,,,,
Amarion Jackson,WR,PSU,,,0.66,,,,,,0.01,,,0.1,,,0.11,,0.66,0.66,0.66,0.66,,,,,,,,,,,,
Jelani Watkins,WR,ARK,,,0.66,,,,,,0.01,,,0.1,,,0.11,,0.66,0.66,0.66,0.66,,,,,,,,,,,,
Cooper Rusk,WR,TOL,,,0.66,,,,,,0.01,,,0.1,,,0.11,,0.66,0.66,0.66,0.66,,,,,,,,,,,,
Jakai Anderson,WR,SMU,,,0.66,,,,,,0.01,,,0.1,,,0.11,,0.66,0.66,0.66,0.66,,,,,,,,,,,,
Terence Loville,WR,PRST,,,0.66,,,,,,0.01,,,0.1,,,0.11,,0.66,0.66,0.66,0.66,,,,,,,,,,,,
Khamani Debrow,WR,OHIO,,,0.66,,,,,,0.01,,,0.1,,,0.11,,0.66,0.66,0.66,0.66,,,,,,,,,,,,
Shane Rosenthal,WR,UCLA,,,0.66,,,,,,0.01,,,0.1,,,0.11,,0.66,0.66,0.66,0.66,,,,,,,,,,,,
Keegan Sack,WR,AFA,,,0.66,,,,,,0.01,,,0.1,,,0.11,,0.66,0.66,0.66,0.66,,,,,,,,,,,,
Terrione Graves,WR,NMEXST,,,0.66,,,,,,0.01,,,0.1,,,0.11,,0.66,0.66,0.66,0.66,,,,,,,,,,,,
Grant Wayne,WR,AFA,,,0.66,,,,,,0.01,,,0.1,,,0.11,,0.66,0.66,0.66,0.66,,,,,,,,,,,,
Zialis Blackmon,WR,ODU,,,0.66,,,,,,0.01,,,0.1,,,0.11,,0.66,0.66,0.66,0.66,,,,,,,,,,,,
Brandon Kinsey,WR,PURDUE,INST,,0.65,,,,,,0,0,0,0.01,3.3,0.27,0.08,,0.66,0.525,0.66,0.66,,,,,,,,,,,,
Famah Toure,WR,RUTG,MASS,,0.63,,,,,,0.05,0,0,0.01,3.01,0.28,0.5,,0.941,0.801,0.941,0.941,,,,,,,,,,,,
Harvey Broussard III,WR,HOU,ORST,,0.61,,,,,,0.05,0.06,0.03,0.03,2.55,0.21,0.5,,0.951,0.846,0.951,0.951,,,,,,,,,,,,
Carter Shaw,WR,STNFRD,MIAFL,,0.6,,,,,,0,0,0,0.03,2.58,0.23,0.26,,0.668,0.553,0.668,0.668,,,,,,,,,,,,
Demarcco Blanton,WR,ULM,,,0.6,,,,,,0.01,,,0.09,,,0.1,,0.6,0.6,0.6,0.6,,,,,,,,,,,,
Elijah Burress,WR,ND,,,0.6,,,,,,0.01,,,0.09,,,0.1,,0.6,0.6,0.6,0.6,,,,,,,,,,,,
Matt Jeffery,WR,ND,,,0.6,,,,,,0.01,,,0.09,,,0.1,,0.6,0.6,0.6,0.6,,,,,,,,,,,,
Jerquaden Guilford,WR,OSU,,,0.6,,,,,,0.01,,,0.09,,,0.1,,0.6,0.6,0.6,0.6,,,,,,,,,,,,
Donald Collier,WR,KU,,,0.6,,,,,,0.01,,,0.09,,,0.1,,0.6,0.6,0.6,0.6,,,,,,,,,,,,
Adonis Moise,WR,KSU,,,0.6,,,,,,0.01,,,0.09,,,0.1,,0.6,0.6,0.6,0.6,,,,,,,,,,,,
Tyson Carter,WR,FIU,,,0.6,,,,,,0.01,,,0.09,,,0.1,,0.6,0.6,0.6,0.6,,,,,,,,,,,,
Jamal Polite Jr.,WR,ISU,,,0.6,,,,,,0.01,,,0.09,,,0.1,,0.6,0.6,0.6,0.6,,,,,,,,,,,,
Caleb Rollerson,WR,UCF,,,0.6,,,,,,0.01,,,0.09,,,0.1,,0.6,0.6,0.6,0.6,,,,,,,,,,,,
Kelshaun Johnson,WR,TXAM,,,0.6,,,,,,0.01,,,0.09,,,0.1,,0.6,0.6,0.6,0.6,,,,,,,,,,,,
Channing Goodwin,WR,MICH,OKLA,,0.56,,,,,,0.05,0,0,0.03,2.81,0.15,0.5,,0.911,0.836,0.911,0.911,,,,,,,,,,,,
Jer'Michael Carter,WR,OKLA,UTEP,,0.54,,,,,,0,0,0,0.01,2.62,0.28,0.03,,0.602,0.462,0.602,0.602,,,,,,,,,,,,
Peyton Zachary,WR,UNLV,,,0.54,,,,,,0.01,,,0.08,,,0.09,,0.54,0.54,0.54,0.54,,,,,,,,,,,,
Bryce Kania,WR,WAKE,,,0.54,,,,,,0.01,,,0.08,,,0.09,,0.54,0.54,0.54,0.54,,,,,,,,,,,,
Mackenzie Alleyne,WR,OKLA,,,0.54,,,,,,0.01,,,0.08,,,0.09,,0.54,0.54,0.54,0.54,,,,,,,,,,,,
Miles Halbert,WR,JMU,,,0.54,,,,,,0.01,,,0.08,,,0.09,,0.54,0.54,0.54,0.54,,,,,,,,,,,,
Allen Middleton,WR,SIU,,,0.54,,,,,,0.01,,,0.08,,,0.09,,0.54,0.54,0.54,0.54,,,,,,,,,,,,
Tay Norman,WR,UNI,,,0.54,,,,,,0.01,,,0.08,,,0.09,,0.54,0.54,0.54,0.54,,,,,,,,,,,,
TaRon Francis,WR,WVU,,,0.54,,,,,,0.01,,,0.08,,,0.09,,0.54,0.54,0.54,0.54,,,,,,,,,,,,
Jeremy Bell,WR,UGA,,,0.54,,,,,,0.01,,,0.08,,,0.09,,0.54,0.54,0.54,0.54,,,,,,,,,,,,
Mason James,WR,WASH,,,0.54,,,,,,0.01,,,0.08,,,0.09,,0.54,0.54,0.54,0.54,,,,,,,,,,,,
Dallas Boozer,WR,ARST,,,0.54,,,,,,0.01,,,0.08,,,0.09,,0.54,0.54,0.54,0.54,,,,,,,,,,,,
Tyren Hornes,WR,UCF,,,0.54,,,,,,0.01,,,0.08,,,0.09,,0.54,0.54,0.54,0.54,,,,,,,,,,,,
Romel Stevens,WR,ARKANSASSTATE,MEMP,,0.48,,,,,,0,0,0,0.01,2.54,0.15,0.5,,0.464,0.389,0.464,0.464,,,,,,,,,,,,
Jermaine Bishop Jr.,WR,TEX,,,0.48,,,,,,0.01,,,0.07,,,0.08,,0.48,0.48,0.48,0.48,,,,,,,,,,,,
Goldie Lawrence,WR,CCAR,,,0.48,,,,,,0.01,,,0.07,,,0.08,,0.48,0.48,0.48,0.48,,,,,,,,,,,,
Sequel Patterson,WR,SCAR,,,0.48,,,,,,0.01,,,0.07,,,0.08,,0.48,0.48,0.48,0.48,,,,,,,,,,,,
Gracen Harris,WR,MSST,,,0.48,,,,,,0.01,,,0.07,,,0.08,,0.48,0.48,0.48,0.48,,,,,,,,,,,,
Quayd Hendryx,WR,MINN,,,0.48,,,,,,0.01,,,0.07,,,0.08,,0.48,0.48,0.48,0.48,,,,,,,,,,,,
Bryce Dorsey,WR,MEMP,ARKST,,0.46,,,,,,0,0,0,0.01,2.33,0.17,0.04,,0.463,0.378,0.463,0.463,,,,,,,,,,,,
Jalen Saint Paul,WR,UCLA,,,0.42,,,,,,0.01,,,0.06,,,0.07,,0.42,0.42,0.42,0.42,,,,,,,,,,,,
Cash Semonza,WR,TULN,,,0.42,,,,,,0.01,,,0.06,,,0.07,,0.42,0.42,0.42,0.42,,,,,,,,,,,,
Jayden Kitchens,WR,MD,,,0.42,,,,,,0.01,,,0.06,,,0.07,,0.42,0.42,0.42,0.42,,,,,,,,,,,,
Mason Hayes,WR,AFA,,,0.42,,,,,,0.01,,,0.06,,,0.07,,0.42,0.42,0.42,0.42,,,,,,,,,,,,
Elisha Durham,WR,BALL,,,0.42,,,,,,0.01,,,0.06,,,0.07,,0.42,0.42,0.42,0.42,,,,,,,,,,,,
Cole Boscia,WR,CAL,,,0.36,,,,,,0.01,,,0.05,,,0.06,,0.36,0.36,0.36,0.36,,,,,,,,,,,,
Braylen Walker,WR,RICE,,,0.36,,,,,,0.01,,,0.05,,,0.06,,0.36,0.36,0.36,0.36,,,,,,,,,,,,
Brandon Hills,WR,AKR,,,0.36,,,,,,0.01,,,0.05,,,0.06,,0.36,0.36,0.36,0.36,,,,,,,,,,,,
Nick Sowell,WR,BGSU,,,0.3,,,,,,0.01,,,0.05,,,0.05,,0.36,0.36,0.36,0.36,,,,,,,,,,,,
Shawn Foster II,WR,CMU,,,0.3,,,,,,0.01,,,0.05,,,0.05,,0.36,0.36,0.36,0.36,,,,,,,,,,,,
Juju Preston,WR,CLEM,,,0.24,,,,,,,,,0.04,,,0.04,,0.24,0.24,0.24,0.24,,,,,,,,,,,,
Kyion Grayes,WR,CAL,,,0.18,,,,,,,,,0.03,,,0.03,,0.18,0.18,0.18,0.18,,,,,,,,,,,,
Max Rodarte,WR,OHIO,NEB,,3,,,,,,0.05,0,0,0.45,0,0,0.5,,3,3,3,3,,,,,,,,,,,,
Dazmin James,WR,APPALACHIANSTATE,MAINE,,0,,,,,,,,,,,,,,0,0,0,0,,,,,,,,,,,,
James Madison II,WR,UTSA,UTRGV,,0,,,,,,,,,,,,,,0,0,0,0,,,,,,,,,,,,
Travis Smith Jr.,WR,TENNESSEE,FURMAN,,1.14,,,,,,0.02,0,0,0.17,0,0,0.19,,1.14,1.14,1.14,1.14,,,,,,,,,,,,
Alex Perry,WR,ILL,UAB,,0,,,,,,,,,,,,,,0,0,0,0,,,,,,,,,,,,
Calvin Russell III,WR,SYRACUSE,UNH,,2.16,,,,,,0.04,0,0,0.32,0,0,0.36,,2.16,2.16,2.16,2.16,,,,,,,,,,,,
Jayden Sellers,WR,SCAR,KENT,,0,,,,,,,,,,,,,,0,0,0,0,,,,,,,,,,,,
Taz Williams Jr.,WR,BAY,AUB,,0.84,,,,,,0.01,0,0,0.13,0,0,0.14,,0.84,0.84,0.84,0.84,,,,,,,,,,,,
Alex Capka-Jones,WR,ILL,NW,,0,,,,,,,,,,,,,,0,0,0,0,,,,,,,,,,,,
Artis Cole,WR,RICE,USF,,0,,,,,,,,,,,,,,0,0,0,0,,,,,,,,,,,,
Frank Covey,WR,NORTHWESTERN,ILL,,0,,,,,,,,,,,,,,0,0,0,0,,,,,,,,,,,,
Tar'Varish Dawson,WR,FLORIDAINTERNATIONAL,SAMHOU,,0,,,,,,,,,,,,,,0,0,0,0,,,,,,,,,,,,
Semaj Demps,WR,FLORIDAINTERNATIONAL,SAMHOU,,0,,,,,,,,,,,,,,0,0,0,0,,,,,,,,,,,,
Kader Diop,WR,NEWMEXICO,SDSU,,0,,,,,,,,,,,,,,0,0,0,0,,,,,,,,,,,,
Douglas Emilien,WR,KANSAS,UTAH,,0,,,,,,,,,,,,,,0,0,0,0,,,,,,,,,,,,
Jay Fair,WR,USC,UCLA,,0,,,,,,,,,,,,,,0,0,0,0,,,,,,,,,,,,
Chase Farrell,WR,NORTHWESTERN,ILL,,0,,,,,,,,,,,,,,0,0,0,0,,,,,,,,,,,,
Nathaneal Floyd,WR,NEVADA,UNLV,,0,,,,,,,,,,,,,,0,0,0,0,,,,,,,,,,,,
Liam Fortner,WR,ARMY,TXSA,,0,,,,,,,,,,,,,,0,0,0,0,,,,,,,,,,,,
William Fowles,WR,APPALACHIANSTATE,ARKST,,0,,,,,,,,,,,,,,0,0,0,0,,,,,,,,,,,,
Preston Fox,WR,WVU,TTU,,0,,,,,,,,,,,,,,0,0,0,0,,,,,,,,,,,,
Zyell Griffin,WR,EMICH,WESTMI,,0,,,,,,,,,,,,,,0,0,0,0,,,,,,,,,,,,
Jack Hestera,WR,COLO,KSU,,0,,,,,,,,,,,,,,0,0,0,0,,,,,,,,,,,,
Martel Hight,WR,VANDERBILT,TENN,,0,,,,,,,,,,,,,,0,0,0,0,,,,,,,,,,,,
Daniel Jackson,WR,IOWASTATE,OKST,,0,,,,,,,,,,,,,,0,0,0,0,,,,,,,,,,,,
Stephon Johnson,WR,HOU,BAY,,0,,,,,,,,,,,,,,0,0,0,0,,,,,,,,,,,,
Zion Kearney,WR,OKLA,LSU,,0,,,,,,,,,,,,,,0,0,0,0,,,,,,,,,,,,
Camden Kruisenga,WR,CENTRALMICHIGAN,TOL,,0,,,,,,,,,,,,,,0,0,0,0,,,,,,,,,,,,
Dedrick Latulas,WR,LOUISIANATECH,MOSTU,,0.42,,,,,,0.01,0,0,0.06,0,0,0.07,,0.42,0.42,0.42,0.42,,,,,,,,,,,,
Jose Leon,WR,APPALACHIANSTATE,ARKST,,0,,,,,,,,,,,,,,0,0,0,0,,,,,,,,,,,,
Juju Lewis,WR,FLORIDAINTERNATIONAL,SAMHOU,,0,,,,,,,,,,,,,,0,0,0,0,,,,,,,,,,,,
Terry Lockett,WR,EMICH,WESTMI,,0,,,,,,,,,,,,,,0,0,0,0,,,,,,,,,,,,
Kenyon Massey,WR,MASSACHUSETTS,BGSU,,0,,,,,,,,,,,,,,0,0,0,0,,,,,,,,,,,,
Willie McCoy,WR,UTSA,ARMY,,0,,,,,,,,,,,,,,0,0,0,0,,,,,,,,,,,,
Isaiah McMorris,WR,MISSOURISTATE,LATECH,,0.48,,,,,,0.01,,,0.07,,,0.08,,0.48,0.48,0.48,0.48,,,,,,,,,,,,
Caleb Medford,WR,KANSASSTATE,CU,,0,,,,,,,,,,,,,,0,0,0,0,,,,,,,,,,,,
Mekhi Mews,WR,HOU,BAY,,0,,,,,,,,,,,,,,0,0,0,0,,,,,,,,,,,,
Chuck Montgomery,WR,SOUTHERNMISS,TROY,,0,,,,,,,,,,,,,,0,0,0,0,,,,,,,,,,,,
Justin Olson,WR,UNCCHARLOTTE,TULN,,0,,,,,,,,,,,,,,0,0,0,0,,,,,,,,,,,,
Dane Pardridge,WR,RUTG,PSU,,0,,,,,,,,,,,,,,0,0,0,0,,,,,,,,,,,,
Jeremiah Patterson,WR,ARIZONA,ASU,,0,,,,,,0,0,0,0,0,0,,,0,0,0,0,,,,,,,,,,,,
Jonathan Paylor,WR,NCST,UNC,,0,,,,,,,,,,,,,,0,0,0,0,,,,,,,,,,,,
Tre Roberson,WR,AIRFORCE,CSU,,0,,,,,,0,0,0,0,0,0,,,0,0,0,0,,,,,,,,,,,,
Cordale Russell,WR,MIAOH,BALLST,,0,,,,,,0,0,0,0,0,0,,,0,0,0,0,,,,,,,,,,,,
Qua Sanders,WR,BUFFALO,OHIO,,0,,,,,,0,0,0,0,0,0,,,0,0,0,0,,,,,,,,,,,,
Brady Simmons,WR,MIAOH,BALLST,,0,,,,,,0,0,0,0,0,0,,,0,0,0,0,,,,,,,,,,,,
Tyrin Smith,WR,TEXASSTATE,USA,,0,,,,,,0,0,0,0,0,0,,,0,0,0,0,,,,,,,,,,,,
Aviyon Smith-Mack,WR,SAMHOUSTON,FIU,,0,,,,,,0,0,0,0,0,0,,,0,0,0,0,,,,,,,,,,,,
Leyton Smithson,WR,WASHINGTONSTATE,ORST,,0,,,,,,0,0,0,0,0,0,,,0,0,0,0,,,,,,,,,,,,
Tyler Stewart,WR,TEMPLE,UNT,,0,,,,,,0,0,0,0,0,0,,,0,0,0,0,,,,,,,,,,,,
Corey Thompson,WR,UTAHSTATE,BOISE,,0,,,,,,0,0,0,0,0,0,,,0,0,0,0,,,,,,,,,,,,
Marcus Torres,WR,UTEP,DEL,,0.6,,,,,,0.01,0,0,0.09,0,0,0.1,,0.6,0.6,0.6,0.6,,,,,,,,,,,,
Jimmy Valsin,WR,ORST,WASHST,,0,,,,,,0,0,0,0,0,0,,,0,0,0,0,,,,,,,,,,,,
Dylan Williams,WR,JAMESMADISON,COASTC,,0,,,,,,0,0,0,0,0,0,,,0,0,0,0,,,,,,,,,,,,
Devan Williams,WR,HOU,BAY,,0,,,,,,0,0,0,0,0,0,,,0,0,0,0,,,,,,,,,,,,
JR Wilson,WR,FLORIDAATLANTIC,ECU,,0,,,,,,0,0,0,0,0,0,,,0,0,0,0,,,,,,,,,,,,
Jaedon Wilson,WR,UCLA,USC,,0,,,,,,0,0,0,0,0,0,,,0,0,0,0,,,,,,,,,,,,
Daidren Zipperer,WR,UTAH,KU,,0,,,,,,0,0,0,0,0,0,,,0,0,0,0,,,,,,,,,,,,
Thomas Zsiros,WR,TOLEDO,CMU,,0,,,,,,0,0,0,0,0,0,,,0,0,0,0,,,,,,,,,,,,
Dominique McKenzie,WR,SJST,CALPLY,,0.72,,,,,,0.01,0,0,0.11,0,0,0.12,,0.72,0.72,0.72,0.72,,,,,,,,,,,,
Jackson Grier,WR,APP,ECU,,1.68,,,,,,0.03,0,0,0.25,0,0,0.28,,1.68,1.68,1.68,1.68,,,,,,,,,,,,
A.J. Little,WR,SOUTHERNMISS,AUB,,1.2,,,,,,0.02,0,0,0.18,0,0,0.2,,1.2,1.2,1.2,1.2,,,,,,,,,,,,
Josiah Abdullah,WR,UVA,NOR,,0,,,,,,0,0,0,0,0,0,,,0,0,0,0,,,,,,,,,,,,
Julian Allen,WR,UCONN,MD,,1.02,,,,,,0.02,0,0,0.15,0,0,0.17,,1.02,1.02,1.02,1.02,,,,,,,,,,,,
Phillip Bell,WR,OSU,TEX,,0.66,,,,,,0.01,0,0,0.1,0,0,0.11,,0.66,0.66,0.66,0.66,,,,,,,,,,,,
Andre Brown,WR,FLORIDAINTERNATIONAL,BUFF,,0,,,,,,0,0,0,0,0,0,,,0,0,0,0,,,,,,,,,,,,
Cory Butler,WR,ARIZONASTATE,TEXAM,,0,,,,,,0,0,0,0,0,0,,,0,0,0,0,,,,,,,,,,,,
Mana Carvalho,WR,UTAH,ARK,,0,,,,,,0,0,0,0,0,0,,,0,0,0,0,,,,,,,,,,,,
Alijah Cason,WR,SAMHOUSTON,TLSA,,0,,,,,,0,0,0,0,0,0,,,0,0,0,0,,,,,,,,,,,,
Brock Coffman,WR,KENTUCKY,ALA,,0.42,,,,,,0.01,0,0,0.06,0,0,0.07,,0.42,0.42,0.42,0.42,,,,,,,,,,,,
Joakim Dodson,WR,TENNESSEE,GT,,0,,,,,,0,0,0,0,0,0,,,0,0,0,0,,,,,,,,,,,,
Quinn Fracassi,WR,EMICH,MSU,,0,,,,,,0,0,0,0,0,0,,,0,0,0,0,,,,,,,,,,,,
Kordell Gouldsby,WR,WESTERNMICHIGAN,MONM,,0,,,,,,0,0,0,0,0,0,,,0,0,0,0,,,,,,,,,,,,
Caden Harris,WR,UTEP,TXSO,,0,,,,,,0,0,0,0,0,0,,,0,0,0,0,,,,,,,,,,,,
Nik Henry,WR,UTEP,TXSO,,0,,,,,,0,0,0,0,0,0,,,0,0,0,0,,,,,,,,,,,,
Chase Hinshaw,WR,CENTRALFLORIDA,PITT,,0,,,,,,0,0,0,0,0,0,,,0,0,0,0,,,,,,,,,,,,
Trenton Jones,WR,TOLEDO,CENTCT,,0,,,,,,0,0,0,0,0,0,,,0,0,0,0,,,,,,,,,,,,
Sterling Lockett,WR,KANSASSTATE,WASHST,,0,,,,,,0,0,0,0,0,0,,,0,0,0,0,,,,,,,,,,,,
Jordan Malau'ulu,WR,FRESNOSTATE,SACST,,0,,,,,,0,0,0,0,0,0,,,0,0,0,0,,,,,,,,,,,,
Antavious Murphy,WR,GEORGIASOUTHERN,CLEM,,0,,,,,,0,0,0,0,0,0,,,0,0,0,0,,,,,,,,,,,,
Kyler Pearson,WR,EASTCAROLINA,APP,,0,,,,,,0,0,0,0,0,0,,,0,0,0,0,,,,,,,,,,,,
Peyton Plott,WR,GEORGIASOUTHERN,CLEM,,0,,,,,,0,0,0,0,0,0,,,0,0,0,0,,,,,,,,,,,,
Tae'Sean Robinson,WR,DELAWARE,VANDY,,0,,,,,,0,0,0,0,0,0,,,0,0,0,0,,,,,,,,,,,,
Gerick Robinson,WR,NEVADA,MONTST,,0,,,,,,0,0,0,0,0,0,,,0,0,0,0,,,,,,,,,,,,
Eelijah Singleton,WR,SOUTHERNMISS,AUB,,0.84,,,,,,0.01,0,0,0.13,0,0,0.14,,0.84,0.84,0.84,0.84,,,,,,,,,,,,
Scoop Smith,WR,MIAOH,HOLYCR,,0.54,,,,,,0.01,0,0,0.08,0,0,0.09,,0.54,0.54,0.54,0.54,,,,,,,,,,,,
Zymear Smith,WR,MARYLAND,UCONN,,0,,,,,,0,0,0,0,0,0,,,0,0,0,0,,,,,,,,,,,,
Braiden Stevens,WR,MINNESOTA,MSST,,0,,,,,,0,0,0,0,0,0,,,0,0,0,0,,,,,,,,,,,,
Isaiah Stone,WR,GEORGIASTATE,KENNST,,0.54,,,,,,0.01,0,0,0.08,0,0,0.09,,0.54,0.54,0.54,0.54,,,,,,,,,,,,
Parker Threatt,WR,SANDIEGOSTATE,UCLA,,0,,,,,,0,0,0,0,0,0,,,0,0,0,0,,,,,,,,,,,,
Luke Watkins,WR,LOUISIANATECH,LSU,,0,,,,,,0,0,0,0,0,0,0.13,,0,0,0,0,,,,,,,,,,,,
Devin Whitlock,WR,PITT,UCF,,0,,,,,,0,0,0,0,0,0,,,0,0,0,0,,,,,,,,,,,,
Luke Reynolds,TE,VIRGINIATECH,VMI,,15.41,,,,,,0.04,3,0,0.53,52.11,6.53,0.48,,15.461,12.196,15.461,15.461,,,,,,,,,,,,
Trey'Dez Green,TE,LSU,CLEM,,14.71,,,,,,0,0,0,0.65,63.48,4.37,0.66,,14.618,12.433,14.618,14.618,,,,,,,,,,,,
Kari Ashley,TE,TCU,GRAM,,13.28,,,,,,0,0,0,0.5,32.80411765,4.86,0.18,,11.14041176,8.710411765,11.14041176,11.14041176,,,,,,,,,,,,
Patrick Overmyer,TE,HOU,ORST,,12.91,,,,,,0.06,2,0,0.37,51.93526316,5.34,0.37,,13.31352632,10.64352632,13.31352632,13.31352632,,,,,,,,,,,,
Hunter Tipton,TE,MEMP,UNLV,0,12.6,,,,,,0,0,0,0.54,41.58928571,3.88,0.36,,11.27892857,9.338928571,11.27892857,11.27892857,,,,,,,,,,,,
Randy Pittman Jr.,TE,SMU,FSU,,12.41,,,,,,0.26,5,0,0.45,29.35933333,3.67,0.5,,11.36593333,9.530933333,11.36593333,11.36593333,,,,,,,,,,,,
Ty Thompson,TE,TULN,DUKE,,11.61,,,,,,0.27,25,0,0.23,32,2.91,0.5,,11.61,10.155,11.61,11.61,,,,,,,,,,,,
Jamari Johnson,TE,ORE,BOISE,,11.54,,,,,,,,,0.55,44.61,3.79,0.78,,11.551,9.656,11.551,11.551,,,,,,,,,,,,
Toby Payne,TE,MRSH,PSU,,10.99,,,,,,0.05,0,0,0.26,43.97,4.75,0.5,,11.007,8.632,11.007,11.007,,,,,,,,,,,,
Javonte Vereen,TE,COLOST,WYO@COLOST,,10.87,,,,,,,,,0.52,43,3.45,0.62,,10.87,9.145,10.87,10.87,,,,,,,,,,,,
Jeremiah Hasley,TE,DUKE,TULN,,10.82,,,,,,,,,0.51,45.69,3.12,0.54,,10.749,9.189,10.749,10.749,,,,,,,,,,,,
Jeremiah Scoby,TE,BOWLINGGREEN,NEB,,10.75,,,,,,0,0.56,0.11,0.41,43.17,3.88,0.35,,10.713,8.773,10.713,10.713,,,,,,,,,,,,
Willie Rodriguez,TE,KENTUCKY,YSU,,10.72,,,,,,0,0,0,0.36,37.68277778,3.65,0.33,,9.578277778,7.753277778,9.578277778,9.578277778,,,,,,,,,,,,
Mark Bowman,TE,USC,SJST,,10.71,,,,,,0,0,0,0.32,40.86,3.95,0.5,,9.956,7.981,9.956,9.956,,,,,,,,,,,,
Kevin Roche Jr.,TE,GT,MERC,,10.66,,,,,,0.02,,,0.28,47.19,4.21,0.23,,10.729,8.624,10.729,10.729,,,,,,,,,,,,
Rocky Beers,TE,OKLA,UTEP,,10.14,,,,,,0.05,,,0.24,47.22,3.98,0.5,,10.442,8.452,10.442,10.442,,,,,,,,,,,,
Darrin Fugitt,TE,APPALACHIANSTATE,MAINE,,9.93,,,,,,,,,0.29,41.97,4.04,0.18,,9.977,7.957,9.977,9.977,,,,,,,,,,,,
Eli Finley,TE,LOUISIANATECH,NWST,,9.91,,,,,,0,0,0,0.24,43.39,4.11,0.18,,9.889,7.834,9.889,9.889,,,,,,,,,,,,
DJ Vonnahme,TE,IOWA,NIU,,9.69,,,,,,0.02,1,0,0.25,30.47736842,3.386,0.38,,8.153736842,6.460736842,8.153736842,8.153736842,,,,,,,,,,,,
James Resar,TE,FIU,USF,,9.34,,,,,,,,,0.52,32.92,2.84,0.17,,9.252,7.832,9.252,9.252,,,,,,,,,,,,
Theo Melin Ohrstrom,TE,SMU,FSU,,9.2,,,,,,0.05,0,0,0.44,29.5,3.13,0.5,,9.02,7.455,9.02,9.02,,,,,,,,,,,,
Eric Olsen,TE,ORST,HOU,,9.02,,,,,,0,0,0,0.29,37.81,3.5,0.26,,9.021,7.271,9.021,9.021,,,,,,,,,,,,
Preston Douglas,TE,NCST,UVA,0,8.9,,,,,,0.04,1.1,0.1,0.29,31.81714286,3.376666667,0.01,,8.648380952,6.960047619,8.648380952,8.648380952,,,,,,,,,,,,
Caden Jensen,TE,LOUISIANALAFAYETTE,LAMAR,,8.88,,,,,,0,0,0,0.2,36.46,4.04,0.2,,8.886,6.866,8.886,8.886,,,,,,,,,,,,
Benjamin Brahmer,TE,PSU,MARSH,,8.7,,,,,,0.04,2,0.08,0.44,32.25,2.42,0.55,,8.725,7.515,8.725,8.725,,,,,,,,,,,,
Jaleel Skinner,TE,LOU,MISS,,8.65,,,,,,0.05,0,0,0.31,33.98733333,2.8125,0.5,,8.371233333,6.964983333,8.371233333,8.371233333,,,,,,,,,,,,
Matt Wagner,TE,BSU,ORE,,9.792133333,,,,,,0.05,0,0,0.28,43.52133333,3.46,0.5,,9.792133333,8.062133333,9.792133333,9.792133333,,,,,,,,,,,,
Brady Hunt,TE,SCAR,KENT,,8.54,,,,,,0.32,1.04,0.08,0.16,21.31666667,2.415,0.31,,7.530666667,6.323166667,7.530666667,7.530666667,,,,,,,,,,,,
Benji Blackburn,TE,STNFRD,MIAFL,,8.45,,,,,,0,0,0,0.2,31.63666667,3.664,0.29,,8.027666667,6.195666667,8.027666667,8.027666667,,,,,,,,,,,,
River Helms,TE,GEORGIASOUTHERN,CHSOU,,8.44,,,,,,0,0,0,0.36,34.1,3.4,0.31,,8.97,7.27,8.97,8.97,,,,,,,,,,,,
Jelani Thurman,TE,UNC,EASTTN,,8.4,,,,,,0,0,0,0.27,30.5825,3.24,0.51,,7.91825,6.29825,7.91825,7.91825,,,,,,,,,,,,
Dorian Fleming,TE,MARYLAND,HAMP,,8.31,,,,,,0,0,0,0.23,31.44833333,3.63,0.33,,8.154833333,6.339833333,8.154833333,8.154833333,,,,,,,,,,,,
Bryce Anderson,TE,LOUISIANAMONROE,MSST,,7.99,,,,,,0,0,0,0.26,29.7,3.41,0.11,,7.94,6.235,7.94,7.94,,,,,,,,,,,,
Jayvontay Conner,TE,VANDERBILT,APSU,,7.96,,,,,,0.01,1.06,0.34,0.08,39.86,3.4,0.13,,8.032,6.332,8.032,8.032,,,,,,,,,,,,
Brody Foley,TE,LOU,MISS,,7.92,,,,,,0.36,4,0,0.29,26.06,1,0.24,,7.906,7.406,7.906,7.906,,,,,,,,,,,,
Reis Kessel,TE,NDST,JAXST,0,7.84,,,,,,0,0,0,0.24,38.77,3.15,0.22,,8.467,6.892,8.467,8.467,,,,,,,,,,,,
Cade Keith,TE,UNM,CMU,,7.74,,,,,,0.05,0,0,0.31,39.69,2.29,0.5,,8.419,7.274,8.419,8.419,,,,,,,,,,,,
Jayden Savoury,TE,MSU,TOL,,7.71,,,,,,0.05,0,0,0.23,25.92,2.9,0.5,,7.172,5.722,7.172,7.172,,,,,,,,,,,,
Grant Hollier,TE,GEORGIASTATE,NCAT,,7.65,,,,,,0,0,0,0.46,32.34,1.94,0.58,,7.934,6.964,7.934,7.934,,,,,,,,,,,,
Caleb Odom,TE,MISS,LOU,,7.63,,,,,,0.05,,,0.23,36.61,2.63,0.5,,7.971,6.656,7.971,7.971,,,,,,,,,,,,
Brady Clough,TE,BC,CIN,,7.47,,,,,,0,0,0,0.21,40,2.95,0.21,,8.21,6.735,8.21,8.21,,,,,,,,,,,,
Cole Keller,TE,JMU,LIB,,7.38,,,,,,0.05,0,0,0.36,28.04,2.31,0.5,,7.574,6.419,7.574,7.574,,,,,,,,,,,,
Mason Mini,TE,CAL,UCLA,,7.36,,,,,,0.03,2,0,0.25,28.885,3,0.5,,7.7685,6.2685,7.7685,7.7685,,,,,,,,,,,,
Jake Wilson,TE,WYO,CSU,,7.28,,,,,,0.03,3,0,0.17,36.82,2.7,0.5,,7.882,6.532,7.882,7.882,,,,,,,,,,,,
Juice Vereen,TE,CSU,WYO,,7.19,,,,,,0.05,0,0,0.33,30.96,2.09,0.5,,7.466,6.421,7.466,7.466,,,,,,,,,,,,
Joshua Long,TE,EMICH,SACST,0,7.08,,,,,,0,0,0,0.17,34.07,3.35,0.2,,7.777,6.102,7.777,7.777,,,,,,,,,,,,
Leon Haughton Jr.,TE,OLDDOMINION,NOR,,7.02,,,,,,0,0,0,0.39,31.4,1.65,0.21,,7.13,6.305,7.13,7.13,,,,,,,,,,,,
CC Ezirim,TE,WKU,NEVADA,,6.92,,,,,,0,0,0,0.29,28.34,2.29,0.21,,6.864,5.719,6.864,6.864,,,,,,,,,,,,
Dylan Wade,TE,CENTRALFLORIDA,BC,,7.813,,,,,,0,0,0,0.36,23.73,3.28,0.48,,7.813,6.173,7.813,7.813,,,,,,,,,,,,
Decker DeGraaf,TE,WASH,WASHST,,6.79,,,,,,0,0,0,0.2,18.47,2.436666667,0.43,,5.483666667,4.265333333,5.483666667,5.483666667,,,,,,,,,,,,
Baron Naone,TE,WASH,MINN,,6.79,,,,,,0.02,0,0,0.14,30.275,2.6025,0.17,,6.59,5.28875,6.59,6.59,,,,,,,,,,,,
Clint Walker,TE,BUFFALO,ALBANY,,6.67,,,,,,0,0,0,0.11,28.66,3.19,0.06,,6.716,5.121,6.716,6.716,,,,,,,,,,,,
Elijah Alexander,TE,AKR,UNLV@AKRON,,6.63,,,,,,0.02,0,0,0.46,23.11,1.88,0.16,,7.071,6.131,7.071,7.071,,,,,,,,,,,,
Jordan Williams,TE,SACST,MSVL,,6.51,,,,,,,,,0.24,26.36,2.37,0.3,,6.446,5.261,6.446,6.446,,,,,,,,,,,,
Jacob Harris,TE,WIS,ND,,6.48,,,,,,0,0,0,0.2,29.92625,2.75,0.16,,6.942625,5.567625,6.942625,6.942625,,,,,,,,,,,,
Luke Dehnicke,TE,NORTHWESTERN,SDAKST,,6.48,,,,,,0,0,0,0.11,31.43,2.7,0.32,,6.503,5.153,6.503,6.503,,,,,,,,,,,,
DeCorion Temple,TE,ORST,HOU,,6.43,,,,,,0.05,0,0,0.34,24.53,2.29,0.5,,7.083,5.938,7.083,7.083,,,,,,,,,,,,
Max Hunt,TE,PITT,MIAOH,,6.42,,,,,,,,,0.22,24.91,2.56,0.22,,6.371,5.091,6.371,6.371,,,,,,,,,,,,
Cole Rusk,TE,ARIZONA,NOARI,,6.38,,,,,,0,0,0,0.16,35.1,2.41,0.39,,6.88,5.675,6.88,6.88,,,,,,,,,,,,
Tripp Walsh,TE,UNM,CMU,,6.34,,,,,,0,0,0,0.27,23.54,2.34,0.25,,6.314,5.144,6.314,6.314,,,,,,,,,,,,
Jaden Platt,TE,ARKANSAS,NORTAL,,6.26,,,,,,0,0,0,0.28,26.94,2.38,0.26,,6.754,5.564,6.754,6.754,,,,,,,,,,,,
Benjamin Blackburn,TE,STNFRD,HAWAII,0,6.2,,,,,,,,,0.17,34,2.45,0.15,,6.87,5.645,6.87,6.87,,,,,,,,,,,,
Kaleb Edwards,TE,ALA,ECU,,6.15,,,,,,0,0,0,0.27,25.498,2.21,0.27,,6.3798,5.2748,6.3798,6.3798,,,,,,,,,,,,
Ty Lockwood,TE,ARK,TLSA,,5.96,,,,,,0.01,0,0,0.26,18.27818182,2.41,0.1,,5.857818182,4.652818182,5.857818182,5.857818182,,,,,,,,,,,,
Will Loerzel,TE,WAKE,,,5.96,,,,,,0.05,,,0.45,12.5,1.71,0.5,,5.96,5.105,5.96,5.96,,,,,,,,,,,,
Lawson Luckie,TE,UGA,TENNST,,5.9,,,,,,0,0,0,0.27,28.92,1.5,0.45,,6.012,5.262,6.012,6.012,,,,,,,,,,,,
Jett Carpenter,TE,TXTECH,TXTECH@OREGST,,5.9,,,,,,,,,0.17,20.01,2.91,0.58,,5.931,4.476,5.931,5.931,,,,,,,,,,,,
Richie Anderson III,TE,TXAM,MOST@TXAM,,5.86,,,,,,,,,0.26,23.01,2,0.02,,5.861,4.861,5.861,5.861,,,,,,,,,,,,
Cole Spence,TE,VANDERBILT,APSU,,5.83,,,,,,0,0,0,0.18,23.01,2.44,0.34,,5.821,4.601,5.821,5.821,,,,,,,,,,,,
Carson Kolb,TE,OKST,ORE,,5.75,,,,,,0.05,,,0.3,19.34,1.92,0.5,,5.954,4.994,5.954,5.954,,,,,,,,,,,,
Max Reese,TE,UNT,IND,,5.69,,,,,,0.07,3,0,0.17,24.06,2.27,0.5,,6.416,5.281,6.416,6.416,,,,,,,,,,,,
Peter Clarke,TE,TEMPLE,URI,,5.65,,,,,,0,0,0,0.28,26.3,1.6,0.46,,5.91,5.11,5.91,5.91,,,,,,,,,,,,
Carson Kent,TE,PITT,MIAOH@PITT,,5.62,,,,,,0,0,0,0.14,25.96,2.92,0.21,,6.356,4.896,6.356,6.356,,,,,,,,,,,,
Terik Mulder,TE,KENT,SCAR,,5.59,,,,,,0.05,0,0,0.31,23.21,1.38,0.5,,5.861,5.171,5.861,5.861,,,,,,,,,,,,
Brooks Johnson,TE,FAU,FLA,,5.58,,,,,,0.05,,,0.28,24.01,1.31,0.5,,5.691,5.036,5.691,5.691,,,,,,,,,,,,
Walker Lyons,TE,BYU,UTAHTE,,5.53,,,,,,0,0,0,0.16,23.30647059,2.596666667,0.36,,5.887313725,4.588980392,5.887313725,5.887313725,,,,,,,,,,,,
Keyan Burnett,TE,UNLV,MEMP,0,5.51,,,,,,0,0,0,0.22,25.36,2.3,0.16,,6.156,5.006,6.156,6.156,,,,,,,,,,,,
Terrance Carter Jr.,TE,TEXASTECH,ABICHR,,5.51,,,,,,0.04,1.16,0.06,0.11,27.8525,2.12,0.43,,5.92125,4.86125,5.92125,5.92125,,,,,,,,,,,,
Brandon Young Jr.,TE,UTSA,UTRGV,,5.5,,,,,,0.04,2,0,0.49,14.01,0.93,0.33,,5.711,5.246,5.711,5.711,,,,,,,,,,,,
Garrett Oakley,TE,KANSASSTATE,NICH,,5.5,,,,,,,,,0.24,20.45,1.94,0.63,,5.425,4.455,5.425,5.425,,,,,,,,,,,,
Elija Lofton,TE,MIA,STNFRD,,6.70825,,,,,,0.04,0.24,0.08,0.19,24.8425,2.82,0.23,,6.70825,5.29825,6.70825,6.70825,,,,,,,,,,,,
Jeremiah Beck Jr.,TE,SOUTHERNMISS,ALC,,5.46,,,,,,,,,0.21,20.48,2.04,0.18,,5.348,4.328,5.348,5.348,,,,,,,,,,,,
Landen Thomas,TE,FSU,,,5.41,,,,,,0.05,,,0.45,10.5,1.36,0.5,,5.41,4.73,5.41,5.41,,,,,,,,,,,,
Christian Ross,TE,MIAOH,PITT,,5.19,,,,,,0.05,0,0,0.23,24.01,1.85,0.5,,5.931,5.006,5.931,5.931,,,,,,,,,,,,
Andrew Metzger,TE,OHIO,NEB,,5.17,,,,,,,,,0.21,19.19,1.94,0.5,,5.119,4.149,5.119,5.119,,,,,,,,,,,,
Ka'Morreun Pimpton,TE,TCU,UNC,0,5.16,,,,,,0,0,0,0.28,22.39,1.67,0.07,,5.589,4.754,5.589,5.589,,,,,,,,,,,,
Jackson Verdugo,TE,FIU,USF,,5.16,,,,,,0.05,,,0.24,18.89,1.79,0.5,,5.419,4.524,5.419,5.419,,,,,,,,,,,,
Henry Boyer,TE,KENTUCKY,YSU,,5.11,,,,,,0.03,3,0,0.23,23.57,1.6,0.04,,5.817,5.017,5.817,5.817,,,,,,,,,,,,
Kameron Anthony,TE,RUTG,,,5.09,,,,,,,,,0.26,18.5,1.68,0.26,,5.09,4.25,5.09,5.09,,,,,,,,,,,,
Rod Gibbs,TE,SOUTHALABAMA,SELA,,5.09,,,,,,0,0,0,0.3,19.31,1.87,0.19,,5.601,4.666,5.601,5.601,,,,,,,,,,,,
Luke Gilbert,TE,JAXST,EASTKY,,5.04,,,,,,,,,0.2,25.3,1.35,0.09,,5.08,4.405,5.08,5.08,,,,,,,,,,,,
Kyle Frendt,TE,WYO,CSU,,4.99,,,,,,0.05,0,0,0.22,23.66,1.71,0.5,,5.696,4.841,5.696,5.696,,,,,,,,,,,,
Brett Norfleet,TE,MISSOURI,ARKPB,,4.95,,,,,,0,0,0,0.2,16.44,2.46,0.5,,5.304,4.074,5.304,5.304,,,,,,,,,,,,
Ethan Davis,TE,TENNESSEE,FURMAN,,4.78,,,,,,0,0,0,0.21,18.24,1.67,0.31,,4.754,3.919,4.754,4.754,,,,,,,,,,,,
Emaree Winston,TE,TEX,TENN,,4.75,,,,,,0.03,,,0.14,21.34,1.81,0.26,,4.964,4.059,4.964,4.964,,,,,,,,,,,,
Eli Jacon-Duffy,TE,BOWLINGGREEN,TARLST,,4.74,,,,,,0,0.21,0.08,0.17,21.15,2.1,0.4,,5.256,4.206,5.256,5.256,,,,,,,,,,,,
Walter Taylor III,TE,VAN,VANDY@AUBURN,,4.61,,,,,,0.14,16.99,,0.14,9,0.74,0.15,,5.019,4.649,5.019,5.019,,,,,,,,,,,,
Nick Townsend,TE,TEX,TXST,,4.59,,,,,,0.47,0.27,0.11,0.06,6.31,0.78,0.08,,4.618,4.228,4.618,4.618,,,,,,,,,,,,
Max Dowling,TE,MASS,RUT,,4.58,,,,,,0.01,0.9,0.34,0.2,16.7,2.1,0.5,,5.12,4.07,5.12,5.12,,,,,,,,,,,,
Jake Johnson,TE,AUB,BAY,,4.58,,,,,,0.05,0,0,0.1,13.7225,1.84,0.5,,4.11225,3.19225,4.11225,4.11225,,,,,,,,,,,,
Jackson Ford,TE,SANDIEGOSTATE,PORST,,4.55,,,,,,0,0,0,0.26,18.8,1.25,0.02,,4.69,4.065,4.69,4.69,,,,,,,,,,,,
Gavin Grover,TE,CIN,BC,,4.54,,,,,,0,0,0,0.12,22.79,2.27,0.19,,5.269,4.134,5.269,5.269,,,,,,,,,,,,
Noah Bennee,TE,UTAH,IDAHO,,4.51,,,,,,,,,0.15,22.31,1.33,0.2,,4.461,3.796,4.461,4.461,,,,,,,,,,,,
Addison Ostrenga,TE,IOWA,NIU,,4.43,,,,,,0.03,2,0,0.09,13.9625,1.85,0.5,,4.16625,3.24125,4.16625,4.16625,,,,,,,,,,,,
Daunte Bacheyie,TE,SYR,CUSE@UCONN,,4.42,,,,,,0.01,0,0,0.25,17.18,1.75,0.15,,5.028,4.153,5.028,5.028,,,,,,,,,,,,
Reed Jesiolowski,TE,KENNESAWSTATE,WESTGA,,4.4,,,,,,,,,0.15,19.2,1.57,0.15,,4.39,3.605,4.39,4.39,,,,,,,,,,,,
Christian Bentancur,TE,CLEM,LSU,,4.38,,,,,,0.05,0,0,0.24,17.52,1.46,0.5,,4.952,4.222,4.952,4.952,,,,,,,,,,,,
Ryan Wolfer,TE,SDGST,TXSTSM@SDGST,,4.38,,,,,,,,,0.03,22,2,0.03,,4.38,3.38,4.38,4.38,,,,,,,,,,,,
Luke Lindenmeyer,TE,NEB,OHIO,,5.485833333,,,,,,0,0,0,0.08,23.40833333,2.665,0.28,,5.485833333,4.153333333,5.485833333,5.485833333,,,,,,,,,,,,
Cooper Flanagan,TE,ND,WISC,,4.27,,,,,,0.05,0,0,0.27,16.91333333,1.31,0.5,,4.921333333,4.266333333,4.921333333,4.921333333,,,,,,,,,,,,
Carson Bruhn,TE,KANSAS,LIU,,4.25,,,,,,0,0,0,0.13,22.73,1.71,0.3,,4.763,3.908,4.763,4.763,,,,,,,,,,,,
George Burhenn,TE,PURDUE,INST,,4.22,,,,,,0,0,0,0.09,16.4925,1.653333333,0.15,,3.842583333,3.015916667,3.842583333,3.842583333,,,,,,,,,,,,
Josiah Thomas,TE,NMEXST,FSU,0,4.21,,,,,,,,,0.08,19.99,2.37,0.04,,4.849,3.664,4.849,4.849,,,,,,,,,,,,
James Falk,TE,RICE,RICE@ND,,4.19,,,,,,,,,0.13,23.99,1.73,0.06,,4.909,4.044,4.909,4.909,,,,,,,,,,,,
Xavier Watson,TE,CONN,MD,,4.14,,,,,,0,0,0,0.13,15.91,1.756666667,0.1,,4.127666667,3.249333333,4.127666667,4.127666667,,,,,,,,,,,,
Tate Hoover,TE,BALLSTATE,OSU,,4.12,,,,,,0,0,0,0.21,15.53,1.6,0.5,,4.413,3.613,4.413,4.413,,,,,,,,,,,,
Hunter Provience,TE,NCST,UVA,0,4.08,,,,,,0,0,0,0.25,12.5,1.15,0.02,,3.9,3.325,3.9,3.9,,,,,,,,,,,,
Elijah Lagg,TE,PITT,MIAOH@PITT,,4.08,,,,,,0.05,0,0,0.16,17.98,1.71,0.5,,4.768,3.913,4.768,4.768,,,,,,,,,,,,
Gabe Milbourn,TE,OREGST,OREGST@HOU,,4.05,,,,,,,,,0.07,13,2.36,0.27,,4.08,2.9,4.08,4.08,,,,,,,,,,,,
Vince Benetti,TE,ISU,UTAH,,5.07475,,,,,,0.02,0,0,0.21,17.1475,1.98,0.16,,5.07475,4.08475,5.07475,5.07475,,,,,,,,,,,,
Mikkel Skinner,TE,KENTUCKY,YSU,,3.98,,,,,,0,0,0,0.11,17.24,1.56,0.12,,3.944,3.164,3.944,3.944,,,,,,,,,,,,
Cash Cheeks,TE,UTEP,OKLA,,3.98,,,,,,0,0,0,0.17,14.43,1.44,0.5,,3.903,3.183,3.903,3.903,,,,,,,,,,,,
Andrew Rappleyea,TE,PSU,MARSH,,3.95,,,,,,0.05,0,0,0.21,16.14,1.31,0.5,,4.484,3.829,4.484,4.484,,,,,,,,,,,,
Devon Tauaefa,TE,HAWAII,STNFRD,0,3.94,,,,,,0,0,0,0.09,20.69,1.48,0.12,,4.089,3.349,4.089,4.089,,,,,,,,,,,,
Reece Adkins,TE,MASSACHUSETTS,RUT,,3.94,,,,,,0.11,1.08,0.08,0.14,13.28,1.46,0.12,,4.396,3.666,4.396,4.396,,,,,,,,,,,,
Nate Roberts,TE,OSU,BALLST,,3.93,,,,,,0.03,2,0.1,0.11,16.52285714,1.855,0.5,,4.547285714,3.619785714,4.547285714,4.547285714,,,,,,,,,,,,
Elyiss Williams,TE,UGA,WKY@UGA,,3.93,,,,,,0.05,,,0.15,14,1.36,0.5,,3.96,3.28,3.96,3.96,,,,,,,,,,,,
Alexander Honig,TE,NORTHWESTERN,SDAKST,,3.86,,,,,,0.01,2,0,0.13,18.38,1.5,0.13,,4.378,3.628,4.378,4.378,,,,,,,,,,,,
Wyatt Sullivan,TE,USF,FIU,,3.86,,,,,,0.05,0,0,0.13,18.76,1.56,0.5,,4.516,3.736,4.516,4.516,,,,,,,,,,,,
Sam West,TE,MSST,ULMON,,3.82,,,,,,0,0,0,0.2,14.79666667,1.88,0.26,,4.559666667,3.619666667,4.559666667,4.559666667,,,,,,,,,,,,
Hunter Andrews,TE,UTAH,IDAHO,,3.79,,,,,,0.04,3,,0.2,11.46,1.44,0.41,,4.326,3.606,4.326,4.326,,,,,,,,,,,,
Ismael Smith Flores,TE,ECU,ALA,,3.79,,,,,,,,,0.15,14.54,1.38,0.3,,3.734,3.044,3.734,3.734,,,,,,,,,,,,
Jamari Harrold,TE,KENN,ARKST,,3.75,,,,,,0.01,,,0.13,13.32,1.65,0.1,,3.822,2.997,3.822,3.822,,,,,,,,,,,,
Trey Leckner,TE,WASHINGTONSTATE,UW,,3.74,,,,,,0,0,0,0.2,17,1.55,0.2,,4.45,3.675,4.45,4.45,,,,,,,,,,,,
Brock Chappell,TE,UL,UL@USC,,3.74,,,,,,,,,0.06,24.01,1.18,0.11,,3.941,3.351,3.941,3.941,,,,,,,,,,,,
Kamrean Johnson,TE,WAKE,AKR,,3.69,,,,,,0.05,0,0,0.16,15.69,1.6,0.5,,4.429,3.629,4.429,4.429,,,,,,,,,,,,
Trevor Wilson,TE,BUFFALO,ALBANY,,3.69,,,,,,0,0,0,0.06,16.14,1.77,0.06,,3.744,2.859,3.744,3.744,,,,,,,,,,,,
Charlie Williams,TE,COLO,WEB,,3.67,,,,,,0,0,0,0.14,15.96,1.29,0.19,,3.726,3.081,3.726,3.726,,,,,,,,,,,,
Roger Saleapaga II,TE,BYU,UTAHTE,,3.66,,,,,,0.02,2,0,0.11,15.46,1.44,0.15,,3.966,3.246,3.966,3.966,,,,,,,,,,,,
Nate Kurisky,TE,DUKE,TULANE@DUKE,,3.66,,,,,,0.05,,,0.26,14,1,0.5,,4.26,3.76,4.26,4.26,,,,,,,,,,,,
Houston Thomas,TE,TXAM,MOSTU,,3.66,,,,,,0,0,0,0.08,20.33,1.1,0.23,,3.613,3.063,3.613,3.613,,,,,,,,,,,,
Desirrio Riles,TE,FSU,NMEXST,0,3.61,,,,,,0,0,0,0.07,21.82,0.72,0.07,,3.322,2.962,3.322,3.322,,,,,,,,,,,,
Dakota Twitty,TE,UVA,NCST,,3.61,,,,,,0,0,0,0.05,20.52,1.54,0.09,,3.892,3.122,3.892,3.892,,,,,,,,,,,,
Luke Harpring,TE,FLA,FLAATL,,3.6,,,,,,0,0,0,0.05,12.295,1.5,0.09,,3.0295,2.2795,3.0295,3.0295,,,,,,,,,,,,
Adam Parks,TE,WMU,MICH,,3.59,,,,,,0,0,0,0.11,12.57,1.63,0.11,,3.547,2.732,3.547,3.547,,,,,,,,,,,,
Elijah Sessoms,TE,DELAWARE,MERRIM,,3.58,,,,,,0,0,0,0.07,19.31,1.38,0.15,,3.731,3.041,3.731,3.731,,,,,,,,,,,,
DJ Asiasi,TE,NEV,WESTKY,,3.55,,,,,,,,,0.11,13.55,1.44,0.04,,3.455,2.735,3.455,3.455,,,,,,,,,,,,
Jake Furtney,TE,OHIO,NEB,,3.55,,,,,,0,0,0,0.15,12.68,1.31,0.15,,3.478,2.823,3.478,3.478,,,,,,,,,,,,
Conner Cravaack,TE,AKR,WAKE,,3.53,,,,,,0.05,0,0,0.09,20.44,0.68,0.5,,3.564,3.224,3.564,3.564,,,,,,,,,,,,
Jack Pedersen,TE,WASHST,WASHST@WASH,,3.51,,,,,,0,0,0,0.17,13.22,1.52,0.06,,3.862,3.102,3.862,3.862,,,,,,,,,,,,
Wesley Campbell VI,TE,GAST,GAST@KENSAW,,3.51,,,,,,,,,0.07,13,1.82,0.09,,3.54,2.63,3.54,3.54,,,,,,,,,,,,
Blake Smith,TE,TXST,TEX,,3.49,,,,,,0.05,0,0,0.12,16.7,1.5,0.5,,4.19,3.44,4.19,4.19,,,,,,,,,,,,
Tyler Little,TE,ARST,MEMP,,3.49,,,,,,0.05,0,0,0.19,13.67,0.92,0.5,,3.727,3.267,3.727,3.727,,,,,,,,,,,,
Dorian Thomas,TE,CAL,UCLA,,3.49,,,,,,0.05,0,0,0.06,17.97,0.57,0.5,,3.027,2.742,3.027,3.027,,,,,,,,,,,,
Noah Meyers,TE,SYRACUSE,UNH,,3.48,,,,,,0,0,0,0.17,15.7,0.65,0.28,,3.24,2.915,3.24,3.24,,,,,,,,,,,,
Glen Weber,TE,NORTHERNILLINOIS,IOWA,,3.48,,,,,,,,,0.13,10.63,1.6,0.5,,3.443,2.643,3.443,3.443,,,,,,,,,,,,
Chris Corbo,TE,GT,CU,,3.45,,,,,,0.05,,,0.1,14.21,1.4,0.5,,3.721,3.021,3.721,3.721,,,,,,,,,,,,
Logan Mauldin,TE,UNCCHARLOTTE,CIT,,3.45,,,,,,0,0,0,0.1,18.57,1.06,0.12,,3.517,2.987,3.517,3.517,,,,,,,,,,,,
Luke Hasz,TE,MISS,LOU,,3.4,,,,,,0.05,,,0.1,12.96,1.54,0.5,,3.736,2.966,3.736,3.736,,,,,,,,,,,,
Olsen Patt-Henry,TE,CLEM,LSU,,3.39,,,,,,0.05,0,0,0.04,17.78,1.58,0.5,,3.898,3.108,3.898,3.898,,,,,,,,,,,,
Linkon Cure,TE,KANSASSTATE,NICH,,3.38,,,,,,,,,0.15,11.75,1.29,0.29,,3.365,2.72,3.365,3.365,,,,,,,,,,,,
Kamaehu Kopa-Kaawalauole,TE,SJST,USC,0,3.33,,,,,,0,0,0,0.07,18.17,0.94,0.13,,3.177,2.707,3.177,3.177,,,,,,,,,,,,
Preston Kilgore,TE,USM,USM@AUBURN,,3.33,,,,,,,,,0.07,16.99,0.91,0.04,,3.029,2.574,3.029,3.029,,,,,,,,,,,,
Tyler Fortenberry,TE,IOWASTATE,SEMO,,3.29,,,,,,0,0,0,0.15,15.6,0.7,0.19,,3.16,2.81,3.16,3.16,,,,,,,,,,,,
Jackson Worley,TE,TROY,SAMHOU,,3.29,,,,,,0.05,,,0.15,9.91,1.31,0.5,,3.501,2.846,3.501,3.501,,,,,,,,,,,,
Zach Atkins,TE,COLO,GT,,3.28,,,,,,0,0,0,0.05,17.03,1.38,0.16,,3.383,2.693,3.383,3.383,,,,,,,,,,,,
Tony Livingston,TE,BAY,AUB,,3.24,,,,,,0.05,0,0,0.11,17.68,0.69,0.5,,3.418,3.073,3.418,3.418,,,,,,,,,,,,
Jake Newell,TE,TOLEDO,MSU,,3.24,,,,,,0,0,0,0.14,11.16,1.29,0.06,,3.246,2.601,3.246,3.246,,,,,,,,,,,,
Ryan Ward,TE,WVU,COASTC,,3.23,,,,,,0,0,0,0.22,12.57,0.57,0.15,,3.147,2.862,3.147,3.147,,,,,,,,,,,,
Zeke Wimbush,TE,LIB,,,3.22,,,,,,0.01,,,0.12,12.76,1.16,0.13,,3.216,2.636,3.216,3.216,,,,,,,,,,,,
Teddy Gawlik,TE,LOUISIANALAFAYETTE,CHAR,,3.17,,,,,,0,0,0,0.08,12.66,1.48,0.06,,3.226,2.486,3.226,3.226,,,,,,,,,,,,
Gerard Bullock Jr.,TE,KENNESAWSTATE,WESTGA,,3.17,,,,,,,,,0.08,9.84,1.73,0.13,,3.194,2.329,3.194,3.194,,,,,,,,,,,,
Jacob Newell,TE,TOLEDO,TOLEDO@MICHST,,3.17,,,,,,,,,0.14,15,1.27,0.04,,3.61,2.975,3.61,3.61,,,,,,,,,,,,
Max Whisner,TE,SAMHOUSTON,TROY,,3.15,,,,,,,,,0.06,13.41,1.79,0.01,,3.491,2.596,3.491,3.491,,,,,,,,,,,,
Jabari Bush,TE,ARST,MEMP,,3.1,,,,,,0.05,0,0,0.06,16.13,1.35,0.5,,3.623,2.948,3.623,3.623,,,,,,,,,,,,
Cyrus Ellison,TE,CSTCAR,CSTCAR@WVU,,3.07,,,,,,0,0,0,0.07,16.07,1.38,0.05,,3.407,2.717,3.407,3.407,,,,,,,,,,,,
Shamar Easter,TE,UNC,TCU,0,3.06,,,,,,,,,0.04,16.01,1.82,0.05,,3.661,2.751,3.661,3.661,,,,,,,,,,,,
Jason Fowler,TE,NORTHERNILLINOIS,IOWA,,3.04,,,,,,,,,0.13,10.64,1.19,0.5,,3.034,2.439,3.034,3.034,,,,,,,,,,,,
Andrew Olesh,TE,ORE,BOISE,,3.02,,,,,,0.05,,,0.13,11.57,1.04,0.5,,3.277,2.757,3.277,3.277,,,,,,,,,,,,
Carson Gulker,TE,MSU,,,3,,,,,,0.05,,,0.45,,,0.5,,3,3,3,3,,,,,,,,,,,,
Carter Nelson,TE,NEB,,,6.695,,,,,,0.05,36.95,,0.45,,,0.5,,6.695,6.695,6.695,6.695,,,,,,,,,,,,
Luke Sorensen,TE,NEB,,,3,,,,,,0.05,,,0.45,,,0.5,,3,3,3,3,,,,,,,,,,,,
Riley Palmeter,TE,OHIO,,,3,,,,,,0.05,,,0.45,,,0.5,,3,3,3,3,,,,,,,,,,,,
PJ MacFarlane,TE,IND,,,3,,,,,,0.05,,,0.45,,,0.5,,3,3,3,3,,,,,,,,,,,,
Josh Sapp,TE,WVU,,,3,,,,,,0.05,,,0.45,,,0.5,,3,3,3,3,,,,,,,,,,,,
Max Drag,TE,SCAR,,,3,,,,,,0.05,,,0.45,,,0.5,,3,3,3,3,,,,,,,,,,,,
Mike Tyler,TE,SCAR,,,3,,,,,,0.05,,,0.45,,,0.5,,3,3,3,3,,,,,,,,,,,,
Jonathan Echols,TE,AUB,,,3,,,,,,0.05,,,0.45,,,0.5,,3,3,3,3,,,,,,,,,,,,
Devyn Zahursky,TE,CIN,,,3,,,,,,0.05,,,0.45,,,0.5,,3,3,3,3,,,,,,,,,,,,
Kaelan Chudzinski,TE,BC,CIN,,3,,,,,,0.05,,,0.45,,,0.5,,3,3,3,3,,,,,,,,,,,,
Dawson Johnson,TE,TULN,,,3,,,,,,0.05,,,0.45,,,0.5,,3,3,3,3,,,,,,,,,,,,
A.J. Pugliano,TE,ORE,,,3,,,,,,0.05,,,0.45,,,0.5,,3,3,3,3,,,,,,,,,,,,
Markus Dixon,TE,ORE,,,3,,,,,,0.05,,,0.45,,,0.5,,3,3,3,3,,,,,,,,,,,,
Kendre Harrison,TE,ORE,,,3,,,,,,0.05,,,0.45,,,0.5,,3,3,3,3,,,,,,,,,,,,
Thomas Meyer,TE,IOWA,,,3,,,,,,0.05,,,0.45,,,0.5,,3,3,3,3,,,,,,,,,,,,
Mason Brown,TE,ECU,,,3,,,,,,0.05,,,0.45,,,0.5,,3,3,3,3,,,,,,,,,,,,
Walter Matthews,TE,USC,,,3,,,,,,0.05,,,0.45,,,0.5,,3,3,3,3,,,,,,,,,,,,
Lyviel Waters,TE,CIN,,,3,,,,,,0.05,,,0.45,,,0.5,,3,3,3,3,,,,,,,,,,,,
Fisher Clements,TE,COLO,,,3,,,,,,0.05,,,0.45,,,0.5,,3,3,3,3,,,,,,,,,,,,
Maurice Brown II,TE,SCAR,,,3,,,,,,0.05,,,0.45,,,0.5,,3,3,3,3,,,,,,,,,,,,
Brady Kopetz,TE,COLO,,,3,,,,,,0.05,,,0.45,,,0.5,,3,3,3,3,,,,,,,,,,,,
Brennan Parachek,TE,MSU,TOL,,2.96,,,,,,0.05,0,0,0.07,14.86,1.08,0.5,,3.286,2.746,3.286,3.286,,,,,,,,,,,,
Hawkins Polley,TE,BAY,COLO@BAYLOR,,2.95,,,,,,,,,0.23,10,0.91,0.26,,3.29,2.835,3.29,3.29,,,,,,,,,,,,
Jaden Allen,TE,CENTRALMICHIGAN,NM,,2.94,,,,,,,,,0.14,9.61,1.12,0.14,,2.921,2.361,2.921,2.921,,,,,,,,,,,,
Myles Peters,TE,CMU,COLG,,2.91,,,,,,0.01,0,0,0.14,8.75,1.17,0.12,,2.945,2.36,2.945,2.945,,,,,,,,,,,,
Zack Marshall,TE,MICH,WESTMI,,2.9,,,,,,0,0,0,0.16,13.29,0.35,0.41,,2.639,2.464,2.639,2.639,,,,,,,,,,,,
Hayden Hansen,TE,OKLA,UTEP,,2.9,,,,,,,,,0.08,13.32,1.12,0.38,,2.932,2.372,2.932,2.932,,,,,,,,,,,,
Tanner Lemaster,TE,EMICH,SACST,0,2.89,,,,,,,,,0.04,17.99,1.45,0.04,,3.489,2.764,3.489,3.489,,,,,,,,,,,,
David Clement,TE,SYRACUSE,UNH,,2.89,,,,,,0,0,0,0.09,15.01,1.08,0.08,,3.121,2.581,3.121,3.121,,,,,,,,,,,,
Jeron Askren,TE,MISSOURISTATE,TEXAM,,2.88,,,,,,,,,0.1,10.64,1.23,0.5,,2.894,2.279,2.894,2.894,,,,,,,,,,,,
Ty Washington,TE,ND,RICE@ND,,2.88,,,,,,,,,0.23,10,1,0.34,,3.38,2.88,3.38,3.38,,,,,,,,,,,,
Micah Riley-Ducker,TE,TXAM,MOST@TXAM,,2.84,,,,,,,,,0.21,11,1.09,0.29,,3.45,2.905,3.45,3.45,,,,,,,,,,,,
Amir Jackson,TE,FLA,AUB,,3.7715,,,,,,0.05,0,0,0.14,11.415,1.49,0.5,,3.7715,3.0265,3.7715,3.7715,,,,,,,,,,,,
Koraun Perdue,TE,MTU,,,2.84,,,,,,0.01,,,0.13,9.796666667,1.46,0.14,,3.279666667,2.549666667,3.279666667,3.279666667,,,,,,,,,,,,
Gabe Burkle,TE,PSU,MARSH,,2.82,,,,,,0.04,2,0,0.03,15.39,0.71,0.11,,2.869,2.514,2.869,2.869,,,,,,,,,,,,
Gus McGee,TE,UNCCHARLOTTE,CIT,,2.79,,,,,,0,0,0,0.17,10,0.63,0.1,,2.65,2.335,2.65,2.65,,,,,,,,,,,,
Jailen Butler,TE,KU,,,2.78,,,,,,0.01,,,0.12,10.5,0.95,0.13,,2.78,2.305,2.78,2.78,,,,,,,,,,,,
Jaden Reddell,TE,GEORGIA,TENNST,,2.77,,,,,,0.03,2,0,0.12,11.6,0.91,0.1,,3.17,2.715,3.17,3.17,,,,,,,,,,,,
Jake Appleget,TE,FRES,USC,,2.76,,,,,,0.05,0,0,0.09,12.21,1.29,0.5,,3.351,2.706,3.351,3.351,,,,,,,,,,,,
Preston Howard,TE,MARYLAND,HAMP,,2.76,,,,,,0,0,0,0.01,12.5,1.5,0.05,,2.81,2.06,2.81,2.81,,,,,,,,,,,,
Ryder Kusch,TE,TEMPLE,URI,,2.75,,,,,,0,0,0,0.16,9.83,1.04,0.19,,2.983,2.463,2.983,2.983,,,,,,,,,,,,
Parker Poloskey,TE,ARMY,BRYANT,,2.72,,,,,,0,0,0,0.19,11.1,0.54,0.09,,2.79,2.52,2.79,2.79,,,,,,,,,,,,
LaKelsey Johnson Jr.,TE,LIBERTY,JMU,,2.71,,,,,,0,0,0,0.1,12.41,0.94,0.5,,2.781,2.311,2.781,2.781,,,,,,,,,,,,
Benji Gosnell,TE,VIRGINIATECH,VMI,,2.71,,,,,,0,0,0,0.1,10.18,1.12,0.21,,2.738,2.178,2.738,2.738,,,,,,,,,,,,
Jalen Hoffman,TE,MICH,IOWA,,2.7,,,,,,0.01,0,0,0.08,10.77,1.13,0.12,,2.747,2.182,2.747,2.747,,,,,,,,,,,,
Ryan Schwendeman,TE,WISCONSIN,ND,,2.7,,,,,,,,,0.04,12.49,1.21,0.04,,2.699,2.094,2.699,2.699,,,,,,,,,,,,
Jamel Howse,TE,APLST,APLST@NCST,,2.69,,,,,,,,,0.01,17,1.55,0.01,,3.31,2.535,3.31,3.31,,,,,,,,,,,,
Zach Courtney,TE,CCAR,WVU,,2.68,,,,,,0,0,0,0.05,16.67,0.32,0.25,,2.287,2.127,2.287,2.287,,,,,,,,,,,,
Gavin Harris,TE,GT,CU,,2.67,,,,,,,,,0.11,11.86,0.73,0.51,,2.576,2.211,2.576,2.576,,,,,,,,,,,,
Marshall Pritchett,TE,ALA,SC@BAMA,,2.63,,,,,,0.03,2,,0.04,15,1,0.5,,3.12,2.62,3.12,3.12,,,,,,,,,,,,
Andrew Barker,TE,IND,HOW,,2.57,,,,,,0.05,0,0,0.04,16.49,0.41,0.5,,2.599,2.394,2.599,2.599,,,,,,,,,,,,
Zeke Moore,TE,BC,BC@CINCY,,2.56,,,,,,0.05,0,0,0.06,14.16,1.06,0.5,,3.136,2.606,3.136,3.136,,,,,,,,,,,,
Jake Norris,TE,NAVY,TOWSON,,2.55,,,,,,0,0,0,0.09,15.46,0.4,0.08,,2.486,2.286,2.486,2.486,,,,,,,,,,,,
Simon Kibbee,TE,AIRFORCE,DUQ,,2.54,,,,,,0,0,0,0.11,12.21,0.74,0.23,,2.621,2.251,2.621,2.621,,,,,,,,,,,,
Josh Ford,TE,ALA,ECU,,2.54,,,,,,0.05,0,0,0.24,7.69,0.3,0.5,,2.809,2.659,2.809,2.809,,,,,,,,,,,,
James Flanigan,TE,ND,RICE,,2.46,,,,,,0.01,0,0,0.13,6.92,1.06,0.12,,2.592,2.062,2.592,2.592,,,,,,,,,,,,
Kaden Feagin,TE,ILL,UAB,,2.43,,,,,,0.03,2.31,0.52,0.06,11.16,0.99,0.5,,2.877,2.382,2.877,2.877,,,,,,,,,,,,
Dillon Hipp,TE,MOST,MOST@TXAM,,2.38,,,,,,,,,0.04,8,1.31,0.01,,2.35,1.695,2.35,2.35,,,,,,,,,,,,
Christian Abney,TE,ILL,UAB,,2.35,,,,,,0.05,0,0,0.07,4.5,0.87,0.5,,2.04,1.605,2.04,2.04,,,,,,,,,,,,
Sam Lee,TE,TOL,TOLEDO@BALLST,,2.3,,,,,,0.01,,,0.03,14,1.27,0.08,,2.91,2.275,2.91,2.91,,,,,,,,,,,,
Tucker Ashcraft,TE,USC,SJST,0,2.3,,,,,,,,,0.14,10,1.09,0.16,,2.93,2.385,2.93,2.93,,,,,,,,,,,,
Chico Holt,TE,STNFRD,MIAFL,,2.28,,,,,,0,0,0,0.07,11.95,0.81,0.5,,2.425,2.02,2.425,2.425,,,,,,,,,,,,
Grant Stec,TE,WISCONSIN,WESTIL,,2.25,,,,,,0,0,0,0.04,9.23,1.08,0.5,,2.243,1.703,2.243,2.243,,,,,,,,,,,,
Pierce Walsh,TE,MINNESOTA,EASTIL,,2.24,,,,,,0,0,0,0.04,6.295,1.08,0.05,,1.9495,1.4095,1.9495,1.9495,,,,,,,,,,,,
Riley Williams,TE,MSST,ULMON,,2.23,,,,,,0,0,0,0.06,11.54,0.63,0.13,,2.144,1.829,2.144,2.144,,,,,,,,,,,,
Tayvion Galloway,TE,MIDDLETENNST,MUR,,2.2,,,,,,0,0,0,0.05,10.5,0.9,0.12,,2.25,1.8,2.25,2.25,,,,,,,,,,,,
Kaden Helms,TE,MINNESOTA,EASTIL,,2.2,,,,,,0,0,0,0.06,10.54,0.8,0.38,,2.214,1.814,2.214,2.214,,,,,,,,,,,,
Alex Godavitarne,TE,UCONN,MD,,2.17,,,,,,0,0,0,0.06,9.89,0.85,0.16,,2.199,1.774,2.199,2.199,,,,,,,,,,,,
Davin Stoffel,TE,ILL,ILL@OHIOST,,2.15,,,,,,0.05,,,0.04,13,1,0.5,,2.84,2.34,2.84,2.84,,,,,,,,,,,,
Brock Lium,TE,FRESNOSTATE,USC,,2.14,,,,,,0,0,0,0.03,13.04,0.32,0.07,,1.804,1.644,1.804,1.804,,,,,,,,,,,,
Hogan Hansen,TE,MICH,WESTMI,,2.14,,,,,,0.05,0,0,0.05,11.89,0.63,0.5,,2.419,2.104,2.419,2.419,,,,,,,,,,,,
Scott Moore,TE,DELAWARE,MERRIM,,2.12,,,,,,0,0,0,0.11,7.96,0.6,0.2,,2.056,1.756,2.056,2.056,,,,,,,,,,,,
DaSaahn Brame,TE,TENNESSEE,FURMAN,,3.978181818,,,,,,0,0,0,0.06,17.63181818,1.855,0.12,,3.978181818,3.050681818,3.978181818,3.978181818,,,,,,,,,,,,
JP Mikhael,TE,GAS,GAS@CLEM,,2.09,,,,,,,,,0.03,14,0.91,0.03,,2.49,2.035,2.49,2.49,,,,,,,,,,,,
Tyler Powell,TE,ARIZONA,NOARI,,2.08,,,,,,0,0,0,0.07,11,0.7,0.11,,2.22,1.87,2.22,2.22,,,,,,,,,,,,
Logan Blake,TE,RUTG,MASS,,2.06,,,,,,0.05,0,0,0.03,9.9,1.1,0.5,,2.57,2.02,2.57,2.57,,,,,,,,,,,,
Khamari Anderson,TE,ARIZONASTATE,MORGST,,2.06,,,,,,0,0,0,0.06,8.8,0.8,0.3,,2.04,1.64,2.04,2.04,,,,,,,,,,,,
Matt Byrnes,TE,UNLV,MEMP,0,2.06,,,,,,,,,0.07,12,1,0.05,,2.62,2.12,2.62,2.62,,,,,,,,,,,,
Jerry Lydiatt,TE,NMEXST,FSU,0,2.06,,,,,,0,0,0,0.08,7.7,0.8,0.18,,2.05,1.65,2.05,2.05,,,,,,,,,,,,
Kache Kaio,TE,UTAHSTATE,IDAST,,2.04,,,,,,0,0,0,0.05,10.78,0.56,0.12,,1.938,1.658,1.938,1.938,,,,,,,,,,,,
David Alpers III,TE,JAXST,OHIO,,2.01,,,,,,,,,0.06,8.77,0.83,0.13,,2.067,1.652,2.067,2.067,,,,,,,,,,,,
Mason Williams,TE,OSU,BALLST,,1.98,,,,,,0.05,0,0,0.06,8.14,0.89,0.5,,2.364,1.919,2.364,2.364,,,,,,,,,,,,
Luke McGary,TE,HOU,ORST,,1.97,,,,,,0,0,0,0.07,10.08,0.38,0.07,,1.808,1.618,1.808,1.808,,,,,,,,,,,,
Lofton Howard,TE,WKY,WKY@NMEXST,,1.96,,,,,,,,,0.06,10,0.77,0.03,,2.13,1.745,2.13,2.13,,,,,,,,,,,,
Zach Grace,TE,LSU,MCNE,,1.96,,,,,,0.02,0,0,0.13,8.27,0.42,0.22,,2.147,1.937,2.147,2.147,,,,,,,,,,,,
Miles Campbell,TE,UTSA,COLOST@TXSA,,1.94,,,,,,0.01,,,0.04,13,0.91,0.13,,2.51,2.055,2.51,2.51,,,,,,,,,,,,
Arlis Boardingham,TE,AUB,VANDY@AUBURN,,2.7,,,,,,,,,0.04,11,1.36,0.08,,2.7,2.02,2.7,2.7,,,,,,,,,,,,
AJ Miller,TE,OHIO,JAXST,,1.88,,,,,,0,0,0,0.11,6.33,0.63,0.5,,1.923,1.608,1.923,1.923,,,,,,,,,,,,
Cameron Ball,TE,WVU,CSTCAR@WVU,,1.87,,,,,,,,,0.07,10,0.91,0.07,,2.33,1.875,2.33,2.33,,,,,,,,,,,,
Vander Ploog,TE,NCST,,,1.86,,,,,,0.03,,,0.28,,,0.31,,1.86,1.86,1.86,1.86,,,,,,,,,,,,
Trent Thomas,TE,TENN,TEX,,1.85,,,,,,0.01,0,0,0.04,7.31,0.85,0.11,,1.881,1.456,1.881,1.881,,,,,,,,,,,,
Jax Markovich,TE,MASS,UMASS@SACST,,1.83,,,,,,,,,0.03,11,1.18,0.03,,2.46,1.87,2.46,2.46,,,,,,,,,,,,
Micah Riley,TE,TXAM,MOSTU,,1.81,,,,,,0,0,0,0.11,5.74,0.63,0.09,,1.864,1.549,1.864,1.864,,,,,,,,,,,,
John Rogers,TE,UVA,WVU@UVA,,1.75,,,,,,,,,0.04,10,0.91,0.04,,2.15,1.695,2.15,2.15,,,,,,,,,,,,
Avion McBride,TE,GAST,GAST@KENSAW,,1.72,,,,,,,,,0.04,10,0.91,0.04,,2.15,1.695,2.15,2.15,,,,,,,,,,,,
Kaiden Prothro,TE,GEORGIA,TENNST,,1.71,,,,,,0,0.21,0.06,0.07,7.26,0.56,0.08,,1.727,1.447,1.727,1.727,,,,,,,,,,,,
Stephen Collier,TE,EASTCAROLINA,ALA,,1.7,,,,,,,,,0.05,8.2,0.58,0.05,,1.7,1.41,1.7,1.7,,,,,,,,,,,,
Taniela Tupou,TE,USC,FRES,,1.69,,,,,,0.05,0,0,0.06,8.68,0.55,0.5,,2.078,1.803,2.078,2.078,,,,,,,,,,,,
Jordon Harris,TE,MIZZOU,TROY@MIZZOU,,1.69,,,,,,,,,0.05,10,0.91,0.09,,2.21,1.755,2.21,2.21,,,,,,,,,,,,
Matthew Klopfenstein,TE,BAY,AUB,,1.68,,,,,,0,0,0,0.05,8.56,0.69,0.21,,1.846,1.501,1.846,1.846,,,,,,,,,,,,
AJ Ia,TE,ARIZONASTATE,MORGST,,1.68,,,,,,0,0,0,0.07,8.49,0.77,0.21,,2.039,1.654,2.039,2.039,,,,,,,,,,,,
Kam Bell,TE,JAXST,EASTKY,,1.67,,,,,,,,,0.06,7.16,0.62,0.06,,1.696,1.386,1.696,1.696,,,,,,,,,,,,
Gavin Mueller,TE,MIA,MIAMI@STNFRD,,1.66,,,,,,0,0,0,0.02,8.57,0.84,0.5,,1.817,1.397,1.817,1.817,,,,,,,,,,,,
Evan Dangler,TE,SFLA,SFLA@BGREEN,,1.63,,,,,,,,,0.01,11,0.91,0.06,,2.07,1.615,2.07,2.07,,,,,,,,,,,,
Caleb Ryan,TE,LIB,LIB@CSTCAR,,1.62,,,,,,,,,0.04,10,1,0.05,,2.24,1.74,2.24,2.24,,,,,,,,,,,,
Leyton Cure,TE,KANSAS,LIU,,1.62,,,,,,0,0,0,0.07,8.23,0.36,0.22,,1.603,1.423,1.603,1.603,,,,,,,,,,,,
Judah Ezinwa,TE,UTEP,DEL,,1.6,,,,,,,,,0.04,10,0.91,0.03,,2.15,1.695,2.15,2.15,,,,,,,,,,,,
Tyler Siddons,TE,WYOMING,CSU,,1.58,,,,,,0,0,0,0.04,5.76,0.81,0.04,,1.626,1.221,1.626,1.626,,,,,,,,,,,,
Preston McDaniel,TE,UTAHST,TROY@UTAHST,,1.58,,,,,,,,,0.04,10,0.91,0.04,,2.15,1.695,2.15,2.15,,,,,,,,,,,,
Tracy Stephens,TE,MRSHL,MTSU@MRSHL,,1.58,,,,,,,,,0.01,10,0.91,0.03,,1.97,1.515,1.97,1.97,,,,,,,,,,,,
Kaden Zenzen,TE,NDST,FORD,,1.56,,,,,,0,0,0,0.07,8.14,0.34,0.04,,1.574,1.404,1.574,1.574,,,,,,,,,,,,
Evan Poticher,TE,MTSU,MTSU@MRSHL,,1.56,,,,,,,,,0.01,10,0.91,0.02,,1.97,1.515,1.97,1.97,,,,,,,,,,,,
Brayden Loftin,TE,UCLA,CAL,,1.54,,,,,,0.05,,,0.07,6.11,0.53,0.5,,1.861,1.596,1.861,1.861,,,,,,,,,,,,
Chase Loftin,TE,FSU,SMU,,1.33,,,,,,0,0,0,0.04,6.5,0.52,0.03,,1.41,1.15,1.41,1.41,,,,,,,,,,,,
Austin Terry,TE,BOISESTATE,ORE,,1.33,,,,,,0,0,0,0.04,5.79,0.58,0.5,,1.399,1.109,1.399,1.399,,,,,,,,,,,,
Kade Eldridge,TE,WASH,WASHST,,1.32,,,,,,0.1,3,0,0.01,4.22,0.41,0.01,,1.792,1.587,1.792,1.792,,,,,,,,,,,,
Brock Schott,TE,IND,UNT,,1.31,,,,,,0.05,0,0,0.04,6.45,0.43,0.5,,1.615,1.4,1.615,1.615,,,,,,,,,,,,
Antonio Ferguson,TE,UAB,ILL,,1.21,,,,,,0,0,0,0.04,5.83,0.43,0.21,,1.253,1.038,1.253,1.253,,,,,,,,,,,,
Spencer Shannon,TE,TEX,,,1.2,,,,,,0.02,,,0.18,,,0.2,,1.2,1.2,1.2,1.2,,,,,,,,,,,,
Will Anciaux,TE,KSU,,,1.2,,,,,,0.02,,,0.18,,,0.2,,1.2,1.2,1.2,1.2,,,,,,,,,,,,
Kaleb Thomas,TE,HOU,,,1.2,,,,,,0.02,,,0.18,,,0.2,,1.2,1.2,1.2,1.2,,,,,,,,,,,,
Dillon Galloway,TE,APPALACHIANSTATE,MAINE,,1.15,,,,,,,,,0.03,5.83,0.41,0.18,,1.173,0.968,1.173,1.173,,,,,,,,,,,,
Preston Zinter,TE,RICE,HOUCHR,,1.15,,,,,,0,0,0,0.01,4.83,0.56,0.03,,1.103,0.823,1.103,1.103,,,,,,,,,,,,
Jewlyen Roberts,TE,TLSA,,,1.14,,,,,,0.02,,,0.17,,,0.19,,1.14,1.14,1.14,1.14,,,,,,,,,,,,
Shane King,TE,ARIZ,,,1.14,,,,,,0.02,,,0.17,,,0.19,,1.14,1.14,1.14,1.14,,,,,,,,,,,,
Jackson Shockley,TE,TLSA,OKST,,1.13,,,,,,0.05,0,0,0.04,4.33,0.4,0.5,,1.373,1.173,1.373,1.373,,,,,,,,,,,,
Leo Collins,TE,BALLSTATE,OSU,,1.06,,,,,,0,0,0,0.07,4.08,0.29,0.18,,1.118,0.973,1.118,1.118,,,,,,,,,,,,
Josh Phifer,TE,UCLA,CAL,,1.02,,,,,,0.05,,,0.06,4.3,0.29,0.5,,1.38,1.235,1.38,1.38,,,,,,,,,,,,
Scott Isacks,TE,UAB,,,1.02,,,,,,0.02,,,0.15,,,0.17,,1.02,1.02,1.02,1.02,,,,,,,,,,,,
Jordan Collins,TE,NAVY,,,1.02,,,,,,0.02,,,0.15,,,0.17,,1.02,1.02,1.02,1.02,,,,,,,,,,,,
Donovan Green,TE,OKST,TLSA,,1,,,,,,,,,0.04,3.66,0.36,0.21,,0.966,0.786,0.966,0.966,,,,,,,,,,,,
Malachi Thomas,TE,LSU,CLEM,,0.99,,,,,,0,0,0,0.06,3.94,0.33,0.13,,1.084,0.919,1.084,1.084,,,,,,,,,,,,
Gabe Lovorn,TE,TULANE,DUKE,,0.97,,,,,,,,,0.07,3.24,0.3,0.21,,1.044,0.894,1.044,1.044,,,,,,,,,,,,
Michael Smith,TE,MISS,,,0.96,,,,,,0.02,,,0.14,,,0.16,,0.96,0.96,0.96,0.96,,,,,,,,,,,,
Ahmon Green,TE,GASO,,,0.96,,,,,,0.02,,,0.14,,,0.16,,0.96,0.96,0.96,0.96,,,,,,,,,,,,
Collin Remenowsky,TE,UTAHSTATE,UW,,0.94,,,,,,0,0,0,0.03,3.92,0.41,0.09,,0.982,0.777,0.982,0.982,,,,,,,,,,,,
Luke Tevis,TE,TLSA,OKST,,0.93,,,,,,0,0,0,0.04,3.79,0.34,0.21,,0.959,0.789,0.959,0.959,,,,,,,,,,,,
Michael Masunas,TE,TEX,TXST,,0.91,,,,,,,,,0.04,3.4,0.34,0.41,,0.92,0.75,0.92,0.92,,,,,,,,,,,,
Lacota Dippre,TE,FLA,CAMP,,0.9,,,,,,0,0,0,0.04,3.35,0.33,0.5,,0.905,0.74,0.905,0.905,,,,,,,,,,,,
Joeseph Skipworth,TE,MSST,,,0.9,,,,,,0.01,,,0.14,,,0.15,,0.9,0.9,0.9,0.9,,,,,,,,,,,,
Carson Tabaracci,TE,USC,,,0.9,,,,,,0.01,,,0.14,,,0.15,,0.9,0.9,0.9,0.9,,,,,,,,,,,,
Nate Levicki,TE,WMU,,,0.9,,,,,,0.01,,,0.14,,,0.15,,0.9,0.9,0.9,0.9,,,,,,,,,,,,
Matt Ragan,TE,UCONN,LAF,,0.85,,,,,,0,0,0,0.04,3.58,0.32,0.28,,0.918,0.758,0.918,0.918,,,,,,,,,,,,
Brec Long,TE,UNT,,,0.84,,,,,,0.01,,,0.13,,,0.14,,0.84,0.84,0.84,0.84,,,,,,,,,,,,
Brady McCullough,TE,UNI,,,0.84,,,,,,0.01,,,0.13,,,0.14,,0.84,0.84,0.84,0.84,,,,,,,,,,,,
Luke Douglas,TE,APP,,,0.78,,,,,,0.01,,,0.12,,,0.13,,0.78,0.78,0.78,0.78,,,,,,,,,,,,
Jacob Simpson,TE,MINN,,,0.78,,,,,,0.01,,,0.12,,,0.13,,0.78,0.78,0.78,0.78,,,,,,,,,,,,
Troy Grizzle,TE,BSU,,,0.78,,,,,,0.01,,,0.12,,,0.13,,0.78,0.78,0.78,0.78,,,,,,,,,,,,
Grayson Brousseau,TE,UCF,,,0.78,,,,,,0.01,,,0.12,,,0.13,,0.78,0.78,0.78,0.78,,,,,,,,,,,,
Chris Gacayan II,TE,TLSA,,,0.78,,,,,,0.01,,,0.12,,,0.13,,0.78,0.78,0.78,0.78,,,,,,,,,,,,
Blane Cleaver,TE,BOWLINGGREEN,TARLST,,0.74,,,,,,0,0.04,0.03,0.06,2.63,0.17,0.33,,0.797,0.712,0.797,0.797,,,,,,,,,,,,
Caden Piening,TE,UCF,,,0.72,,,,,,0.01,,,0.11,,,0.12,,0.72,0.72,0.72,0.72,,,,,,,,,,,,
Brendan Loftus,TE,MIAOH,,,0.72,,,,,,0.01,,,0.11,,,0.12,,0.72,0.72,0.72,0.72,,,,,,,,,,,,
Hunter Welcing,TE,OSU,,,0.66,,,,,,0.01,,,0.1,,,0.11,,0.66,0.66,0.66,0.66,,,,,,,,,,,,
Jackson Berryman,TE,PUR,,,0.66,,,,,,0.01,,,0.1,,,0.11,,0.66,0.66,0.66,0.66,,,,,,,,,,,,
Mike Higgins,TE,RUTG,MASS,,0.63,,,,,,0.05,0,0,0.01,2.13,0.32,0.5,,0.893,0.733,0.893,0.893,,,,,,,,,,,,
Bennett Christian,TE,OSU,,,0.6,,,,,,0.01,,,0.09,,,0.1,,0.6,0.6,0.6,0.6,,,,,,,,,,,,
Jake Taylor,TE,DUKE,,,0.6,,,,,,0.01,,,0.09,,,0.1,,0.6,0.6,0.6,0.6,,,,,,,,,,,,
Ryan Brotherton,TE,WMU,,,0.6,,,,,,0.01,,,0.09,,,0.1,,0.6,0.6,0.6,0.6,,,,,,,,,,,,
Karsen Konkel,TE,SIU,,,0.6,,,,,,0.01,,,0.09,,,0.1,,0.6,0.6,0.6,0.6,,,,,,,,,,,,
Emmett Bork,TE,WIS,,,0.6,,,,,,0.01,,,0.09,,,0.1,,0.6,0.6,0.6,0.6,,,,,,,,,,,,
Grant McAtee,TE,TLSA,,,0.6,,,,,,0.01,,,0.09,,,0.1,,0.6,0.6,0.6,0.6,,,,,,,,,,,,
Connor Cox,TE,UVA,,,0.6,,,,,,0.01,,,0.09,,,0.1,,0.6,0.6,0.6,0.6,,,,,,,,,,,,
James Giggey,TE,ASU,,,0.6,,,,,,0.01,,,0.09,,,0.1,,0.6,0.6,0.6,0.6,,,,,,,,,,,,
Dominic Toy,TE,CSU,,,0.54,,,,,,0.01,,,0.08,,,0.09,,0.54,0.54,0.54,0.54,,,,,,,,,,,,
Fabian Rogosch,TE,TROY,,,0.54,,,,,,0.01,,,0.08,,,0.09,,0.54,0.54,0.54,0.54,,,,,,,,,,,,
Gavin Correia,TE,FRES,,,0.54,,,,,,0.01,,,0.08,,,0.09,,0.54,0.54,0.54,0.54,,,,,,,,,,,,
Isaac Schoenfeld,TE,WYO,,,0.54,,,,,,0.01,,,0.08,,,0.09,,0.54,0.54,0.54,0.54,,,,,,,,,,,,
Jason Jeffares,TE,CHAR,,,0.54,,,,,,0.01,,,0.08,,,0.09,,0.54,0.54,0.54,0.54,,,,,,,,,,,,
Roman Voss,TE,MINN,,,0.54,,,,,,0.01,,,0.08,,,0.09,,0.54,0.54,0.54,0.54,,,,,,,,,,,,
Julian Johnson,TE,MINN,,,0.54,,,,,,0.01,,,0.08,,,0.09,,0.54,0.54,0.54,0.54,,,,,,,,,,,,
Eli Owens,TE,MICH,,,0.54,,,,,,0.01,,,0.08,,,0.09,,0.54,0.54,0.54,0.54,,,,,,,,,,,,
Jae Beasley II,TE,UNLV,,,0.54,,,,,,0.01,,,0.08,,,0.09,,0.54,0.54,0.54,0.54,,,,,,,,,,,,
Lafayette Kaiuway,TE,TCU,,,0.48,,,,,,0.01,,,0.07,,,0.08,,0.48,0.48,0.48,0.48,,,,,,,,,,,,
Dominick Barry,TE,WAKE,,,0.42,,,,,,0.01,,,0.06,,,0.07,,0.42,0.42,0.42,0.42,,,,,,,,,,,,
Israel Briggs,TE,MIA,,,0.42,,,,,,0.01,,,0.06,,,0.07,,0.42,0.42,0.42,0.42,,,,,,,,,,,,
Javery Mayberry,TE,USM,,,0.42,,,,,,0.01,,,0.06,,,0.07,,0.42,0.42,0.42,0.42,,,,,,,,,,,,
Zach Ortwerth,TE,IOWA,,,0.36,,,,,,0.01,,,0.05,,,0.06,,0.36,0.36,0.36,0.36,,,,,,,,,,,,
Will Vala III,TE,ILL,,,0.36,,,,,,0.01,,,0.05,,,0.06,,0.36,0.36,0.36,0.36,,,,,,,,,,,,
Landon Swanson,TE,CMU,,,0.36,,,,,,0.01,,,0.05,,,0.06,,0.36,0.36,0.36,0.36,,,,,,,,,,,,
Corbin Laisure,TE,COLO,,,0.3,,,,,,0.01,,,0.05,,,0.05,,0.36,0.36,0.36,0.36,,,,,,,,,,,,
Taimane Purcell,TE,CAL,,,0.18,,,,,,,,,0.03,,,0.03,,0.18,0.18,0.18,0.18,,,,,,,,,,,,
Luka Gilbert,TE,MIA,STNFRD,,0,,,,,,,,,,,,,,0,0,0,0,,,,,,,,,,,,
Gary Clinton,TE,MISSOURISTATE,LATECH,,0,,,,,,,,,,,,,,0,0,0,0,,,,,,,,,,,,
Martavious Collins,TE,FLORIDAATLANTIC,ECU,,0,,,,,,,,,,,,,,0,0,0,0,,,,,,,,,,,,
Jerry Cross,TE,MEMP,NAVY,,0,,,,,,,,,,,,,,0,0,0,0,,,,,,,,,,,,
Josh Cuevas,TE,ALA,AUB,,0,,,,,,,,,,,,,,0,0,0,0,,,,,,,,,,,,
DeShawn Hanika,TE,KANSAS,UTAH,,0,,,,,,,,,,,,,,0,0,0,0,,,,,,,,,,,,
Will Huggins,TE,OKLA,LSU,,0,,,,,,,,,,,,,,0,0,0,0,,,,,,,,,,,,
Thomas Jewett,TE,SAMHOUSTON,FIU,,0,,,,,,,,,,,,,,0,0,0,0,,,,,,,,,,,,
Josh Kattus,TE,KENTUCKY,LOU,,0,,,,,,,,,,,,,,0,0,0,0,,,,,,,,,,,,
Grant Leeper,TE,MIAOH,BALLST,,0,,,,,,,,,,,,,,0,0,0,0,,,,,,,,,,,,
Harry Lodge,TE,WAKE,DUKE,,0.42,,,,,,0.01,,,0.06,,,0.07,,0.42,0.42,0.42,0.42,,,,,,,,,,,,
Rayfield Lotten,TE,SAMHOUSTON,FIU,,0,,,,,,,,,,,,,,0,0,0,0,,,,,,,,,,,,
Reid Mikeska,TE,FLORIDAATLANTIC,ECU,,0,,,,,,,,,,,,,,0,0,0,0,,,,,,,,,,,,
Matthew Ogunniyi,TE,MASSACHUSETTS,BGSU,,0,,,,,,,,,,,,,,0,0,0,0,,,,,,,,,,,,
Jaxxon Warren,TE,COLORADOSTATE,AF,,0,,,,,,0,0,0,0,0,0,,,0,0,0,0,,,,,,,,,,,,
Amaree Williams,TE,FSU,FLA,,0,,,,,,0,0,0,0,0,0,,,0,0,0,0,,,,,,,,,,,,
Weston Wolff,TE,SOUTHFLORIDA,RICE,,0,,,,,,0,0,0,0,0,0,,,0,0,0,0,,,,,,,,,,,,
Matt Ludwig,TE,TEXASTECH,ORST,,1.8,,,,,,0.03,0,0,0.27,0,0,0.3,,1.8,1.8,1.8,1.8,,,,,,,,,,,,
Keayen Nead,TE,BYU,ARI,,0.78,,,,,,0.01,0,0,0.12,0,0,0.13,,0.78,0.78,0.78,0.78,,,,,,,,,,,,
Brady Rhoads,TE,UNCCHARLOTTE,MISS,,0,,,,,,0,0,0,0,0,0,,,0,0,0,0,,,,,,,,,,,,
Will Swartz,TE,RICE,ND,,0,,,,,,0,0,0,0,0,0,,,0,0,0,0,,,,,,,,,,,,
Elijah Washington-Baker,TE,SYRACUSE,CAL,,0,,,,,,0,0,0,0,0,0,,,0,0,0,0,,,,,,,,,,,,
Haynes King,,,,,12.45,,,,,,,79.5,,,19.5,2.55,,,,,,,,,,,,,,,,,,
Jackson Bennee,,,,,3.78,,,,,,,,,,17.46,2.03,,,,,,,,,,,,,,,,,,
Max Cutforth,,,,,3.54,,88.5,,,,,,,,,,,,,,,,,,,,,,,,,,,
Barion Brown,,,,,2.05,,,,,,,,,,20.5,,,,,,,,,,,,,,,,,,,
Bryce Dixon,,,,,1.95,,,,,,,,,,19.5,,,,,,,,,,,,,,,,,,,
Kaleb Mathis,,,,,,,,,,,,,,,,,0.5,,,,,,,,,,,,,,,,,
Kai Rios,,,,,,,,,,,,,,,,,0.5,,,,,,,,,,,,,,,,,
Lucian Anderson III,,,,,,,,,,,,,,,,,0.5,,,,,,,,,,,,,,,,,
Kendrick Bell,,,,,,,,,,,,,,,,,0.5,,,,,,,,,,,,,,,,,
Joshua Harriott,,,,,,,,,,,,,,,,,0.5,,,,,,,,,,,,,,,,,
Aidan Warner,,,,,,,,,,,,,,,,,0.5,,,,,,,,,,,,,,,,,
Tucker Holloway,,,,,,,,,,,,,,,,,0.5,,,,,,,,,,,,,,,,,
Julian Nixon,,,,,,,,,,,,,,,,,0.5,,,,,,,,,,,,,,,,,
Rusty VanWetzinga IV,,,,,,,,,,,,,,,,,0.5,,,,,,,,,,,,,,,,,
Carter Eck,,,,,,,,,,,,,,,,,0.09,,,,,,,,,,,,,,,,,
Taizaun Burns,,,,,,,,,,,,,,,,,0.05,,,,,,,,,,,,,,,,,
New Mexico State Aggies D/ST,,,,,,,,,,,,,,,,,0.06,,,,,,,,,,,,,,,,,
Central Michigan Chippewas D/ST,,,,,,,,,,,,,,,,,0.04,,,,,,,,,,,,,,,,,
UNLV Rebels D/ST,,,,,,,,,,,,,,,,,0.06,,,,,,,,,,,,,,,,,
Hawaii Rainbow Warriors D/ST,,,,,,,,,,,,,,,,,0.04,,,,,,,,,,,,,,,,,
UNLV Rebels Defense,,,,,,,,,,,,,,,,,0.07,,,,,,,,,,,,,,,,,
Hawaii Rainbow Warriors Defense,,,,,,,,,,,,,,,,,0.04,,,,,,,,,,,,,,,,,
UCLA Bruins Defense,,,,,,,,,,,,,,,,,0.08,,,,,,,,,,,,,,,,,
Western Kentucky Hilltoppers D/ST,,,,,,,,,,,,,,,,,0.06,,,,,,,,,,,,,,,,,
Western Kentucky Hilltoppers Defense,,,,,,,,,,,,,,,,,0.05,,,,,,,,,,,,,,,,,
Washington State Cougars D/ST,,,,,,,,,,,,,,,,,0.1,,,,,,,,,,,,,,,,,
Washington State Cougars Defense,,,,,,,,,,,,,,,,,0.07,,,,,,,,,,,,,,,,,
Ole Miss Rebels D/ST,,,,,,,,,,,,,,,,,0.14,,,,,,,,,,,,,,,,,
Louisville Cardinals D/ST,,,,,,,,,,,,,,,,,0.13,,,,,,,,,,,,,,,,,
Ole Miss Rebels Defense,,,,,,,,,,,,,,,,,0.15,,,,,,,,,,,,,,,,,
Louisville Cardinals Defense,,,,,,,,,,,,,,,,,0.11,,,,,,,,,,,,,,,,,
Notre Dame Fighting Irish Defense,,,,,,,,,,,,,,,,,0.15,,,,,,,,,,,,,,,,,
Wisconsin Badgers Defense,,,,,,,,,,,,,,,,,0.08,,,,,,,,,,,,,,,,,
Wisconsin Badgers D/ST,,,,,,,,,,,,,,,,,0.09,,,,,,,,,,,,,,,,,
Notre Dame Fighting Irish D/ST,,,,,,,,,,,,,,,,,0.11,,,,,,,,,,,,,,,,,
SMU Mustangs D/ST,,,,,,,,,,,,,,,,,0.14,,,,,,,,,,,,,,,,,
Florida International Panthers D/ST,,,,,,,,,,,,,,,,,0.13,,,,,,,,,,,,,,,,,
SMU Mustangs Defense,,,,,,,,,,,,,,,,,0.15,,,,,,,,,,,,,,,,,
Florida State Seminoles Defense,,,,,,,,,,,,,,,,,0.12,,,,,,,,,,,,,,,,,
California Golden Bears Defense,,,,,,,,,,,,,,,,,0.03,,,,,,,,,,,,,,,,,
California Golden Bears D/ST,,,,,,,,,,,,,,,,,0.04,,,,,,,,,,,,,,,,,
UCLA Bruins D/ST,,,,,,,,,,,,,,,,,0.04,,,,,,,,,,,,,,,,,
Oklahoma State Cowboys D/ST,,,,,,,,,,,,,,,,,0.15,,,,,,,,,,,,,,,,,
Michigan State Spartans D/ST,,,,,,,,,,,,,,,,,0.13,,,,,,,,,,,,,,,,,
Ohio State Buckeyes D/ST,,,,,,,,,,,,,,,,,0.15,,,,,,,,,,,,,,,,,
Texas Tech Red Raiders D/ST,,,,,,,,,,,,,,,,,0.14,,,,,,,,,,,,,,,,,
Boston College Eagles D/ST,,,,,,,,,,,,,,,,,0.13,,,,,,,,,,,,,,,,,
Rutgers Scarlet Knights D/ST,,,,,,,,,,,,,,,,,0.12,,,,,,,,,,,,,,,,,
Missouri State Bears D/ST,,,,,,,,,,,,,,,,,0.14,,,,,,,,,,,,,,,,,
Kansas State Wildcats D/ST,,,,,,,,,,,,,,,,,0.12,,,,,,,,,,,,,,,,,
Jude James,,,,,,,,,,,,,,,,,0.09,,,,,,,,,,,,,,,,,
Oklahoma State Cowboys Defense,,,,,,,,,,,,,,,,,0.12,,,,,,,,,,,,,,,,,
Michigan State Spartans Defense,,,,,,,,,,,,,,,,,0.1,,,,,,,,,,,,,,,,,
Texas Tech Red Raiders Defense,,,,,,,,,,,,,,,,,0.11,,,,,,,,,,,,,,,,,
Ohio State Buckeyes Defense,,,,,,,,,,,,,,,,,0.11,,,,,,,,,,,,,,,,,
Missouri State Bears Defense,,,,,,,,,,,,,,,,,0.12,,,,,,,,,,,,,,,,,
Kansas State Wildcats Defense,,,,,,,,,,,,,,,,,0.1,,,,,,,,,,,,,,,,,
Alabama Crimson Tide Defense,,,,,,,,,,,,,,,,,0.15,,,,,,,,,,,,,,,,,
Kent State Golden Flashes Defense,,,,,,,,,,,,,,,,,0.1,,,,,,,,,,,,,,,,,
NC State Wolfpack Defense,,,,,,,,,,,,,,,,,0.16,,,,,,,,,,,,,,,,,
Richmond Spiders Defense,,,,,,,,,,,,,,,,,0.06,,,,,,,,,,,,,,,,,
Rutgers Scarlet Knights Defense,,,,,,,,,,,,,,,,,0.17,,,,,,,,,,,,,,,,,
Boston College Eagles Defense,,,,,,,,,,,,,,,,,0.15,,,,,,,,,,,,,,,,,
Pat McQuaide,,,,,,,,,,,,,,,,,0.09,,,,,,,,,,,,,,,,,
Villanova Wildcats Defense,,,,,,,,,,,,,,,,,0.04,,,,,,,,,,,,,,,,,
Virginia Tech Hokies Defense,,,,,,,,,,,,,,,,,0.22,,,,,,,,,,,,,,,,,
Norfolk State Spartans Defense,,,,,,,,,,,,,,,,,0.03,,,,,,,,,,,,,,,,,
Army Black Knights Defense,,,,,,,,,,,,,,,,,0.11,,,,,,,,,,,,,,,,,
Southern Mississippi Golden Eagles Defense,,,,,,,,,,,,,,,,,0.11,,,,,,,,,,,,,,,,,
Kavon Pointer,,,,,,,,,,,,,,,,,0.09,,,,,,,,,,,,,,,,,
Oregon State Beavers D/ST,,,,,,,,,,,,,,,,,0.16,,,,,,,,,,,,,,,,,
Purdue Boilermakers D/ST,,,,,,,,,,,,,,,,,0.13,,,,,,,,,,,,,,,,,
Wake Forest Demon Deacons D/ST,,,,,,,,,,,,,,,,,0.12,,,,,,,,,,,,,,,,,
Arizona State Sun Devils D/ST,,,,,,,,,,,,,,,,,0.12,,,,,,,,,,,,,,,,,
Alabama Crimson Tide D/ST,,,,,,,,,,,,,,,,,0.15,,,,,,,,,,,,,,,,,
Kent State Golden Flashes D/ST,,,,,,,,,,,,,,,,,0.12,,,,,,,,,,,,,,,,,
BYU Cougars D/ST,,,,,,,,,,,,,,,,,0.15,,,,,,,,,,,,,,,,,
Tei Nacua,,,,,,,,,,,,,,,,,0.09,,,,,,,,,,,,,,,,,
Illinois Fighting Illini D/ST,,,,,,,,,,,,,,,,,0.14,,,,,,,,,,,,,,,,,
Duke Blue Devils D/ST,,,,,,,,,,,,,,,,,0.13,,,,,,,,,,,,,,,,,
Arizona State Sun Devils Defense,,,,,,,,,,,,,,,,,0.1,,,,,,,,,,,,,,,,,
Syracuse Orange D/ST,,,,,,,,,,,,,,,,,0.12,,,,,,,,,,,,,,,,,
Mississippi State Bulldogs D/ST,,,,,,,,,,,,,,,,,0.13,,,,,,,,,,,,,,,,,
Minnesota Golden Gophers D/ST,,,,,,,,,,,,,,,,,0.12,,,,,,,,,,,,,,,,,
Pittsburgh Panthers D/ST,,,,,,,,,,,,,,,,,0.14,,,,,,,,,,,,,,,,,
UCF Knights D/ST,,,,,,,,,,,,,,,,,0.13,,,,,,,,,,,,,,,,,
Boise State Broncos D/ST,,,,,,,,,,,,,,,,,0.15,,,,,,,,,,,,,,,,,
Memphis Tigers D/ST,,,,,,,,,,,,,,,,,0.13,,,,,,,,,,,,,,,,,
Tennessee Volunteers D/ST,,,,,,,,,,,,,,,,,0.14,,,,,,,,,,,,,,,,,
Georgia Tech Yellow Jackets D/ST,,,,,,,,,,,,,,,,,0.11,,,,,,,,,,,,,,,,,
Iowa State Cyclones D/ST,,,,,,,,,,,,,,,,,0.12,,,,,,,,,,,,,,,,,
Utah State Aggies D/ST,,,,,,,,,,,,,,,,,0.15,,,,,,,,,,,,,,,,,
Arkansas State Red Wolves D/ST,,,,,,,,,,,,,,,,,0.11,,,,,,,,,,,,,,,,,
Oregon State Beavers Defense,,,,,,,,,,,,,,,,,0.21,,,,,,,,,,,,,,,,,
Eastern Michigan Eagles D/ST,,,,,,,,,,,,,,,,,0.15,,,,,,,,,,,,,,,,,
Appalachian State Mountaineers D/ST,,,,,,,,,,,,,,,,,0.12,,,,,,,,,,,,,,,,,
Army Black Knights D/ST,,,,,,,,,,,,,,,,,0.12,,,,,,,,,,,,,,,,,
Southern Mississippi Golden Eagles D/ST,,,,,,,,,,,,,,,,,0.09,,,,,,,,,,,,,,,,,
Mississippi State Bulldogs Defense,,,,,,,,,,,,,,,,,0.14,,,,,,,,,,,,,,,,,
Minnesota Golden Gophers Defense,,,,,,,,,,,,,,,,,0.13,,,,,,,,,,,,,,,,,
Utah State Aggies Defense,,,,,,,,,,,,,,,,,0.23,,,,,,,,,,,,,,,,,
Arkansas State Red Wolves Defense,,,,,,,,,,,,,,,,,0.09,,,,,,,,,,,,,,,,,
Pittsburgh Panthers Defense,,,,,,,,,,,,,,,,,0.14,,,,,,,,,,,,,,,,,
Virginia Tech Hokies D/ST,,,,,,,,,,,,,,,,,0.15,,,,,,,,,,,,,,,,,
Old Dominion Monarchs D/ST,,,,,,,,,,,,,,,,,0.12,,,,,,,,,,,,,,,,,
Penn State Nittany Lions D/ST,,,,,,,,,,,,,,,,,0.15,,,,,,,,,,,,,,,,,
Temple Owls D/ST,,,,,,,,,,,,,,,,,0.09,,,,,,,,,,,,,,,,,
Georgia Tech Yellow Jackets Defense,,,,,,,,,,,,,,,,,0.31,,,,,,,,,,,,,,,,,
Maryland Terrapins D/ST,,,,,,,,,,,,,,,,,0.15,,,,,,,,,,,,,,,,,
UConn Huskies D/ST,,,,,,,,,,,,,,,,,0.13,,,,,,,,,,,,,,,,,
UTSA Roadrunners D/ST,,,,,,,,,,,,,,,,,0.13,,,,,,,,,,,,,,,,,
UAB Blazers D/ST,,,,,,,,,,,,,,,,,0.13,,,,,,,,,,,,,,,,,
UL Monroe Warhawks D/ST,,,,,,,,,,,,,,,,,0.11,,,,,,,,,,,,,,,,,
Northern Illinois Huskies D/ST,,,,,,,,,,,,,,,,,0.13,,,,,,,,,,,,,,,,,
Vanderbilt Commodores D/ST,,,,,,,,,,,,,,,,,0.17,,,,,,,,,,,,,,,,,
Delaware Blue Hens D/ST,,,,,,,,,,,,,,,,,0.14,,,,,,,,,,,,,,,,,
Nebraska Cornhuskers D/ST,,,,,,,,,,,,,,,,,0.15,,,,,,,,,,,,,,,,,
Bowling Green Falcons D/ST,,,,,,,,,,,,,,,,,0.09,,,,,,,,,,,,,,,,,
Santonyo Isaac,,,,,,,,,,,,,,,,,0.13,,,,,,,,,,,,,,,,,
Iowa State Cyclones Defense,,,,,,,,,,,,,,,,,0.07,,,,,,,,,,,,,,,,,
Boise State Broncos Defense,,,,,,,,,,,,,,,,,0.15,,,,,,,,,,,,,,,,,
Memphis Tigers Defense,,,,,,,,,,,,,,,,,0.11,,,,,,,,,,,,,,,,,
Rice Owls Defense,,,,,,,,,,,,,,,,,0.04,,,,,,,,,,,,,,,,,
Syracuse Orange Defense,,,,,,,,,,,,,,,,,0.13,,,,,,,,,,,,,,,,,
Old Dominion Monarchs Defense,,,,,,,,,,,,,,,,,0.12,,,,,,,,,,,,,,,,,
Rice Owls D/ST,,,,,,,,,,,,,,,,,0.09,,,,,,,,,,,,,,,,,
Buffalo Bulls D/ST,,,,,,,,,,,,,,,,,0.14,,,,,,,,,,,,,,,,,
Jacksonville State Gamecocks D/ST,,,,,,,,,,,,,,,,,0.11,,,,,,,,,,,,,,,,,
Kennesaw State Owls D/ST,,,,,,,,,,,,,,,,,0.16,,,,,,,,,,,,,,,,,
Marshall Thundering Herd D/ST,,,,,,,,,,,,,,,,,0.15,,,,,,,,,,,,,,,,,
Middle Tennessee Blue Raiders D/ST,,,,,,,,,,,,,,,,,0.11,,,,,,,,,,,,,,,,,
Tulsa Golden Hurricane D/ST,,,,,,,,,,,,,,,,,0.15,,,,,,,,,,,,,,,,,
Sam Houston State Bearkats D/ST,,,,,,,,,,,,,,,,,0.11,,,,,,,,,,,,,,,,,
Tulane Green Wave D/ST,,,,,,,,,,,,,,,,,0.13,,,,,,,,,,,,,,,,,
San Jose State Spartans D/ST,,,,,,,,,,,,,,,,,0.11,,,,,,,,,,,,,,,,,
Clemson Tigers D/ST,,,,,,,,,,,,,,,,,0.18,,,,,,,,,,,,,,,,,
Navy Midshipmen D/ST,,,,,,,,,,,,,,,,,0.13,,,,,,,,,,,,,,,,,
LSU Tigers D/ST,,,,,,,,,,,,,,,,,0.16,,,,,,,,,,,,,,,,,
Louisiana Tech Bulldogs D/ST,,,,,,,,,,,,,,,,,0.11,,,,,,,,,,,,,,,,,
David Pierro,,,,,,,,,,,,,,,,,0.06,,,,,,,,,,,,,,,,,
USC Trojans Defense,,,,,,,,,,,,,,,,,0.15,,,,,,,,,,,,,,,,,
Penn State Nittany Lions Defense,,,,,,,,,,,,,,,,,0.21,,,,,,,,,,,,,,,,,
Temple Owls Defense,,,,,,,,,,,,,,,,,0.07,,,,,,,,,,,,,,,,,
LSU Tigers Defense,,,,,,,,,,,,,,,,,0.31,,,,,,,,,,,,,,,,,
Louisiana Tech Bulldogs Defense,,,,,,,,,,,,,,,,,0.05,,,,,,,,,,,,,,,,,
Charlotte 49ers Defense,,,,,,,,,,,,,,,,,0.05,,,,,,,,,,,,,,,,,
New Mexico State Aggies Defense,,,,,,,,,,,,,,,,,0.11,,,,,,,,,,,,,,,,,
Illinois Fighting Illini Defense,,,,,,,,,,,,,,,,,0.15,,,,,,,,,,,,,,,,,
Duke Blue Devils Defense,,,,,,,,,,,,,,,,,0.11,,,,,,,,,,,,,,,,,
Jay Porter,,,,,,,,,,,,,,,,,0.08,,,,,,,,,,,,,,,,,
Damon Duke,,,,,,,,,,,,,,,,,0.08,,,,,,,,,,,,,,,,,
Kylan Fox,,,,,,,,,,,,,,,,,0.13,,,,,,,,,,,,,,,,,
Indiana Hoosiers Defense,,,,,,,,,,,,,,,,,0.26,,,,,,,,,,,,,,,,,
Kennesaw State Owls Defense,,,,,,,,,,,,,,,,,0.15,,,,,,,,,,,,,,,,,
Middle Tennessee Blue Raiders Defense,,,,,,,,,,,,,,,,,0.11,,,,,,,,,,,,,,,,,
BYU Cougars Defense,,,,,,,,,,,,,,,,,0.14,,,,,,,,,,,,,,,,,
Auburn Tigers D/ST,,,,,,,,,,,,,,,,,0.18,,,,,,,,,,,,,,,,,
Charlotte 49ers D/ST,,,,,,,,,,,,,,,,,0.1,,,,,,,,,,,,,,,,,
Air Force Falcons D/ST,,,,,,,,,,,,,,,,,0.11,,,,,,,,,,,,,,,,,
Fresno State Bulldogs D/ST,,,,,,,,,,,,,,,,,0.16,,,,,,,,,,,,,,,,,
Sacramento State Hornets D/ST,,,,,,,,,,,,,,,,,0.11,,,,,,,,,,,,,,,,,
USC Trojans D/ST,,,,,,,,,,,,,,,,,0.15,,,,,,,,,,,,,,,,,
San Jose State Spartans Defense,,,,,,,,,,,,,,,,,0.1,,,,,,,,,,,,,,,,,
Jason Llewellyn,,,,,,,,,,,,,,,,,0.15,,,,,,,,,,,,,,,,,
Luke Rauh,,,,,,,,,,,,,,,,,0.07,,,,,,,,,,,,,,,,,
Wake Forest Demon Deacons Defense,,,,,,,,,,,,,,,,,0.08,,,,,,,,,,,,,,,,,
Houston Cougars Defense,,,,,,,,,,,,,,,,,0.12,,,,,,,,,,,,,,,,,
Auburn Tigers Defense,,,,,,,,,,,,,,,,,0.12,,,,,,,,,,,,,,,,,
Traville Frederick Jr.,,,,,,,,,,,,,,,,,0.08,,,,,,,,,,,,,,,,,
Gordon Sellars III,,,,,,,,,,,,,,,,,0.03,,,,,,,,,,,,,,,,,
Houston Cougars D/ST,,,,,,,,,,,,,,,,,0.15,,,,,,,,,,,,,,,,,
Bryson Jones,,,,,,,,,,,,,,,,,0.1,,,,,,,,,,,,,,,,,
Coastal Carolina Chanticleers D/ST,,,,,,,,,,,,,,,,,0.15,,,,,,,,,,,,,,,,,
Akron Zips D/ST,,,,,,,,,,,,,,,,,0.13,,,,,,,,,,,,,,,,,
NC State Wolfpack D/ST,,,,,,,,,,,,,,,,,0.14,,,,,,,,,,,,,,,,,
Wyoming Cowboys D/ST,,,,,,,,,,,,,,,,,0.15,,,,,,,,,,,,,,,,,
Toledo Rockets D/ST,,,,,,,,,,,,,,,,,0.14,,,,,,,,,,,,,,,,,
Cincinnati Bearcats D/ST,,,,,,,,,,,,,,,,,0.15,,,,,,,,,,,,,,,,,
Miami (OH) RedHawks D/ST,,,,,,,,,,,,,,,,,0.11,,,,,,,,,,,,,,,,,
UTEP Miners D/ST,,,,,,,,,,,,,,,,,0.1,,,,,,,,,,,,,,,,,
Stanford Cardinal D/ST,,,,,,,,,,,,,,,,,0.14,,,,,,,,,,,,,,,,,
Liberty Flames D/ST,,,,,,,,,,,,,,,,,0.14,,,,,,,,,,,,,,,,,
Ball State Cardinals D/ST,,,,,,,,,,,,,,,,,0.11,,,,,,,,,,,,,,,,,
Indiana Hoosiers D/ST,,,,,,,,,,,,,,,,,0.19,,,,,,,,,,,,,,,,,
Clemson Tigers Defense,,,,,,,,,,,,,,,,,0.11,,,,,,,,,,,,,,,,,
Northern Illinois Huskies Defense,,,,,,,,,,,,,,,,,0.1,,,,,,,,,,,,,,,,,
Colorado State Rams D/ST,,,,,,,,,,,,,,,,,0.15,,,,,,,,,,,,,,,,,
Keylen Adams,,,,,,,,,,,,,,,,,0.09,,,,,,,,,,,,,,,,,
Tulane Green Wave Defense,,,,,,,,,,,,,,,,,0.09,,,,,,,,,,,,,,,,,
Stanford Cardinal Defense,,,,,,,,,,,,,,,,,0.09,,,,,,,,,,,,,,,,,
Nevada Wolf Pack D/ST,,,,,,,,,,,,,,,,,0.15,,,,,,,,,,,,,,,,,
Troy Trojans D/ST,,,,,,,,,,,,,,,,,0.12,,,,,,,,,,,,,,,,,
UTSA Roadrunners Defense,,,,,,,,,,,,,,,,,0.07,,,,,,,,,,,,,,,,,
Vanderbilt Commodores Defense,,,,,,,,,,,,,,,,,0.13,,,,,,,,,,,,,,,,,
TCU Horned Frogs D/ST,,,,,,,,,,,,,,,,,0.17,,,,,,,,,,,,,,,,,
James Madison Dukes D/ST,,,,,,,,,,,,,,,,,0.15,,,,,,,,,,,,,,,,,
Northwestern Wildcats D/ST,,,,,,,,,,,,,,,,,0.15,,,,,,,,,,,,,,,,,
North Dakota State Bison D/ST,,,,,,,,,,,,,,,,,0.19,,,,,,,,,,,,,,,,,
North Carolina Tar Heels D/ST,,,,,,,,,,,,,,,,,0.13,,,,,,,,,,,,,,,,,
North Texas Mean Green D/ST,,,,,,,,,,,,,,,,,0.14,,,,,,,,,,,,,,,,,
UTEP Miners Defense,,,,,,,,,,,,,,,,,0.04,,,,,,,,,,,,,,,,,
Purdue Boilermakers Defense,,,,,,,,,,,,,,,,,0.12,,,,,,,,,,,,,,,,,
Colorado State Rams Defense,,,,,,,,,,,,,,,,,0.12,,,,,,,,,,,,,,,,,
Tennessee Volunteers Defense,,,,,,,,,,,,,,,,,0.22,,,,,,,,,,,,,,,,,
Miami (OH) RedHawks Defense,,,,,,,,,,,,,,,,,0.12,,,,,,,,,,,,,,,,,
Xavier Daisy,,,,,,,,,,,,,,,,,0.03,,,,,,,,,,,,,,,,,
Micah Jones,,,,,,,,,,,,,,,,,0.02,,,,,,,,,,,,,,,,,
Justin Williams,,,,,,,,,,,,,,,,,0.01,,,,,,,,,,,,,,,,,
Joshua Burrell,,,,,,,,,,,,,,,,,0.11,,,,,,,,,,,,,,,,,
Triston White,,,,,,,,,,,,,,,,,0.06,,,,,,,,,,,,,,,,,
Rex Haynes,,,,,,,,,,,,,,,,,0.06,,,,,,,,,,,,,,,,,
Maryland Terrapins Defense,,,,,,,,,,,,,,,,,0.14,,,,,,,,,,,,,,,,,
Portland State Vikings Defense,,,,,,,,,,,,,,,,,0.04,,,,,,,,,,,,,,,,,
Murray State Racers Defense,,,,,,,,,,,,,,,,,0.06,,,,,,,,,,,,,,,,,
Fresno State Bulldogs Defense,,,,,,,,,,,,,,,,,0.15,,,,,,,,,,,,,,,,,
James Madison Dukes Defense,,,,,,,,,,,,,,,,,0.12,,,,,,,,,,,,,,,,,
Northwestern Wildcats Defense,,,,,,,,,,,,,,,,,0.14,,,,,,,,,,,,,,,,,
North Carolina Tar Heels Defense,,,,,,,,,,,,,,,,,0.1,,,,,,,,,,,,,,,,,
Northern Iowa Panthers Defense,,,,,,,,,,,,,,,,,0.04,,,,,,,,,,,,,,,,,
Tanner Beaman,,,,,,,,,,,,,,,,,0.09,,,,,,,,,,,,,,,,,
Cru Newman,,,,,,,,,,,,,,,,,0.1,,,,,,,,,,,,,,,,,
Niall Raby,,,,,,,,,,,,,,,,,0.04,,,,,,,,,,,,,,,,,
Devon Anderson,,,,,,,,,,,,,,,,,0.06,,,,,,,,,,,,,,,,,
Darius Bailey,,,,,,,,,,,,,,,,,0.07,,,,,,,,,,,,,,,,,
Bowling Green Falcons Defense,,,,,,,,,,,,,,,,,0.05,,,,,,,,,,,,,,,,,
Miles Marshall,,,,,,,,,,,,,,,,,0.09,,,,,,,,,,,,,,,,,
Quade Chatmon,,,,,,,,,,,,,,,,,0.04,,,,,,,,,,,,,,,,,
Aidan Dunne,,,,,,,,,,,,,,,,,0.05,,,,,,,,,,,,,,,,,
Collin Shannon,,,,,,,,,,,,,,,,,0.07,,,,,,,,,,,,,,,,,
KD Mosley,,,,,,,,,,,,,,,,,0.09,,,,,,,,,,,,,,,,,
Mason Jordan,,,,,,,,,,,,,,,,,0.05,,,,,,,,,,,,,,,,,
Pearce Spurlin III,,,,,,,,,,,,,,,,,0.15,,,,,,,,,,,,,,,,,
Eastern Michigan Eagles Defense,,,,,,,,,,,,,,,,,0.06,,,,,,,,,,,,,,,,,
Langston Hardy,,,,,,,,,,,,,,,,,,0.22,,,,,,,,,,,,,,,,
Gabe Kirschke,,,,,,,,,,,,,,,,,,0.21,,,,,,,,,,,,,,,,
Dallas Afalava,,,,,,,,,,,,,,,,,,0.19,,,,,,,,,,,,,,,,
Aiden Hall,,,,,,,,,,,,,,,,,,0.12,,,,,,,,,,,,,,,,
Davaughn Patterson,,,,,,,,,,,,,,,,,,0.09,,,,,,,,,,,,,,,,
Jamond Mathis,,,,,,,,,,,,,,,,,,0.42,,,,,,,,,,,,,,,,
Adam Trick,,,,,,,,,,,,,,,,,,0.41,,,,,,,,,,,,,,,,
A.J. Holmes Jr.,,,,,,,,,,,,,,,,,,0.34,,,,,,,,,,,,,,,,
Mateen Ibirogba,,,,,,,,,,,,,,,,,,0.3,,,,,,,,,,,,,,,,
Ben Roberts,,,,,,,,,,,,,,,,,,0.16,,,,,,,,,,,,,,,,
John Curry,,,,,,,,,,,,,,,,,,0.14,,,,,,,,,,,,,,,,
Brenden Jordan,,,,,,,,,,,,,,,,,,0.06,,,,,,,,,,,,,,,,
Peyton Morgan,,,,,,,,,,,,,,,,,,0.06,,,,,,,,,,,,,,,,
Yhonzae Pierre,,,,,,,,,,,,,,,,,,0.46,,,,,,,,,,,,,,,,
Devan Thompkins,,,,,,,,,,,,,,,,,,0.37,,,,,,,,,,,,,,,,
Luke Metz,,,,,,,,,,,,,,,,,,0.24,,,,,,,,,,,,,,,,
Caleb Woodson,,,,,,,,,,,,,,,,,,0.23,,,,,,,,,,,,,,,,
Bray Hubbard,,,,,,,,,,,,,,,,,,0.17,,,,,,,,,,,,,,,,
Suntarine Perkins,,,,,,,,,,,,,,,,,,0.35,,,,,,,,,,,,,,,,
Kam Franklin,,,,,,,,,,,,,,,,,,0.25,,,,,,,,,,,,,,,,
Will Echoles,,,,,,,,,,,,,,,,,,0.21,,,,,,,,,,,,,,,,
Luke Ferrelli,,,,,,,,,,,,,,,,,,0.17,,,,,,,,,,,,,,,,
Keaton Thomas,,,,,,,,,,,,,,,,,,0.15,,,,,,,,,,,,,,,,
North Dakota State Bison Defense,,,,,,,,,,,,,,,,,0.15,,,,,,,,,,,,,,,,,
Sacramento State Hornets Defense,,,,,,,,,,,,,,,,,0.08,,,,,,,,,,,,,,,,,
Akron Zips Defense,,,,,,,,,,,,,,,,,0.07,,,,,,,,,,,,,,,,,
TCU Horned Frogs Defense,,,,,,,,,,,,,,,,,0.17,,,,,,,,,,,,,,,,,
Edward Robinson,,,,,,,,,,,,,,,,,0.05,,,,,,,,,,,,,,,,,
Baylor Bears D/ST,,,,,,,,,,,,,,,,,0.15,,,,,,,,,,,,,,,,,
Sam Houston State Bearkats Defense,,,,,,,,,,,,,,,,,0.07,,,,,,,,,,,,,,,,,
Liberty Flames Defense,,,,,,,,,,,,,,,,,0.14,,,,,,,,,,,,,,,,,
Coastal Carolina Chanticleers Defense,,,,,,,,,,,,,,,,,0.12,,,,,,,,,,,,,,,,,
UMass Minutemen D/ST,,,,,,,,,,,,,,,,,0.14,,,,,,,,,,,,,,,,,
Appalachian State Mountaineers Defense,,,,,,,,,,,,,,,,,0.1,,,,,,,,,,,,,,,,,
Delaware Blue Hens Defense,,,,,,,,,,,,,,,,,0.11,,,,,,,,,,,,,,,,,
Navy Midshipmen Defense,,,,,,,,,,,,,,,,,0.13,,,,,,,,,,,,,,,,,
Nebraska Cornhuskers Defense,,,,,,,,,,,,,,,,,0.15,,,,,,,,,,,,,,,,,
Central Michigan Chippewas Defense,,,,,,,,,,,,,,,,,0.05,,,,,,,,,,,,,,,,,
Air Force Falcons Defense,,,,,,,,,,,,,,,,,0.15,,,,,,,,,,,,,,,,,
Nevada Wolf Pack Defense,,,,,,,,,,,,,,,,,0.1,,,,,,,,,,,,,,,,,
Baylor Bears Defense,,,,,,,,,,,,,,,,,0.14,,,,,,,,,,,,,,,,,
Zayne DeSouza,,,,,,,,,,,,,,,,,0.05,,,,,,,,,,,,,,,,,
Ben Gula,,,,,,,,,,,,,,,,,0.05,,,,,,,,,,,,,,,,,
Jacob Swain,,,,,,,,,,,,,,,,,0.05,,,,,,,,,,,,,,,,,
Gavin Spillers,,,,,,,,,,,,,,,,,0.06,,,,,,,,,,,,,,,,,
UCF Knights Defense,,,,,,,,,,,,,,,,,0.11,,,,,,,,,,,,,,,,,
Tulsa Golden Hurricane Defense,,,,,,,,,,,,,,,,,0.09,,,,,,,,,,,,,,,,,